cand_parcelnumb_no_formatting,query_Address,cand_address,cand_usecode,cand_usedesc,cand_zoning,cand_zoning_description,cand_numunits,cand_parvaltype,cand_parval,exemption value,cand_owner,cand_mailadd,cand_saddno,cand_saddstr,cand_county,cand_gisacre,cand_ll_gisacre,query_Applicant / Entity,query_Property Name,query_City,query_County,query_Grant Description,query_Resolution,query_Date,query_Investor 1,query_Investor 2,query_Nonprofit Partner,query_Link,query_New build?,query_Acquisition Price (M),query_Acquisition Date,query_TOTAL UNITS,query_Rent Restricted,PERCENT AFFORDABLE,ESTIMATED VALUE OF EXEMPTION IF IT GOES THROUGH,query_Built,query_HAVE RECIEVED WELFARE TAX EXEMPTION,query_Leasing Link,query_APN No. 1,query_APN No. 2,query_Unnamed: 22,query_Property Taxes Link,query_23 Ass. Value,query_25 Ass. Value,query_Unnamed: 26,query_City's Cut,query_ED 1?,query_Last Tax Amt,query_Last Tax Yr,query_Current Amt,query_Current Yr,query_address_number
5518013007,103 S EDGEMONT STREET LOS ANGELES CA 90004,103 S EDGEMONT ST LOS ANGELES CA 90004-5551,500,Residential - Five or more apartments,R3-1,Multiple Residential,40,GROSS ASSESSED,"$10,674,504.00",,1641 ALEXANDRIA LLC AND,345 N MAPLE DR STE 135,103,EDGEMONT,los-angeles,,0.27005,103 S Edgemont LLLP,Edgemont Apartments,Los Angeles,Los Angeles,"Approve application for proposed grant up to $10,000",25-452,9/19/2025,K3 Holdings,,"Kingdom Development, Inc.",,NO,,,43,43,1,"$10,674,504.00",,,,,,,,,,,"$6,450",,,,,,103
5080006008,1057 S WESTERN AVENUE LOS ANGELES CA,1057 S WESTERN AVE LOS ANGELES CA 90006-2344,500,Residential - Five or more apartments,C2-1,Commercial,76,GROSS ASSESSED,"$14,010,916.00",,WESTERN 19 LLC,345 N MAPLE DR STE 135,1057,WESTERN,los-angeles,,0.367,Western 19 LLLP,Western Apartments,Los Angeles,Los Angeles,"Grant up to $10,000",25-496,10/10/2025,K3 Holdings,,"Kingdom Development, Inc.",,NO,,,76,76,1,"$14,010,916.00",,,,,,,,,,,"$11,400",,,,,,1057
6063029029,10705 AVALON BLVD LOS ANGELES CA,10705 AVALON BLVD LOS ANGELES CA 90061-2521,1100,Commercial - Stores,[Q]R4-1,Qualified Multiple Residential,0,GROSS ASSESSED,"$936,360.00",,BIF NON OZ 10705 AVALON BLVD LP,1000 E 60TH ST,10705,AVALON,los-angeles,,0.25721,"PS 10705 Avalon Blvd, LP",10705 Avalon Blvd Apartments,Los Angeles,Los Angeles,,,10/24/2025,California State Teachers’ Retirement System,,Housing on Merit,,YES,,,68,68,1,"$936,360.00",,,,,,,,,,,"$10,200",YES,,,,,10705
6070003041,10811 S COMPTON AVENUE LOS ANGELES CA,10811 COMPTON AVE LOS ANGELES CA 90059-1143,,,C2-1VL-CPIO,Commercial Very Limited Height Community Plan Implementation Overlay,2,,,,,,10811,COMPTON,los-angeles,,0.16215,10811 S. Compton Ave Apartments,10811 S. Compton Ave Apartments,Los Angeles,Los Angeles,,,6/27/2025,"SoLa Impact, LLC",,Housing on Merit,,YES,,,29,28,0.9655172414,$0.00,,,,,,,,,,,"$4,200",,,,,,10811
2421011010,10910 HUSTON ST NORTH HOLLYWOOD CA 91601,10910 HUSTON ST NORTH HOLLYWOOD CA 91601-4618,100,Residential - Single,[Q]R3-1,Qualified Multiple Residential,1,GROSS ASSESSED,"$1,417,800.00",,10910 HUSTON LLC,7257 BEVERLY BLVD UNIT 212,10910,HUSTON,los-angeles,,0.1926,10910 Huston LP,Huston Affordable Housing Apartments,Los Angeles,Los Angeles,"Grant up to $10,000 (Charitable Affordable Housing)",25-353,8/8/2025,"Angeleno Investments, LP",,Las Palmas Housing & Development Corporation,,YES,,,38,37,0.9736842105,"$1,380,489.47",,,,,,,,,,,"$5,550",,,,,,10910
6083001009,110 IMPERIAL HIGHWAY LOS ANGELES CA,110 E IMPERIAL HWY LOS ANGELES CA 90061-2543,3100,Industrial - Lgt Manf.Sm. EQPT. Manuf Sm.Shps Instr.Manuf. Prnt Plnts,C2-2D-CPIO,Commercial 2 Development Limitations Community Plan Implementation Overlay,0,GROSS ASSESSED,"$429,364.00",,WASHINGTONLANIS E,110 E IMPERIAL HWY,110,IMPERIAL,los-angeles,,0.2368,"BIF NON OZ 2000 Imperial Hwy Blk, LP",2023 Imperial Apartments,Los Angeles,Los Angeles,"Grant up to $10,000",24-382,9/20/2024,"SoLa Impact, LLC",,Housing on Merit,,YES,,,90,71,0.7888888889,"$338,720.49",,,,,,,,,,,"$10,650",,,,,,110
39612209,1100-1200 E FAIRHAVEN AVENUE SANTA ANA CA,1100.0 FAIRHAVEN AVE SANTA ANA CA 92705-6754,2,,R4,Suburban Apartment,,GROSS ASSESSED,"$15,143,017.00",,BRETT GEORGE H TR G H,2309 PACIFIC COAST HWY,1100,FAIRHAVEN,orange,,2.62481,Post Arbors Santa Ana LP,The Arbors Apartments,Santa Ana,Orange,"Grant up to $10,000",24-222,6/7/2024,Ascenda Capital,Post Investment Group,Integrity Housing,,,,,160,160,1,"$15,143,017.00",1969,,,,,,,,,,"$24,000",,,,,,1100
5081006014,1111 S NORTON AVENUE LOS ANGELES CA 90019,1111 S NORTON AVE LOS ANGELES CA 90019-3363,500,Residential - Five or more apartments,R3-1-O-HPOZ,Multiple Residential Oil Drilling Historic Preservation Overlay Zone,20,GROSS ASSESSED,"$3,121,200.00",,1111 NORTON LLC,PO BOX 46342,1111,NORTON,los-angeles,,0.16144,1111 Norton LLLP,Norton Apartments,Los Angeles,Los Angeles,"Approve application for proposed grant up to $10,000",25-459,9/19/2025,K3 Holdings,,"Kingdom Development, Inc.",,NO,,,20,20,1,"$3,121,200.00",,,,,,,,,,,"$3,000",,,,,,1111
5136019023,1136 S ALVARADO STREET LOS ANGELES CA,1136 S ALVARADO ST LOS ANGELES CA 90006-4138,2600,"Commercial - Auto, Recreation EQPT, Construction EQPT, Sales & Service",C2-1-HPOZ,Commercial Historic Preservation Overlay Zone,0,GROSS ASSESSED,"$1,019,592.00",,1132 ALVARADO LLC,1401 WESTWOOD BLVD STE 300,1136,ALVARADO,los-angeles,,0.21521,"Alvarado Affordable Associates, L.P.",Alvarado Streets Apartments,Los Angeles,Los Angeles,"Grant up to $10,000",23-204,07/14/23,Taylor Equities,,"Kingdom Development, Inc.",,,,,24,24,1,"$1,019,592.00",,YES,,,,,,,,,"$3,600",,,,,,1136
31342061,1180 LOCHINVAR AVE SUNNYVALE CA 94087,1180 LOCHINVAR AVE SUNNYVALE CA 94087-5100,4,Five or more Family,R4,High Density Residential,148,ASSESSED,"$69,205,847.00",,SUNNYVALE CROSSINGS APARTMENTS LLC,4970 EL CAMINO REAL STE 220,1180,LOCHINVAR,santa-clara,4.91,5.23451,"Ethos GP I Venture, LP,",The Crossings Apartments,Sunnyvale,Santa Clara,,,11/21/2025,"Ethos GP I Venture, LP",,"Pacific Housing, Inc",,NO,,,148,148,1,"$69,205,847.00",,,,,,,,,,,"$22,200",,,,,,1180
28501900330000,1201 FULTON AVE SACRAMENTO CA 95825,1201.0 FULTON AVE SACRAMENTO CA 95825-7386,AE063A,,RD-30,High Density Multifamily Residential,63,NET ASSESSED,"$15,111,810.00",,1201 FULTON AVE TIC 1 LLCETAL,700 N SAN VICENTE BLVD #G860,1201,FULTON,sacramento,,2.95695,1201 Fulton Ave LP,The Carla Apartments,Unincorporated,Sacramento,"Grant up to $10,000",24-428,11/1/2024,"Trion Properties, Inc.",,Riverside Charitable Corporation,,NO,,,63,62,0.9841269841,"$14,871,940.00",,,,,,,,,,,"$9,300",,,,,,1201
52082450,1212 WHIPPLE AVE REDWOOD CITY CA 94062,1212 WHIPPLE AVE REDWOOD CITY CA 94062-1556,105L,,R-5,Multi Family High Density,66,MARKET,$3.20,,SFF 3 LLC,599 CASTRO ST STE 400,1212,WHIPPLE,san-mateo,,1.05333,"SFF 3, LLC",SoFi Redwood Park Apartments,Redwood City,San Mateo,"Grant up to $10,000 (Charitable Affordable Housing)",25-145,4/25/2025,The Sobrato Organization,,"Pacific Housing, Inc.",,,,12/5/2024,112,112,1,$3.20,,,https://www.theheltsley.com/,052-082-450,,,https://county-taxes.net/ca-sanmateo/services/property-tax/c2FubWF0ZW8tY2E6Z3NneF9wcm9wZXJ0eV90YXg6cGFyZW50czoxM2E3OTkwMy1kNzE2LTExZWMtOTZjMy0wMDUwNTZhNDQzNDc=,,,,"$16,800",,"$276,343.70",2025,,,1212
2321001019,12300 SHERMAN WAY NORTH HOLLYWOOD CA 91605,12300 SHERMAN WAY NORTH HOLLYWOOD CA 91605-5527,501,Residential - Five or more apartments,R3-1,Multiple Residential,236,GROSS ASSESSED,"$33,410,613.00",,POST MARQUEE NORTH HOLLYWOOD LP,8149 SANTA MONICA BLVD STE 298,12300,SHERMAN,los-angeles,,4.49406,"Post Marquee North Hollywood, LP",Marquee Apartments,Los Angeles,Los Angeles,"Grant up to $10,000",24-383,9/20/2024,Ascenda Capital,,Integrity Housing,,NO,,,236,236,1,"$33,410,613.00",1965,,,,,,,,,,"$35,400",,,,,,12300
12918108,1250 S EUCLID ST ANAHEIM CA,1250.0 S EUCLID ST ANAHEIM CA 92802-1907,2,,RM-4,Multiple Family Residential,168,GROSS ASSESSED,"$43,059,034.00",,EUCLID BALL ASSOC,PO BOX 847,1250,EUCLID,orange,,5.21546,"Coronado Owner, LP",Coronado Palms Apartments,Anaheim,Orange,"Grant up to $10,000 (Charitable Affordable Housing)",25-102,3/14/2025,TriWest Multifamily,,"Kingdom Development, Inc.",,,,,169,68,0.4023668639,"$17,325,528.47",,,,,,,,,,,"$10,200",,,,,,1250
89082034000,1260 GROVE ST HEALDSBURG CA 95448,1260 GROVE ST HEALDSBURG CA 95448-4784,49,ENFORCEABLY RESTRICTED APTS,MU,Mixed Use District,37,TOTAL ASSESSED,"$10,140,095.00",,SVI MFH LLC,DBA CITRINE APARTMENTS,1260,GROVE,sonoma,2,1.97197,"Citrine Preservation, LP",Citrine Apartments,Healdsburg,Sonoma,"Grant up to $10,000",25-485,10/10/2025,The Transcend Group,,Retail Store Employees Building Corporation,,NO,,,37,37,1,"$10,140,095.00",,,,,,,,,,,"$5,550",,,,,,1260
5518013024,130 S ALEXANDRIA AVENUE LOS ANGELES CA,130 S ALEXANDRIA AVE LOS ANGELES CA 90004-2791,500,Residential - Five or more apartments,R3-1,Multiple Residential,30,GROSS ASSESSED,"$13,742,642.00",,130 ALEXANDRIA LLC,11030 SANTA MONICA BLVD STE 300,130,ALEXANDRIA,los-angeles,,0.55033,130 Alexandria LLLP,Alexandria II Apartments,Los Angeles,Los Angeles,"Grant up to $10,000",25-487,10/10/2025,K3 Holdings,,"Kingdom Development, Inc.",,NO,,,30,30,1,"$13,742,642.00",,,,,,,,,,,"$4,500",,,,,,130
4291019006,1422-1428 6TH ST SANTA MONICA CA,1422 6TH ST SANTA MONICA CA 90401-2542,1210,Commercial - Store Combination,TA,Transit Adjacent,28,GROSS ASSESSED,"$5,022,833.00",,GC 1422 1428 6TH LP,3019 OCEAN PARK BLVD,1422,6TH,los-angeles,,0.17217,"GC 1422-1428 6th, LP",Santa Monica Portfolio A Apartments,Santa Monica,Los Angeles,"Grant up to $10,000",24-280,8/9/2024,Gortikov Capital,,"Kingdom Development, Inc.",https://www.1422on6th.com/,NO,"$17,170,000",09/12/2024,52,32,0.6153846154,"$3,090,974.15",1997,YES,,4291019006,4291019007,,,,,,"$4,800",,,,,,1422
4291020005,1422-1432 7TH SANTA MONICA CA,1422 7TH ST SANTA MONICA CA 90401-2653,500,Residential - Five or more apartments,NV,Neighborhood Village,28,GROSS ASSESSED,"$5,022,833.00",,GC 1422 1432 7TH LP,3019 OCEAN PARK BLVD STE 730,1422,7TH,los-angeles,,0.17165,"GC 1422-1432 7th, LP",Santa Monica Portfolio B Apartments,Santa Monica,Los Angeles,"Grant up to $10,000",24-281,8/9/2024,Gortikov Capital,,"Kingdom Development, Inc.",,,,,72,49,0.6805555556,"$3,418,316.90",,YES,,,,,,,,,"$7,350",,,,,,1422
4291020019,1423-1425 6TH SANTA MONICA CA,1423 6TH ST SANTA MONICA CA 90401-2593,500,Residential - Five or more apartments,NV,Neighborhood Village,24,GROSS ASSESSED,"$4,290,695.00",,GC 1423 1425 6TH LP,3019 OCEAN PARK BLVD STE 730,1423,6TH,los-angeles,,0.17268,"GC 1423-1425 6th, LP",Santa Monica Portfolio C Apartments,Santa Monica,Los Angeles,"Grant up to $10,000",24-282,8/9/2024,Gortikov Capital,,"Kingdom Development, Inc.",,,,,48,29,0.6041666667,"$2,592,294.90",,YES,,,,,,,,,"$4,350",,,,,,1423
4291024007,1522 6TH ST SANTA MONICA CA,1522 6TH ST SANTA MONICA CA 90401-2548,550,Residential - Five or more apartments,TA,Transit Adjacent,26,GROSS ASSESSED,"$4,530,218.00",,GC 1522 6TH LP,3019 OCEAN PARK BLVD STE 730,1522,6TH,los-angeles,,0.17185,"GC 1522 6th, LP",Santa Monica Portfolio D Apartments,Santa Monica,Los Angeles,"Grant up to $10,000",24-283,8/9/2024,Gortikov Capital,,"Kingdom Development, Inc.",,,,,26,25,0.9615384615,"$4,355,978.85",2004,YES,,4291024007,,,,"4,363,959","871,160",,"$3,750",,,,,,1522
4291022015,1537 7TH SANTA MONICA CA,1537 7TH ST SANTA MONICA CA 90401-2672,540,Residential - Five or more apartments,TA,Transit Adjacent,36,GROSS ASSESSED,"$4,620,825.00",,GC 1537 7TH LP,3019 OCEAN PARK BLVD STE 730,1537,7TH,los-angeles,,0.17212,"GC 1537 7th, LP",Santa Monica Portfolio E Apartments,Santa Monica,Los Angeles,"Grant up to $10,000",24-284,8/9/2024,Gortikov Capital,,"Kingdom Development, Inc.",,,"$5,390,000",9/12/2024,26,25,0.9615384615,"$4,443,100.96",,YES,,4291022015,,,,"4,469,095","532,780",,"$3,750",,,,,,1537
25404108,1700 NEWBURY PARK DR SAN JOSE CA 95133,1700 NEWBURY PARK DR SAN JOSE CA 95133-1771,4,Five or more Family,A(PD,Agriculture Planned Development,230,ASSESSED,"$110,842,508.00",,STOCKBRIDGE NEWBURY PARK LLC,4 EMBARCADERO UNIT 3000,1700,NEWBURY PARK,santa-clara,2.86,2.81564,"Ethos GP I Venture, LP",LINQ Apartments,San Jose,Santa Clara,"Grant up to $10,000 (Charitable Affordable Housing)",25-305,7/18/2025,Ethos Real Estate,,"Pacific Housing, Inc",,,,9/3/2025,230,230,1,"$110,842,508.00",,,,254-04-108,,,,,,,"$34,500",,,,,,1700
4262018026,1734 S BARRINGTON AVE LOS ANGELES CA 90025,1734 S BARRINGTON AVE LOS ANGELES CA 90025-4010,300,Residential - Three Units (Any Combination),[Q]RD1.5-1,Qualified Restricted Density Multiple Dwelling,3,GROSS ASSESSED,"$1,883,105.00",,PASSO BARRINGTON LP,121 S PALM DR APT 301,1734,BARRINGTON,los-angeles,,0.16967,"Passo Barrington, LP",Passo Barrington Apartments,Los Angeles,Los Angeles,"Grant up to $10,000 (Charitable Affordable Housing)",25-424,8/29/2025,Glimcher Capital Group,,Housing on Merit,,YES,,,53,53,1,"$1,883,105.00",,,,,,,,,,,"$7,800",YES,,,,,1734
1043514700,1735 S MISSION RD FALLBROOK CA 92028,1735.0 S MISSION RD FALLBROOK CA 92028-4548,9101,Vacant and Undeveloped Land,C34-AR(Q -D(40 -LOT(- -BT(L -MFAR(- -FAR(- -H(G -COV(- -SB(O -OS(A -SR(B-C,General Commercial And Residential,107,ASSESSED,"$32,460,480.00",,1735 SOUTH MISSION LP,7755 CENTER AVE #575,1735,MISSION,san-diego,2.71,2.79466,1735 South Mission LP,Fallbrook Trail Apartments,San Diego,San Diego,"Grant up to $10,000",24-219,6/7/2024,AOF,Pacific Affordable Housing Corp,Pacific Affordable Housing Corp,,,,,103,102,0.9902912621,"$32,145,329.71",2021,,,,,,,,,,"$15,300",,,,,,1735
4262016011,1747 STONER AVENUE LOS ANGELES CA 90025,1747 STONER AVE LOS ANGELES CA 90025-1812,300,Residential - Three Units (Any Combination),[Q]R3-1,Qualified Multiple Residential,3,GROSS ASSESSED,"$2,175,258.00",,PASSO STONER LP,121 S PALM DR APT 301,1747,STONER,los-angeles,,0.16902,"Passo Stoner, LP",Passo Stoner Apartments,Los Angeles,Los Angeles,"Grant up to $10,000 (Charitable Affordable Housing)",25-427,8/29/2025,Glimcher Capital Group,,Housing on Merit,,YES,,,53,52,0.9811320755,"$2,134,215.40",,,,,,,,,,,"$7,800",,,,,,1747
2119001222,18325 SATICOY ST RESEDA CA 91335,18325 SATICOY ST RESEDA CA 91335-2965,501,Residential - Five or more apartments,QR3-1,Qualified Multiple Residential,52,GROSS ASSESSED,"$16,626,000.00",,HACIENDA INVESTORS LP,15301 VENTURA BLVD STE 5B70,18325,SATICOY,los-angeles,,1.39432,Hacienda Investors LP,Windmere Court Apartments,Los Angeles,Los Angeles,"Grant up to $10,000",24-221,6/7/2024,GHC Housing Partners,,Foundation for Affordable Housing,,,06/13/2024,"$16,300,000",52,52,1,"$16,626,000.00",,,,2119001222,,,,"10,060,677",,,"$7,800",,,,,,18325
2125017014,18337 KITTRIDGE ST RESEDA CA 91335,18337 KITTRIDGE ST RESEDA CA 91335-6108,100,Residential - Single,R3-1-RIO,Multiple Residential River Improvement Overlay,1,GROSS ASSESSED,"$943,500.00",,18337 KITTRIDGE LLC,8549 WILSHIRE BLVD PMB 3456,18337,KITTRIDGE,los-angeles,,0.21164,"18337 Kittridge, LP",Kittridge Affordable Housing Apartments,Los Angeles,Los Angeles,,,11/21/2025,"Angeleno Investments, LP",,Las Palmas Housing & Development Corporation,,YES,,,42,41,0.9761904762,"$921,035.71",,,,,,,,,,,"$6,150",,,,,,18337
8630009026,18615 E ARROW HWY COVINA CA 91722,18615 E ARROW HWY COVINA CA 91722-1828,501,Residential - Five or more apartments,CAH,Corridor Arrow Highway,82,GROSS ASSESSED,"$21,864,168.00",,PACIFIC TRAILS LP,2566 OVERLAND AVE STE 700,18615,ARROW,los-angeles,,3.21037,"Pacific Trails, LP",Pacific Trails Apartments,Azusa,Los Angeles,"Grant up to $10,000 (Charitable Affordable Housing)",25-304,7/18/2025,Langdon Park Capital,,Housing on Merit,,NO,,,84,84,1,"$21,864,168.00",,,,,,,,,,,"$12,600",,,,,,18615
5518020021,200 S KENMORE AVENUE LOS ANGELES CA,200 S KENMORE AVE LOS ANGELES CA 90004-5650,500,Residential - Five or more apartments,R3-1,Multiple Residential,48,GROSS ASSESSED,"$9,200,673.00",,KENMORE II 20 LLC,345 N MAPLE DR STE 135,200,KENMORE,los-angeles,,0.19015,Kenmore II 20 LLLP,Kenmore II Apartments,Los Angeles,Los Angeles,"Grant up to $10,000",25-489,10/10/2025,K3 Holdings,,"Kingdom Development, Inc.",,NO,,,48,48,1,"$9,200,673.00",,,,,,,,,,,"$7,200",,,,,,200
4275024005,2001-2029 OLYMPIC BLVD SANTA MONICA,2001 OLYMPIC BLVD SANTA MONICA CA 90404-3942,500,Residential - Five or more apartments,IC,Industrial Conservation,100,GROSS ASSESSED,"$8,990,000.00",,GC 20012029 OLYMPIC LP,3019 OCEAN PARK BLVD STE 730,2001,OLYMPIC,los-angeles,,0.16334,"GC 2001-2029 Olympic, LP",Santa Monica Portfolio F Apartments,Santa Monica,Los Angeles,"Grant up to $10,000",24-285,8/9/2024,Gortikov Capital,,"Kingdom Development, Inc.",,,,,165,98,0.5939393939,"$5,339,515.15",2008,YES,,4275024005,"4275024007, 4275-024-011, 4275-024-016",,,,,,"$14,700",,,,,,2001
5183012030,2025 E 4TH STREET LOS ANGELES CA,2025 E 4TH ST LOS ANGELES CA 90033-4364,500,Residential - Five or more apartments,[Q]C2-1-CUGU,Qualified Commercial Clean Up Green Up Overlay,24,GROSS ASSESSED,"$4,166,030.00",,9040 HARRATT LLC AND,345 N MAPLE DR STE 135,2025,4TH,los-angeles,,0.15456,2025 E 4th Street LLLP,4th Street Apartments,Los Angeles,Los Angeles,"Approve application for proposed grant up to $10,000",25-448,9/19/2025,K3 Holdings,,"Kingdom Development, Inc.",,NO,,,25,25,1,"$4,166,030.00",,,,,,,,,,,"$3,750",,,,,,2025
5183001017,2025 NEW JERSEY ST LOS ANGELES CA,2025 NEW JERSEY ST LOS ANGELES CA 90033-2883,050V,Residential - Five or more apartments,[Q]R4-1-CUGU,Qualified Multiple Residential Clean Up Green Up Overlay,0,GROSS ASSESSED,"$527,950.00",,2025 NJ LP,269 S BEVERLY DR PMB 182,2025,NEW JERSEY,los-angeles,,0.13646,"2025 NJ, LP",2025 New Jersey Apartments,Los Angeles,Los Angeles,"Grant up to $10,000",23-203,08/04/23,"Eleos Ventures, LLC",,Step Forward Communities,,,,,15,14,0.9333333333,"$492,753.33",2023,,,5183001017,,,,,,,"$2,250",,,,,,2025
5517005016,207 S OXFORD AVENUE LOS ANGELES CA,207 N OXFORD AVE LOS ANGELES CA 90004-4230,500,Residential - Five or more apartments,R4-1,Multiple Residential,32,GROSS ASSESSED,"$6,452,506.00",,OXFORD 20 LLC,345 N MAPLE DR STE 135,207,OXFORD,los-angeles,,0.16373,Oxford 20 LLLP,Oxford II Apartments,Los Angeles,Los Angeles,"Grant up to $10,000",25-495,10/10/2025,K3 Holdings,,"Kingdom Development, Inc.",,NO,,,32,32,1,"$6,452,506.00",,,,,,,,,,,"$4,800",,,,,,207
5501013028,209 WESTMORELAND AVE LOS ANGELES CA 90004,209 S WESTMORELAND AVE LOS ANGELES CA 90004-6109,501,Residential - Five or more apartments,R4-1,Multiple Residential,687,GROSS ASSESSED,"$129,082,596.00",,KW WESTMORELAND TIC LLC AND,151 EL CAMINO DR,209,WESTMORELAND,los-angeles,,8.42745,"Chadwick Owner, LP",Chadwick Apartments,Los Angeles,Los Angeles,"Grant up to $10,000 (Charitable Affordable Housing)",25-290,6/27/2025,Vintage Housing Holdings,Kennedy Wilson,"Pacific Housing, Inc",,NO,,,687,687,1,"$129,082,596.00",,,,,,,,,,,"$74,025",,,,,,209
5473131800,220 47TH ST SAN DIEGO CA 92102,220 47TH ST SAN DIEGO CA 92102-5037,1200,Multi-Family Residential,RM-2-5,Residential Multiple Unit,96,ASSESSED,"$5,832,864.00",,CREEKSIDE HOLDINGS LTD,595 RIVERWOOD DR #400,220,47TH,san-diego,5.01,4.98621,"Post Creekside, LP",Creekside Villas Apartments,San Diego,San Diego,"Grant up to $10,000",24-429,11/1/2024,Post Investment Group,,Integrity Housing,,NO,,,145,144,0.9931034483,"$5,792,637.35",1984,,,,,,,,,,"$21,600",,,,,,220
5180001013,228 N SOTO STREET LOS ANGELES CA,228 N SOTO ST LOS ANGELES CA 90033-2915,010V,Residential - Single,R4-1-CUGU,Multiple Residential Clean Up Green Up Overlay,0,GROSS ASSESSED,"$2,509,100.00",,EV 228 SOTO LLC,269 S BEVERLY DR PMB 182,228,SOTO,los-angeles,,0.19646,"EV 228 Soto, LP, a California limited partnership",Soto Apartments,Los Angeles,Los Angeles,"Grant up to $10,000",24-413,10/11/2024,"Eleos Ventures, LLC",,Step Forward Comminities,,YES,,,41,40,0.9756097561,"$2,447,902.44",,,,,,,,,,,"$6,000",,,,,,228
5183013023,2330 E 3RD STREET LOS ANGELES CA,2330 E 3RD ST LOS ANGELES CA 90033-4012,,,RD1.5-1-CUGU,Restricted Density Multiple Dwelling Clean Up Green Up Overlay,,,,,,,2330,3RD,los-angeles,,0.19687,2330 3rd Street Apartments L.P.,2330 E. 3rd Street Apartments,Los Angeles,Los Angeles,"Grant up to $10,000",24-363,8/30/2024,Terra Capital Development Group LLC,,Pacific Housing,,YES,,,53,53,1,$0.00,,,,,,,,,,,"$7,950",,,,,,2330
28502100410000,2345 NORTHROP AVE SACRAMENTO CA 95825,2345.0 NORTHROP AVE SACRAMENTO CA 95825-7571,AE272A,,RD-30,High Density Multifamily Residential,272,NET ASSESSED,"$51,313,873.00",,DEMMON THE FALLS LLC,702 MARSHALL ST #306,2345,NORTHROP,sacramento,,9.1345,"GB Falls, LP",The Falls at Arden Apartments,Sacramento,Sacramento,"Grant up to $10,000",25-484,10/10/2025,Jackson Square Properties,,Housing on Merit,,NO,,,272,272,1,"$51,313,873.00",,,,,,,,,,,"$40,800",,,,,,2345
5518026004,236 N BERENDO STREET LOS ANGELES CA,236 N BERENDO ST LOS ANGELES CA 90004-4704,100,Residential - Single,R3-1,Multiple Residential,1,GROSS ASSESSED,"$1,387,200.00",,236 BERENDO HOLDINGS OZ LP,430 S GARFIELD AVE STE 316,236,BERENDO,los-angeles,,0.17229,236 Berendo Holdings OZ LP,236 Berendo Apartments,Los Angeles,Los Angeles,"Grant up to $10,000",25-510,10/24/2025,Terra Capital Development Group LLC,,"Pacific Housing, Inc.",,YES,,,52,52,1,"$1,387,200.00",,,,,,,,,,,"$7,800",,,,,,236
39626156,2414 N TUSTIN AVE SANTA ANA CA 92705,2414 N TUSTIN AVE SANTA ANA CA 92705-1602,2,,R4,Suburban Apartment,80,GROSS ASSESSED,"$26,738,989.00",,TUSTIN AVENUE APARTMENTS LLC,7 CORPORATE PARK DR,2414,TUSTIN,orange,,12.41914,"BWF II ETHOS CA HORIZON LP, a Delaware limited partnership",Horizon Apartments,Santa Ana,Orange,"Grant up to $10,000",24-410,10/11/2024,Ethos Real Estate,Bridge Investment Group,Affordable Housing Access Inc,,NO,,,406,406,1,"$26,738,989.00",,,,,,,,,,,"$60,900",,,,,,2414
867281,2415 VALDEZ ST OAKLAND CA 94612,2415 VALDEZ ST OAKLAND CA 94612-3600,7705,,D-BV-2,Broadway Valdez 2,89,ASSESSED,"$24,073,679.00",,NOOK VALDEZ II LLC,P O BOX 121088,2415,VALDEZ,alameda,,0.16779,"Electric Lofts, LP",Electric Lofts Apartments,Oakland,Alameda,"Grant up to $10,000",24-075,03/15/2024,Trestle Development LLC,,AOF / Pacific Affordable Housing Corp,,,,,89,40,0.4494382022,"$10,819,631.01",,,https://www.electriclofts.com/,8-672-8-1,,,https://propinfo.acgov.org/?PRINT_PARCEL=8-672-8-1,"$23,607,381","$24,549,146",,"$13,350",,"$387,482.22",2025,,,2415
5518008009,247 S ALEXANDRIA AVENUE LOS ANGELES CA,247 S ALEXANDRIA AVE LOS ANGELES CA 90004-5549,500,Residential - Five or more apartments,R4-1,Multiple Residential,27,GROSS ASSESSED,"$4,457,073.00",,247 S ALEXANDRIA LLC,PO BOX 46342,247,ALEXANDRIA,los-angeles,,0.16661,247 S Alexandria LLLP,Alexandria I Apartments,Los Angeles,Los Angeles,"Approve application for proposed grant up to $10,000",25-449,9/19/2025,K3 Holdings,,"Kingdom Development, Inc.",,NO,,,27,27,1,"$4,457,073.00",,,,,,,,,,,"$4,050",,,,,,247
5518008014,260 S MARIPOSA AVENUE LOS ANGELES CA,260 S MARIPOSA AVE LOS ANGELES CA 90004-5470,500,Residential - Five or more apartments,R4-1,Multiple Residential,40,GROSS ASSESSED,"$8,388,848.00",,260 S MARIPOSA LLC,PO BOX 46342,260,MARIPOSA,los-angeles,,0.17151,260 S Mariposa LLLP,Mariposa II Apartments,Los Angeles,Los Angeles,"Approve application for proposed grant up to $10,000",25-457,9/19/2025,K3 Holdings,,"Kingdom Development, Inc.",,NO,,,40,40,1,"$8,388,848.00",,,,,,,,,,,"$6,000",,,,,,260
454251243,26409 GADING RD HAYWARD CA 94544,26409 GADING RD HAYWARD CA 94544-3603,7700,,RM,Medium Density Residential,61,ASSESSED,"$17,000,269.00",,SFF 2 LLC,599 CASTRO ST,26409,GADING,alameda,,3.3956,"SFF 2, LLC",Townhomes at Gading Apartments,Hayward,Alameda,"Grant up to $10,000",23-370,12/8/2023,The Sobrato Organization,,Sobrato Foundation,,,,,61,61,1,"$17,000,269.00",,,https://www.townhomesongadingapts.com/,454-25-124-3,,,,"$6,029,645","$17,336,168",,"$9,150",,"$78,032.02",2023,"$209,772.98",2025,26409
344007,275 TURK ST SAN FRANCISCO CA,275 TURK ST SAN FRANCISCO CA 94102-3831,,,RC-4-80-T-120-T,Residential Commercial High Density,66,ASSESSED,"$17,116,303.00",,RHIMOSSER 275 TURK LP,220 MONTGOMERY ST FL 20,275,TURK,san-francisco,,0.17318,RHI-Mosser 275 Turk LP,275 Turk Street Apartments,San Francisco,San Francisco,"Grant up to $10,000",24-076,03/15/2024,"Mosser Capital, LLC",Stars Real Estate Investment,"Kingdom Development, Inc.",,,,,66,27,0.4090909091,"$7,002,123.95",,,,0344 007,,,,"$16,781,817","$17,458,247",,"$9,900",,"$217,816.18",2025,,,275
1701000273,3081 N MAIN ST WALNUT CREEK CA 94597,3081.0 N MAIN ST WALNUT CREEK CA 94597-1940,27,"Apartments, 25-59 units",M-1.5,Multiple Family Residential,32,ASSESSED,"$10,616,112.00",,ENCLAVE LP,2191 MARKET ST STE A,3081,MAIN,contra-costa,1.12,1.01619,"ENCLAVE LP, a California limited partnership",The Enclave Apartments,Walnut Creek,Contra Costa,"Grant up to $10,000 (Charitable Affordable Housing)",25-082,2/21/2025,Tesseract Capital Group,,Housing on Merit,,,,,32,32,1,"$10,616,112.00",,,,170-100-027-3,,,,,,,"$4,800",,,,,,3081
5160009020,333 DOUGLAS ST LOS ANGELES CA,333 DOUGLAS ST LOS ANGELES CA 90026-5632,100,Residential - Single,CW,Central City West Specific Plan,1,GROSS ASSESSED,"$1,144,440.00",,CAR VORTEX LLC,3300 NORTHSIDE PKWY NW,333,DOUGLAS,los-angeles,,0.12855,"333 Douglas Street, LP, a California limited partnership",333 Douglas Apartments,Los Angeles,Los Angeles,"Grant up to $10,000 (Charitable Affordable Housing)",25-080,2/21/2025,Visionary Development Enterprises LLC,,Housing on Merit,,,,,33,32,0.9696969697,"$1,109,760.00",,,,,,,,,,,"$4,800",,,,,,333
4054900073,3400 RICHMOND PKWY RICHMOND CA 94806,3400.0 RICHMOND PKWY RICHMOND CA 94806-5207,28,"Apartments, 60 units or more",RM2,Multifamily High Density Residential,1008,ASSESSED,"$222,047,798.00",,GUARDIANKW HILLTOP LLC,151 S EL CAMINO DR,3400,RICHMOND,contra-costa,46.868,46.8333,"Bella Vista Owner, LP",Bella Vista at Hilltop Apartments,Richmond,Contra Costa,"Grant up to $10,000 (Charitable Affordable Housing)",25-281,6/27/2025,Kennedy Wilson,Vintage Housing Holdings,Hearthstone Housing Foundation,https://www.cmfa-ca.com/wp-content/uploads/2025/01/CMFA-Staff-Reports-01-10-25.pdf,NO,,,1008,1008,1,"$222,047,798.00",,,,405-490-007-3,,,https://taxcolp.cccttc.us/PTS_TaxbillsPdfCY?APN=405490007,,"$229,097,572",,"$98,100",,"$4,151,305.48",2025,,,3400
147091180000,363 E GILBERT ST SAN BERNARDINO CA,363 E GILBERT ST SAN BERNARDINO CA 92404-5343,623,"SENIOR CITIZEN APT, 15 UNITS AND UP",CO,Commercial Office,71,,"$4,075,000.00",,CASTLE ROCK BERNARDINE APARTMENTS LP,17328 VENTURA BLVD #404,363,GILBERT,san-bernardino,0.36,0.32213,"Castle Rock Bernardine Apartments, LP",Bernardine Apartments,San Bernardino,San Bernardino,"Grant up to $10,000",23-202,08/04/23,Quest Capital Partners,,Affordable Rent Project,,,,,71,70,0.985915493,"$4,017,605.63",,,,,,,,,,,"$10,650",,,,,,363
5518027010,3715 W 1ST STREET LOS ANGELES CA,3715 W 1ST ST LOS ANGELES CA 90004-5848,550,Residential - Five or more apartments,R3-1,Multiple Residential,55,GROSS ASSESSED,"$11,906,753.00",,3715 W 1ST STREET LLC,PO BOX 46342,3715,1ST,los-angeles,,0.25832,3715 W 1st Street LLLP,Seven Lions Apartments,Los Angeles,Los Angeles,"Approve application for proposed grant up to $10,000",25-462,9/19/2025,K3 Holdings,,"Kingdom Development, Inc.",,NO,,,55,55,1,"$11,906,753.00",,,,,,,,,,,"$8,250",,,,,,3715
21332022,3765 TAMARACK LN SANTA CLARA CA 95051,3765 TAMARACK LN SANTA CLARA CA 95051-2571,4,Five or more Family,R3-25D,Moderate Density Multiple Dwelling,114,ASSESSED,"$27,303,774.00",,MONTECITO SANTA CLARA LLC,777 S CALIFORNIA AVE STE 100,3765,TAMARACK,santa-clara,2.09,2.09115,"Flag VII Montecito, L.P.",Montecito Apartments,San Jose,Santa Clara,,,11/21/2025,Belveron Partners,,Las Palmas Housing & Development Corporation,,NO,,,114,114,1,"$27,303,774.00",,,,,,,,,,,"$17,100",,,,,,3765
50115064010,38000 CAMDEN ST FREMONT CA 94536,38000.0 CAMDEN ST FREMONT CA 94536-5169,7700,,P-63-2,Planned District 63 2,192,ASSESSED,"$73,418,537.00",,CAMDEN STREET APARTMENTS LLC,7 CORPORATE PARK DR,38000,CAMDEN,alameda,,10.94495,"Flag VII Camden Village, L.P.",Camden Village Apartments,Fremont,Alameda,"Grant up to $10,000 (Charitable Affordable Housing)",25-423,8/29/2025,Belveron Partners,,Las Palmas Housing & Development Corporation,,NO,,,192,192,1,"$73,418,537.00",,,https://www.camdenvillageapts.com/,501-1506-40-10,,,,,,,"$28,800",,,,,,38000
0345012C,381 TURK ST SAN FRANCISCO CA,381 TURK ST SAN FRANCISCO CA 94102-3749,,,RC-4-80-T,Residential Commercial High Density,32,ASSESSED,"$7,398,189.00",,381 TURK STREET ASSOCIATES LLC,220 MONTGOMERY ST FL 20,381,TURK,san-francisco,,0.14125,381 Turk Street Associates,381 Turk Street Apartment,San Francisco,San Francisco,"Grant up to $10,000",23-307,9/15/2023,"Mosser Capital, LLC",,"Kingdom Development, Inc.",,,,,32,13,0.40625,"$3,005,514.28",,,,0345 012C,,,,,,,"$4,800",,"$121,770.74",2025,,,381
3004004033,38441 5TH ST W PALMDALE CA 93551,38441 5TH ST W PALMDALE CA 93551-4262,501,Residential - Five or more apartments,RN-2,Residential Neighborhood 2,296,GROSS ASSESSED,"$14,702,565.00",,PALM CHAPARRAL APARTMENTS LLC,8149 SANTA MONICA BLVD PMB 298,38441,5TH,los-angeles,,18.7347,"Post Chaparral, LP",Chaparral Apartments,Palmdale,Los Angeles,"Grant up to $10,000",24-473,12/13/2024,Post Investment Group,,Integrity Housing,,NO,,,296,296,1,"$14,702,565.00",,YES,,,,,,,,,"$44,400",,,,,,38441
1419405,400 CANAL ST SAN RAFAEL CA 94901,400 CANAL ST SAN RAFAEL CA 94901-4173,21,Multiple-Resid. - Improved,HR1-C,High Density Multi Family Residential And Canalfront Review Overlay District,98,,,,400 MERIDIAN LP,2191 MARKET ST,400,CANAL,marin,2.526,2.52513,"400 Meridian, LP, a California limited partnership",Meridian Apartments,San Rafael,Marin,"Grant up to $10,000",24-384,9/20/2024,Tesseract Capital Group,,Housing on Merit,,NO,,,99,99,1,$0.00,,,,,,,,,,,"$14,850",,,,,,400
5032015003,4101 SOMERSET DRIVE LOS ANGELES CA,4101 SOMERSET DR LOS ANGELES CA 90008-3465,500,Residential - Five or more apartments,C2-1-SP,Commercial Specific Plan,4,GROSS ASSESSED,"$3,451,872.00",,3 SIOF 4101 SOMERSET DR LLC,8629 S VERMONT AVE,4101,SOMERSET,los-angeles,,0.21107,"6 SIOF 4101 Somerset Dr, LP",4101 Somerset Dr. Apartments,Los Angeles,Los Angeles,"Grant up to $10,000 (Charitable Affordable Housing)",25-282,6/27/2025,"SoLa Impact, LLC",,Housing on Merit,,YES,,,36,35,0.9722222222,"$3,355,986.67",,,,,,,,,,,"$5,250",,,,,,4101
4231018020,4129 CENTINELA AVENUE LOS ANGELES CA 90066,4129 S CENTINELA AVE LOS ANGELES CA 90066-4908,1100,Commercial - Stores,C2-1,Commercial,0,GROSS ASSESSED,"$1,630,000.00",,PASSO CENTINELA LP,121 S PALM DR APT 301,4129,CENTINELA,los-angeles,,0.11423,"Passo Centinela, LP",Passo Centinela I Apartments,Los Angeles,Los Angeles,"Grant up to $10,000 (Charitable Affordable Housing)",25-425,8/29/2025,Glimcher Capital Group,,Housing on Merit,,YES,,,72,71,0.9861111111,"$1,607,361.11",,,,,,,,,,,"$10,650",,,,,,4129
5021028002,4209 S WESTERN AVE LOS ANGELES CA 90062,4209 S WESTERN AVE LOS ANGELES CA 90062-1643,1210,Commercial - Store Combination,C2-1VL-CPIO,Commercial Very Limited Height Community Plan Implementation Overlay,25,GROSS ASSESSED,"$10,924,200.00",,BIF NON OZ 4209 WESTERN AVE LP,1000 E 60TH ST,4209,WESTERN,los-angeles,,0.14935,"BIF NON OZ 4209 WESTERN AVE, LP",4209 Western Avenue Apartments,Los Angeles,Los Angeles,"Grant up to $10,000",24-253,7/19/2024,"SoLa Impact, LLC",,Housing on Merit,,,,,25,24,0.96,"$10,487,232.00",,,,,,,,,,,"$3,600",,,,,,4209
5021009036,4228 WESTERN AVENUE LOS ANGELES CA,4228 S WESTERN AVE LOS ANGELES CA 90062-1642,1100,Commercial - Stores,C2-1VL-CPIO,Commercial Very Limited Height Community Plan Implementation Overlay,0,GROSS ASSESSED,"$17,790,840.00",,BIF NON 4228 WESTERN AVE LP,1000 E 60TH ST,4228,WESTERN,los-angeles,,0.3961,"BIF NON OZ 4228 WESTERN AVE, LP",4228 Western Ave. Apartments,Los Angeles,Los Angeles,"Grant up to $10,000",24-380,9/20/2024,"SoLa Impact, LLC",,Housing on Merit,,YES,,,68,14,0.2058823529,"$3,662,820.00",,,,,,,,,,,"$2,500",,,,,,4228
5021009036,4228 WESTERN AVENUE LOS ANGELES CA,4228 S WESTERN AVE LOS ANGELES CA 90062-1642,1100,Commercial - Stores,C2-1VL-CPIO,Commercial Very Limited Height Community Plan Implementation Overlay,0,GROSS ASSESSED,"$17,790,840.00",,BIF NON 4228 WESTERN AVE LP,1000 E 60TH ST,4228,WESTERN,los-angeles,,0.3961,"PS 4228 Western Ave, LP, a Delaware limited partnership",4228 Western Apartments,Los Angeles,Los Angeles,"Grant up to $10,000",25-511,10/24/2025,California State Teachers’ Retirement System,,Housing on Merit,,YES,,,68,14,0.2058823529,"$3,662,820.00",,,,,,,,,,,"$2,500",,,,,,4228
5024017036,4252 S CRENSHAW BLVD LOS ANGELES CA 90008,4252 S CRENSHAW BLVD LOS ANGELES CA 90008-2553,504,Residential - Five or more apartments,C1.5-1-SP,Limited Commercial Specific Plan,111,GROSS ASSESSED,"$26,914,860.00",,4252 CRENSHAW JV LLC,17141 VENTURA BLVD STE 214,4252,CRENSHAW,los-angeles,,0.51471,4252 Crenshaw LP,4252 Crenshaw Apartments,Los Angeles,Los Angeles,"Grant up to $10,000",24-199,05/17/2024,Thrive Living,Magnum Real Estate Group,"Kingdom Development, Inc.",,,,,111,111,1,"$26,914,860.00",2020,YES,,5024017036,,,,"25,869,724",0,,"$16,650",,319424,2023,"10,883.27",2023,4252
5503015016,426 S MANHATTAN PLACE LOS ANGELES CA,426 S MANHATTAN PL LOS ANGELES CA 90020-4140,500,Residential - Five or more apartments,R4-1,Multiple Residential,40,GROSS ASSESSED,"$6,897,851.00",,426 MANHATTAN LLC,PO BOX 46342,426,MANHATTAN,los-angeles,,0.19843,426 Manhattan LLLP,Manhattan III Apartments,Los Angeles,Los Angeles,"Approve application for proposed grant up to $10,000",25-456,9/19/2025,K3 Holdings,,"Kingdom Development, Inc.",,NO,,,40,40,1,"$6,897,851.00",,,,,,,,,,,"$6,000",,,,,,426
7455002027,441 W 3RD ST SAN PEDRO CA 90731,441 W 3RD ST SAN PEDRO CA 90731-2650,500,Residential - Five or more apartments,C2-2D-CPIO,Commercial 2 Development Limitations Community Plan Implementation Overlay,93,GROSS ASSESSED,"$23,202,793.00",,POST HARBOR TERRACE LP,8149 SANTA MONICA BLVD STE 298,441,3RD,los-angeles,,1.01174,"Post Harbor Terrace, LP",Harbor Terrace Apartments,Los Angeles,Los Angeles,"Grant up to $10,000",24-286,8/9/2024,Ascenda Capital,,Integrity Housing,,,,,93,93,1,"$23,202,793.00",1987,YES,,,,,,,,,"$13,950",,,,,,441
4251100188,4481 APPIAN WAY EL SOBRANTE CA 94803,4481.0 APPIAN WAY EL SOBRANTE CA 94803-2200,27,"Apartments, 25-59 units",P-1,Planned Unit,,ASSESSED,"$9,977,564.00",,APPIAN LP,2191 MARKET ST STE A,4481,APPIAN,contra-costa,,1.86803,APPIAN LP,Appian Terrace Apartments,El Sobrante,Contra Costa,"Grant up to $10,000",24-277,8/9/2024,Tesseract Capital Group,,Housing on Merit,,,,,41,41,1,"$9,977,564.00",,,,,,,,,,,"$6,150",,,,,,4481
5502011009,454 S CATALINA STREET LOS ANGELES CA,454 S CATALINA ST LOS ANGELES CA 90020-2476,500,Residential - Five or more apartments,R4-1,Multiple Residential,48,GROSS ASSESSED,"$7,490,880.00",,454 CATALINA LLC,PO BOX 46342,454,CATALINA,los-angeles,,0.21396,454 Catalina LLLP,Catalina Apartments,Los Angeles,Los Angeles,"Approve application for proposed grant up to $10,000",25-451,9/19/2025,K3 Holdings,,"Kingdom Development, Inc.",,NO,,,48,48,1,"$7,490,880.00",,,,,,,,,,,"$7,200",,,,,,454
4221007056,4706 CENTINELA AVENUE LOS ANGELES CA 90066,4706 S CENTINELA AVE LOS ANGELES CA 90066-6818,500,Residential - Five or more apartments,R3-1,Multiple Residential,0,GROSS ASSESSED,"$2,190,000.00",,PASSO CENTINELA 2 LP,121 S PALM DR UNIT 301,4706,CENTINELA,los-angeles,,0.21881,"Passo Centinela 2, LP",Passo Centinela II Apartments,Los Angeles,Los Angeles,"Grant up to $10,000 (Charitable Affordable Housing)",25-426,8/29/2025,Glimcher Capital Group,,Housing on Merit,,YES,,,73,72,0.9863013699,"$2,160,000.00",,,,,,,,,,,"$10,800",,,,,,4706
5484004400,5040 LOGAN AVENUE SAN DIEGO CA 92113,5040.0 LOGAN AVE SAN DIEGO CA 92113-3014,9101,Vacant and Undeveloped Land,CN-1-3,Commercial Neighborhood,0,ASSESSED,"$2,804,259.00",,K D LOGAN LLC,10625 SCRIPPS RANCH BLVD #F,5040,LOGAN,san-diego,2.82,2.73239,"Sol Haus Owner LP, California Limited Partnership",Sol Haus Apartments,San Diego,San Diego,"Grant up to $10,000 (Charitable Affordable Housing)",25-209,5/16/2025,CONAM Management Corporation,,Las Palmas Housing & Development Corporation,,YES,,,147,145,0.9863945578,"$2,766,105.82",,,,,,,,,,,"$22,050",,,,,,5040
5504029006,515 S ST ANDREWS PLACE LOS ANGELES CA 90020,515 S ST ANDREWS PL LOS ANGELES CA 90020-4470,501,Residential - Five or more apartments,R4-2,Multiple Residential,40,GROSS ASSESSED,"$10,012,496.00",,515 S ST ANDREWS LLC,PO BOX 46392,515,ST ANDREWS,los-angeles,,0.62033,515 S St. Andrews LLLP,St. Andrews I Apartments,Los Angeles,Los Angeles,"Approve application for proposed grant up to $10,000",25-463,9/19/2025,K3 Holdings,,"Kingdom Development, Inc.",,NO,,,40,40,1,"$10,012,496.00",,,,,,,,,,,"$6,000",,,,,,515
17004066,5150 EL CAMINO REAL LOS ALTOS CA,5150 EL CAMINO REAL LOS ALTOS CA 94022-1534,69,Vacant Urban,CT,Commercial Thoroughfare,,ASSESSED,"$49,939,200.00",,5150 ECR LOS ALTOS LLC,1 N B ST STE 4000,5150,EL CAMINO REAL,santa-clara,3.8,3.7861,Prometheus Real Estate Group,HARKEN APARTMENTS,Los Altos,Santa Clara,,,1/31/2025,"Prometheus Real Estate Group, Inc.",,Hearthstone Housing Foundation,,YES,,,196,29,0.1479591837,"$7,388,963.27",,,,17004068,17004069,,,,,,"$4,350",,,,,,5150
5503017013,516 S ST ANDREWS PLACE LOS ANGELES CA 90020,516 S ST ANDREWS PL LOS ANGELES CA 90020-4462,556,Residential - Five or more apartments,R4-2,Multiple Residential,59,GROSS ASSESSED,"$14,209,574.00",,516 ST ANDREWS LLC,PO BOX 46342,516,ST ANDREWS,los-angeles,,0.20688,516 St. Andrews LLLP,St. Andrews II Apartments,Los Angeles,Los Angeles,"Approve application for proposed grant up to $10,000",25-464,9/19/2025,K3 Holdings,,"Kingdom Development, Inc.",,NO,,,59,59,1,"$14,209,574.00",,,,,,,,,,,"$8,850",,,,,,516
5502019004,520 S MARIPOSA AVENUE LOS ANGELES CA,520 S MARIPOSA AVE LOS ANGELES CA 90020-2859,500,Residential - Five or more apartments,R4-2,Multiple Residential,48,GROSS ASSESSED,"$11,471,658.00",,520 MARIPOSA LLC,PO BOX 46342,520,MARIPOSA,los-angeles,,0.20657,520 Mariposa LLLP,Mariposa IV Apartments,Los Angeles,Los Angeles,"Grant up to $10,000",25-494,10/10/2025,K3 Holdings,,"Kingdom Development, Inc.",,NO,,,48,48,1,"$11,471,658.00",,,,,,,,,,,"$7,200",,,,,,520
5503024012,530 KINGSLEY DRIVE LOS ANGELES CA,530 S KINGSLEY DR LOS ANGELES CA 90020-3541,500,Residential - Five or more apartments,R4-2,Multiple Residential,44,GROSS ASSESSED,"$10,516,571.00",,530 KINGSLEY LLC,PO BOX 46342,530,KINGSLEY,los-angeles,,0.21095,530 Kingsley LLLP,Kingsley Apartments,Los Angeles,Los Angeles,"Grant up to $10,000",25-491,10/10/2025,K3 Holdings,,"Kingdom Development, Inc.",,NO,,,45,45,1,"$10,516,571.00",,,,,,,,,,,"$6,750",,,,,,530
4635902700,5474 RESERVOIR DR SAN DIEGO CA 92120,5474.0 RESERVOIR DR 1-36 SAN DIEGO CA 92120-5145,1200,Multi-Family Residential,RM-3-9,Residential Multiple Unit,117,ASSESSED,"$30,350,548.00",,29SC V D S PROPERTY OWNER LLC,20 N WACKER DR #4120,5474,RESERVOIR,san-diego,3.86,3.84062,BWF III Ethos CA Palmilla LP,Palmilla Apartments,San Diego,San Diego,"Grant up to $10,000 (Charitable Affordable Housing)",25-208,5/16/2025,Ethos Real Estate,Bridge Investment Group,"Casa Major, Inc.",,NO,,,203,203,1,"$30,350,548.00",,,,,,,,,,,"$30,450",,,,,,5474
70607013,5805 CHARLOTTE DRIVE SAN JOSE CA 95123,5805 CHARLOTTE DR SAN JOSE CA 95123-3619,4,Five or more Family,IP(PD,Planned Development Industrial Park Base District,650,ASSESSED,"$269,608,107.00",,ICS TRANSIT VIL PROP OWNER LLC,130 VANTIS DR STE 200,5805,CHARLOTTE,santa-clara,10.81,10.75904,"Ethos GP I Venture, LP",Ascent Apartments,San Jose,Santa Clara,Governmentla Grant,CSCDA,11/20/2025,Ethos Real Estate,,,,,,,650,260,0.4,"$107,843,242.80",,,,70607013,,,,,"$275,000,268",,,,,,,,5805
8608030071,601 E 8TH ST AZUSA CA 91702,601 E 8TH ST AZUSA CA 91702-2546,501,Residential - Five or more apartments,MOD,Moderate Density Residential,112,GROSS ASSESSED,"$13,224,803.00",,CHOEKAE SOON TR K S CHOE TR,3785 WILSHIRE BLVD # 1811,601,8TH,los-angeles,,4.33207,"Azusa Gardens Owner, LP",Azusa Gardens Apartments,Azusa,Los Angeles,"Grant up to $10,000 (Charitable Affordable Housing)",25-347,8/8/2025,TriWest Multifamily,,"Kingdom Development, Inc.",,NO,,,112,112,1,"$13,224,803.00",,,,,,,,,,,"$16,800",,,,,,601
6390806100,601 TELEGRAPH ROAD CHULA VISTA CA 91910,601.0 TELEGRAPH CANYON RD CHULA VISTA CA 91910-6561,1200,Multi-Family Residential,R3,Apartment Residential,183,ASSESSED,"$51,548,563.00",,M G CANYON VILLA APARTMENTS LP,10505 SORRENTO VALLEY RD #300,601,TELEGRAPH CANYON,san-diego,8.79,8.64882,"Post Canyon Villa, LP",Canyon Villa Apartment Homes,Chula Vista,San Diego,"Grant up to $10,000 (Charitable Affordable Housing)",25-352,8/8/2025,Post Investment Group,,Integrity Housing,,NO,,,183,183,1,"$51,548,563.00",1981,,,,,,,,,,"$27,450",,,,,,601
4610304300,6171 MISSION GORGE RD SAN DIEGO CA 92120,6171.0 MISSION GORGE RD SAN DIEGO CA 92120-3426,5004,Neighborhood Shopping Center,CC-4-2,Commercial Community,1,ASSESSED,"$13,362,000.00",,MISSION GORGE LP,350 S GRAND AVE #3050,6171,MISSION GORGE,san-diego,1.52,1.51996,"6171 Mission Gorge Owner LP, a California limited partnership",6171 Mission Gorge Apartments,San Diego,San Diego,"Grant up to $10,000",24-412,10/11/2024,Impact Housing,,Las Palmas Housing & Development Corporation,,YES,,,488,483,0.9897540984,"$13,225,094.26",,,,,,,,,,,"$72,450",,,,,,6171
6005021032,6200 S BROADWAY LOS ANGELES CA,6200 S BROADWAY LOS ANGELES CA 90003-1430,100V,Commercial - Commercial,C2-1VL-CPIO,Commercial Very Limited Height Community Plan Implementation Overlay,1,GROSS ASSESSED,"$1,326,510.00",,BIF NON OZ 6200 BROADWAY BLK LP,1000 E 60TH ST,6200,BROADWAY,los-angeles,,0.25488,"BIF NON OZ 6200 BROADWAY BLK, LP",6200 S. Broadway Apartments,Los Angeles,Los Angeles,"Grant up to $10,000",24-379,9/20/2024,"SoLa Impact, LLC",,Housing on Merit,,YES,,,66,51,0.7727272727,"$1,025,030.45",,,,,,,,,,,"$7,950",,,,,,6200
6006018001,6401 S AVALON BLVD LOS ANGELES CA,6401 AVALON BLVD LOS ANGELES CA 90003-1661,100V,Commercial - Commercial,C2-1VL-CPIO,Commercial Very Limited Height Community Plan Implementation Overlay,0,GROSS ASSESSED,"$426,520.00",,6 SIOF 6401 S AVALON BLVD LLC,8629 S VERMONT AVE,6401,AVALON,los-angeles,,0.16385,"6 SIOF 6401 S Avalon Blvd, LP",6401 S. Avalon Blvd. Apartments,Los Angeles,Los Angeles,"Grant up to $10,000 (Charitable Affordable Housing)",25-285,6/27/2025,"SoLa Impact, LLC",,Housing on Merit,,YES,,,28,27,0.9642857143,"$411,287.14",,,,,,,,,,,"$4,050",,,,,,6401
15434025,660 MARIPOSA AVE MOUNTAIN VIEW CA,660 MARIPOSA AVE MOUNTAIN VIEW CA 94041-1867,4,Five or more Family,R3-2.5,Multi Family Residential,50,ASSESSED,"$16,445,439.00",,MARIPOSA CLUB APARTMENTS I LP,1 N B ST STE 4000,660,MARIPOSA,santa-clara,1.57,1.65214,"Mariposa Club Apartments I, LP,",Mariposa Club Apartments,Mountain View,Santa Clara,"Grant up to $10,000",23-224,08/04/23,Prometheus Real Estate Group,,Hearthstone Housing Foundation,,,,,48,48,1,"$16,445,439.00",,YES,,154-34-025,,,,,"$341,192",,"$7,500",,193967.18,2024,"$7,477.70",2025,660
5547013021,6762 HAWTHORN AVE LOS ANGELES CA 90028,6762 HAWTHORN AVE LOS ANGELES CA 90028-2800,500,Residential - Five or more apartments,C4-2D,Commercial 2 Development Limitations,69,GROSS ASSESSED,"$8,706,757.00",,OODB2 LLC,9049 20TH AVE SW,6762,HAWTHORN,los-angeles,,0.17031,"OODB2, LP",Premiere Hollywood Apartments,Los Angeles,Los Angeles,"Grant up to $10,000",24-178,04/26/2024,Housing Diversity Corporation,,PEP Housing,,,,,69,69,1,"$8,706,757.00",2023,,,5547013021,,,,"8,368,664",,,"$10,350",,,,,,6762
7451026002,685 W 4TH ST LOS ANGELES CA,685 W 4TH ST LOS ANGELES CA 90731,500,Residential - Five or more apartments,C2-1VL-CPIO,Commercial Very Limited Height Community Plan Implementation Overlay,28,GROSS ASSESSED,"$3,002,337.00",,2 SIOF 685 FOURTH ST LLC,8629 S VERMONT AVE,685,4TH,los-angeles,,0.11467,"2 SIOF 685 W Fourth St, LP, Delaware limited partnership",685 W. 4th St Apartments,Los Angeles,Los Angeles,"Grant up to $10,000 (Charitable Affordable Housing)",25-289,6/27/2025,"SoLa Impact, LLC",,Housing on Merit,,YES,,,28,27,0.9642857143,"$2,895,110.68",,,,,,,,,,,"$4,050",,,,,,685
26003700120000,6930 FAIR OAKS BLVD CARMICHAEL CA 95608,6930.0 FAIR OAKS BLVD CARMICHAEL CA 95608-3369,AE197A,,SPA,Special Planning Area,,NET ASSESSED,"$12,145,525.00",,6930 FAIR OAKS BLVD TIC LLCETAL,700 N SAN VICENTE BLVD #G860,6930,FAIR OAKS,sacramento,,1.72534,"Trion Skylark Properties, LP",Skylark Place by Trion Living Apartments,Unincorporated,Sacramento,"Grant up to $10,000",24-430,11/1/2024,"Trion Properties, Inc.",,Integrity Housing,,NO,,,198,198,1,"$12,145,525.00",1973/1991,,,,,,,,,,"$29,700",,,,,,6930
5351441500,699 14TH STREET SAN DIEGO CA,699.0 14TH ST SAN DIEGO CA 92101-7586,9700,Mixed Use,CCPD-RE,Center City Planned District Residential Emphasis,229,ASSESSED,"$53,339,453.00",,699 14TH STREET CSLC LP,354 W LANCASTER AVE #1400,699,14TH,san-diego,1.38,1.3798,699 14TH Street CSLC LP,Market Street Village Apartments,San Diego,San Diego,"Grant up to $10,000",24-427,11/1/2024,Community Solutions,,Community Solutions,,NO,,,229,229,1,"$53,339,453.00",,,,,,,,,,,"$34,350",,,,,,699
5094005005,727 S MARIPOSA AVENUE LOS ANGELES CA,727 S MARIPOSA AVE LOS ANGELES CA 90005-2069,500,Residential - Five or more apartments,R5-2,Multiple Residential,40,GROSS ASSESSED,"$7,089,929.00",,MARIPOSA 20 LLC,345 N MAPLE DR,727,MARIPOSA,los-angeles,,0.18585,Mariposa 20 LLLP,Mariposa I Apartments,Los Angeles,Los Angeles,"Grant up to $10,000",25-492,10/10/2025,K3 Holdings,,"Kingdom Development, Inc.",,NO,,,40,40,1,"$7,089,929.00",,,,,,,,,,,"$6,000",,,,,,727
5094004004,739 S NORMANDIE AVENUE LOS ANGELES CA,739 S NORMANDIE AVE LOS ANGELES CA 90005-2270,500,Residential - Five or more apartments,R5-2,Multiple Residential,32,GROSS ASSESSED,"$4,993,920.00",,739 NORMANDIE LLC,PO BOX 46342,739,NORMANDIE,los-angeles,,0.1728,739 Normandie LLLP,Normandie Apartments,Los Angeles,Los Angeles,"Approve application for proposed grant up to $10,000",25-458,9/19/2025,K3 Holdings,,"Kingdom Development, Inc.",,NO,,,32,32,1,"$4,993,920.00",,,,,,,,,,,"$4,800",,,,,,739
5094006003,750-752 S MARIPOSA AVENUE LOS ANGELES CA,750 S MARIPOSA AVE LOS ANGELES CA 90005-2039,500,Residential - Five or more apartments,R5-2,Multiple Residential,23,GROSS ASSESSED,"$6,547,652.00",,750 MARIPOSA LLC,PO BOX 46342,750,MARIPOSA,los-angeles,,0.18561,750 Mariposa LLLP,Mariposa III Apartments,Los Angeles,Los Angeles,"Grant up to $10,000",25-493,10/10/2025,K3 Holdings,,"Kingdom Development, Inc.",,NO,,,23,23,1,"$6,547,652.00",,,,,,,,,,,"$3,450",,,,,,750
4110025040,7518 S HOOVER LOS ANGELES CA 90044,7518 AGNEW AVE LOS ANGELES CA 90045-1006,101,Residential - Single,R1V2,One Family Residential Variable Mass,1,GROSS ASSESSED,"$2,545,586.00",,EVANSFAITH R TR FAITH R EVANS FAMILY TR,7518 AGNEW AVE,7518,AGNEW,los-angeles,,0.14177,"BIF NON OZ 7518 S Hoover St, LP",7518 Hoover St. Apartments,Los Angeles,Los Angeles,"Grant up to $10,000",24-041,02/02/2024,"SoLa Impact, LLC",Black Impact Group,Housing on Merit,,,,,79,48,0.6075949367,"$1,546,685.16",,,,,,,,,,,"$11,850",,,,,,7518
6020022025,7524 S HOOVER ST LOS ANGELES CA,7524 S HOOVER ST LOS ANGELES CA 90044-6008,109,Residential - Single,[Q]R3-1,Qualified Multiple Residential,0,GROSS ASSESSED,"$1,300,500.00",,2974 PROPERTIES INC AND,PO BOX 5569,7524,HOOVER,los-angeles,,0.32828,"PS 7518 Hoover St, LP",7524 S. Hoover St Apartments,Los Angeles,Los Angeles,"Grant up to $10,000",25-513,10/24/2025,California State Teachers’ Retirement System,,Housing on Merit,,,,,79,78,0.9873417722,"$1,284,037.97",,,,,,,,,,,"$11,850",YES,,,,,7524
2102015045,7940 RESEDA BOULEVARD RESEDA CA,7940 RESEDA BLVD RESEDA CA 91335-1927,501,Residential - Five or more apartments,R3-1,Multiple Residential,58,GROSS ASSESSED,"$17,952,000.00",,HACIENDA INVESTORS LP,15301 VENTURA BLVD STE B570,7940,RESEDA,los-angeles,,1.52936,Hacienda Investors LP,Pinetree Terrace Apartments,Los Angeles,Los Angeles,"Grant up to $10,000",24-220,6/7/2024,GHC Housing Partners,,Foundation for Affordable Housing,,,06/28/2024,"$17,600,000",58,58,1,"$17,952,000.00",,YES,,2102015045,,,,"5,715,513","2,251,812",,"$8,700",,,,,,7940
59020050000,800 RELIANT WY AMERICAN CANYON CA 94503,800.0 RELIANT WAY AMERICAN CANYON CA 94503-3242,218,,BDSP-DC-CC,Broadway District Specific Plan Downtown Core Community Commercial,,MARKET,"$46,693,244.00",,NAPA JUNCTION PARTNERS LLC,"601 CALIFORNIA ST, STE 1150",800,RELIANT,napa,5.97,6.36167,"Canyon Ridge at Napa Junction, LP",Canyon Ridge at Napa Junction Apartments,American Canyon,Napa,"Grant up to $10,000 (Charitable Affordable Housing)",25-351,8/8/2025,BRIDGE Housing Corp.,,BRIDGE Housing Corp.,,NO,,,148,148,1,"$46,693,244.00",,,,,,,,,,,"$22,200",,,,,,800
5402028023,801-809 WATERLOO STREET LOS ANGELES CA,801 WATERLOO ST LOS ANGELES CA 90026-4039,500,Residential - Five or more apartments,RD1.5-1VL,Restricted Density Multiple Dwelling Very Limited Height District,5,GROSS ASSESSED,"$1,387,200.00",,801 WATERLOO PARTNERS LP,4346 REDWOOD AVE UNIT 107,801,WATERLOO,los-angeles,,0.14461,"801 Waterloo Partners, LP",The Waterloo Apartments,Los Angeles,Los Angeles,"Grant up to $10,000",24-053,02/23/2024,The Greg Scott Company,,"Kingdom Development, Inc.",,,,,154,154,1,"$1,387,200.00",,,,5402028023,5402028022,5402028021,,,,,"$23,250",,,,,,801
41416654,805 71ST AVENUE OAKLAND CA,805 71ST AVE OAKLAND CA 94621-3386,300,,D-CO-1,Coliseum Area Transit Oriented Development District 1,110,ASSESSED,$0.00,,SAN FRANCISCO BAY AREA RAPID TRANSIT DISTRICT,2150 WEBSTER ST,805,71ST,alameda,,1.36185,"Coliseum Transit Village One, LP",Coliseum Transit Village,Oakland,Alameda,,,11/21/2025,UrbanCore Development,,"Pacific Housing, Inc.",,NO,,,110,55,0.5,$0.00,,,,,,,,,,,"$8,250",,,,,,805
5093017031,808 S HOBART BOULEVARD LOS ANGELES CA,808 S HOBART BLVD LOS ANGELES CA 90005-2777,055G,Residential - Five or more apartments,R4-2,Multiple Residential,49,GROSS ASSESSED,"$7,984,000.00",,808 S HOBART LLC,PO BOX 46342,808,HOBART,los-angeles,,0.39591,808 S Hobart LLLP,Ashby Apartments,Los Angeles,Los Angeles,"Approve application for proposed grant up to $10,000",25-450,9/19/2025,K3 Holdings,,"Kingdom Development, Inc.",,NO,,,49,49,1,"$7,984,000.00",,,,,,,,,,,"$7,350",,,,,,808
1295996,820 W MACARTHUR BLVD OAKLAND CA 94608,820 W MACARTHUR BLVD OAKLAND CA 94608,8100,,RU-5,Urban Residential 5,,ASSESSED,$0.00,,2019 OZONE AFFORDABLE HOUSING 820 MACARTHUR LP,2744 E 11TH ST,820,W MACARTHUR,alameda,,0.52176,2019 Ozone Affordable Housing,820 MacArthur Apartments,Oakland,Alameda,"Grant up to $10,000",24-052,02/23/2024,"Riaz, Inc.",,AOF Pacific,,YES,,,166,166,1,$0.00,,,,12-959-9-6,,,,,"$17,724,726",,"$24,900",,,,"$259,508.74",2025,820
5343602100,840 17TH ST SAN DIEGO CA 92101,840.0 17TH ST SAN DIEGO CA 92101-6666,1200,Multi-Family Residential,CCPD-ER,Center City Planned District Employment Residential Mixed Use,122,ASSESSED,"$9,316,117.00",,N AVENUE LP,2727 CAMINO DEL RIO S #139,840,17TH,san-diego,0.88,0.69039,Mission Valley Preservation LP,"City View aka Outlook at Mission Valley
Apartments",San Diego,San Diego,"Grant up to $10,000",23-275,08/25/2023,Security Properties,,Las Palmas Housing & Development,,,,,56,23,0.4107142857,"$3,826,262.34",,,,,,,,,,,"$8,400",,,,,,840
5094017020,861 FEDORA STREET LOS ANGELES CA,861 FEDORA ST LOS ANGELES CA 90005-2162,500,Residential - Five or more apartments,R4-2,Multiple Residential,39,GROSS ASSESSED,"$9,710,053.00",,861 FEDORA LLC,PO BOX 46342,861,FEDORA,los-angeles,,0.27877,861 Fedora LLLP,Fedora Apartments,Los Angeles,Los Angeles,"Grant up to $10,000",25-488,10/10/2025,K3 Holdings,,"Kingdom Development, Inc.",,NO,,,39,39,1,"$9,710,053.00",,,,,,,,,,,"$5,850",,,,,,861
5094023025,915 S KENMORE AVENUE LOS ANGELES CA,915 S KENMORE AVE LOS ANGELES CA 90006-1557,500,Residential - Five or more apartments,R4-1,Multiple Residential,18,GROSS ASSESSED,"$2,950,157.00",,KENMORE LLC,345 N MAPLE DR STE 135,915,KENMORE,los-angeles,,0.14729,915 S Kenmore LLLP,Kenmore III Apartments,Los Angeles,Los Angeles,"Grant up to $10,000",25-490,10/10/2025,K3 Holdings,,"Kingdom Development, Inc.",,NO,,,18,18,1,"$2,950,157.00",,,,,,,,,,,"$2,700",,,,,,915
5092023021,920 S GRAMERCY PLACE LOS ANGELES CA,920 S GRAMERCY PL LOS ANGELES CA 90019-2141,550,Residential - Five or more apartments,R3-1,Multiple Residential,13,GROSS ASSESSED,"$2,756,721.00",,920 GRAMERCY UPWELL LLC,626 WILSHIRE BLVD STE 410,920,GRAMERCY,los-angeles,,0.17216,"920 Gramercy Upwell, LP, a Delaware limited partnership",The Eaves Apartments,Los Angeles,Los Angeles,"Grant up to $10,000 (Charitable Affordable Housing)",25-104,3/14/2025,Treehouse Community,,Butterfly’s Haven,,,,,13,13,1,"$2,756,721.00",,,,,,,,,,,"$2,500",,,,,,920
6048022067,9300 COMPTON AVE LOS ANGELES CA,9300 COMPTON AVE XX LOS ANGELES CA 90002-2489,010V,Residential - Single,R3-1,Multiple Residential,0,GROSS ASSESSED,"$595,337.00",,6 SIOF 9300 COMPTON AVE LLC,8629 S VERMONT AVE,9300,COMPTON,los-angeles,,0.20661,"6 SIOF 9300 Compton Ave, LP",9300 Compton Ave. Apartments,Los Angeles,Los Angeles,"Grant up to $10,000 (Charitable Affordable Housing)",25-284,6/27/2025,"SoLa Impact, LLC",,Housing on Merit,,YES,,,20,19,0.95,"$565,570.15",,,,,,,,,,,"$2,850",,,,,,9300
4025014001,"9301 – 9609 CRENSHAW
BLVD INGLEWOOD CA",9301 CRENSHAW BLVD INGLEWOOD CA 90305-2943,400,Residential - Four Units (Any Combination),R-3,Residential Multiple Family,4,GROSS ASSESSED,"$1,345,000.00",,SV INGLEWOOD HOLDINGS LP,3111 CAMINO DEL RIO N STE 800,9301,CRENSHAW,los-angeles,,0.17763,"SV INGLEWOOD HOLDINGS, L.P., a California limited partnership",Stadium Village Apartments,Inglewood,Los Angeles,"Grant up to $10,000",24-361,8/30/2024,Community HousingWorks,,Community HousingWorks,,,,,80,80,1,"$1,345,000.00",,,,,,,,,,,"$12,000",,,,,,9301
5094023030,941 S KENMORE AVENUE LOS ANGELES CA,941 S KENMORE AVE LOS ANGELES CA 90006-1558,500,Residential - Five or more apartments,R4-1,Multiple Residential,24,GROSS ASSESSED,"$4,338,468.00",,941 S KENMORE LLC,PO BOX 46342,941,KENMORE,los-angeles,,0.15319,Kenmore 20 LLLP,Kenmore I Apartments,Los Angeles,Los Angeles,"Approve application for proposed grant up to $10,000",25-455,9/19/2025,K3 Holdings,,"Kingdom Development, Inc.",,NO,,,42,42,1,"$4,338,468.00",,,,,,,,,,,"$3,600",,,,,,941
6048004025,9515 COMPTON AVENUE LOS ANGELES CA,9515 COMPTON AVE LOS ANGELES CA 90002-2330,500,Residential - Five or more apartments,R3-1,Multiple Residential,0,GROSS ASSESSED,"$1,352,393.00",,6 SIOF 9515 COMPTON AVE LLC,8629 S VERMONT AVE,9515,COMPTON,los-angeles,,0.22116,"6 SIOF 9515 Compton Ave, LP",9515 Compton Ave. Apartments,Los Angeles,Los Angeles,"Grant up to $10,000 (Charitable Affordable Housing)",25-286,6/27/2025,"SoLa Impact, LLC",,Housing on Merit,,YES,,,21,20,0.9523809524,"$1,287,993.33",,,,,,,,,,,"$3,000",,,,,,9515
5080015003,960 S OXFORD AVENUE LOS ANGELES CA,960 S OXFORD AVE LOS ANGELES CA 90006-1164,500,Residential - Five or more apartments,R4-1,Multiple Residential,73,GROSS ASSESSED,"$14,206,920.00",,960 S OXFORD LLC,11030 SANTA MONICA BLVD STE 300,960,OXFORD,los-angeles,,0.56148,960 S Oxford LLLP,Oxford III Apartments,Los Angeles,Los Angeles,"Approve application for proposed grant up to $10,000",25-461,9/19/2025,K3 Holdings,,"Kingdom Development, Inc.",,NO,,,73,73,1,"$14,206,920.00",,,,,,,,,,,"$10,950",,,,,,960
5081032007,974 S GRAMERCY PLACE LOS ANGELES CA,974 S GRAMERCY PL LOS ANGELES CA 90019-2169,500,Residential - Five or more apartments,R3-1,Multiple Residential,38,GROSS ASSESSED,"$7,216,214.00",,974 S GRAMERCY LLC AND,345 N MAPLE DR STE 135,974,GRAMERCY,los-angeles,,0.15762,Carson Gramercy LLLP // 974 S Gramercy LLLP,Gramercy Apartments,Los Angeles,Los Angeles,"Approve application for proposed grant up to $10,000",25-453,9/19/2025,K3 Holdings,,"Kingdom Development, Inc.",,NO,,,38,38,1,"$7,216,214.00",,,,,,,,,,,"$5,700",,,,,,974
5080008006,975-985 S OXFORD AVENUE LOS ANGELES CA,975 S OXFORD AVE LOS ANGELES CA 90006-1167,500,Residential - Five or more apartments,R4-1,Multiple Residential,20,GROSS ASSESSED,"$3,420,921.00",,OXFORD 19 LLC,345 N MAPLE DR STE 135,975,OXFORD,los-angeles,,0.15572,Oxford 19 LLLP,Oxford I Apartments,Los Angeles,Los Angeles,"Approve application for proposed grant up to $10,000",25-460,9/19/2025,K3 Holdings,,"Kingdom Development, Inc.",,NO,,,60,60,1,"$3,420,921.00",,,,,,,,,,,"$9,000",,,,,,975
2764001013,9830 RESEDA BLVD NORTHRIDGE CA 91324,9830.0 RESEDA BLVD NORTHRIDGE CA 91324-2060,501,Residential - Five or more apartments,R3-1,Multiple Residential,68,GROSS ASSESSED,"$17,292,725.00",,WRPV XII CANDLEWOOD NORTHRIDGE LLC,30 S WACKER DR 36TH FL,9830,RESEDA,los-angeles,,1.13433,"Post Candlewood North, LP",Candlewood North Apartments,Los Angeles,Los Angeles,"Grant up to $10,000 (Charitable Affordable Housing)",25-117,4/4/2025,Post Investment Group,,Integrity Housing,,NO,,,189,189,1,"$17,292,725.00",1964,,,,,,,,,,"$28,350",,,,,,9830
6954018,99 OCEAN AVE SAN FRANCISCO CA 94112-2548,99 OCEAN AVE SAN FRANCISCO CA 94112-2560,,,NCD-EXCELSIOR-40-X,Excelsior Outer Mission Street Neighborhood Commercial District,0,ASSESSED,"$82,453,101.00",,99 OCEAN AVENUE LLC,160 PACIFIC AVE STE 204,99,OCEAN,san-francisco,,0.91612,99 Ocean Avenue LP,Ventana Residences Apartments,San Francisco,San Francisco,"Grant up to $10,000",24-471,12/13/2024,"Presidio Bay Ventures, LLC",,"Pacific Housing, Inc",,YES,,,193,100,0.518134715,"$42,721,813.99",2023,,,6954 018,,,,"$80,836,374","$20,225,243",,"$15,000",,"$965,884.94",2024,"$239,200.50",2025,99
Multiple parcels,343 MOON RIVER PL VACAVILLE CA 95687,,,,,,,,,,,,,,,,,"Affordable Housing Alliance II, Inc. dba Integrity Housing",Montessa Apartments,Vacaville,Solano,"Grant up to $10,000",24-200,05/17/2024,Ascenda Capital,,Integrity Housing,,,,,169,58,0.3431952663,$0.00,,,,,,,,,,,"$8,700",,,,,,343
6320-011-041,2701 RANDOLPH ST HUNTINGTON PARK CA,,,,,,,,"$34,540,259.00","31,941,172",,,,,,,,BG Apartments Investors LP,Seville Gardens Apartments,Huntington Park,Orange,"Grant up to $10,000",24-224,6/7/2024,GHC Housing Partners,,Foundation for Affordable Housing,,,$33.70,,225,225,1,"$34,540,259.00",1989,,,,,,,,,,"$33,750",,,,,,2701
7418-014-021,445 N AVALON BOULEVARD LOS ANGELES CA,,,,,,,,"$8,899,678.00",-,,,,,,,,"RMG Fee Avalon, LP, a California limited partnership",Harbour Residences Apartments,Los Angeles,Los Angeles,"Grant up to $10,000",24-252,7/19/2024,RMG Housing,,DECRO Corporation,,YES,,,74,74,1,"$8,899,678.00",,,,,,,,,,,"$11,100",,,,,,445
6020-022-025,7518 S HOOVER LOS ANGELES CA,,,,,,,,"$2,856,000.00",-,,,,,,,,"BIF NON OZ 7524 S HOOVER ST, LP",7524 S. Hoover St. Apartments,Los Angeles,Los Angeles,"Grant up to $10,000",24-279,8/9/2024,"SoLa Impact, LLC",,Housing on Merit,,YES,,,79,48,0.6075949367,"$1,735,291.14",,,,,,,,,,,"$11,850",,,,,,7518
,4930 POLK ST NORTH HIGHLANDS CA 95660,,,,,,,,,,,,,,,,,"Sierra Park LP, a California Limited Partnership",Sierra Park Apartments,Unincorporated,Sacramento,"Grant up to $10,000",24-278,8/9/2024,Tesseract Capital Group,,Housing on Merit,,,,,104,104,1,$0.00,,,,,,,,,,,"$15,600",,,,,,4930
5020-025-039,4327 S VERMONT LOS ANGELES CA,,,,,,,,"$3,719,558.00",-,,,,,,,,"IF OZ 4300 S VERMONT AVE BLK LP, a Delaware limited partnership",4327 S. Vermont Apartments,Los Angeles,Los Angeles,"Grant up to $10,000",24-381,9/20/2024,"SoLa Impact, LLC",,Housing on Merit,,YES,,,188,111,0.5904255319,"$2,196,122.01",,,,,,,,,,,"$16,650",,,,,,4327
,3500 EDISON ST SAN MATEO CA 94403,,,,,,,,,,,,,,,,,Hillsdale Property LP,Hillsdale Gardens Apartments,San Mateo,San Mateo,"Grant up to $10,000",24-411,10/11/2024,Vistria Group,Ethos Real Estate,"Pacific Housing, Inc.",,NO,,,697,697,1,$0.00,,,,039-481-250,,,,,,,"$74,775",,"$573,184.17",2024,"$501,947.98",2025,3500
Multiple,"5601 NORTH PARAMOUNT BOULEVARD, Long Beach",,,,,,,,,,,,,,,,,"Avanath Seaport, LP",Seaport Village Apartments,Long Beach,Los Angeles,"Grant up to $10,000",24-442,11/22/2024,Avanath Capital,,"Pacific Housing, Inc.",,NO,,,356,144,0.404494382,$0.00,,YES,,,,,,,,,"$21,600",,,,,,5601
,"5601 NORTH PARAMOUNT BOULEVARD, Long Beach",,,,,,,,,,,,,,,,,,,,,,,,,,,,,,,,,,,,,,,,,,,,,,,,,,,
,651 ADDISON ST BERKELEY CA 94710,,,,,,,,,,,,,,,,,651 Addison LLC,Viewpoint Apartments,Berkeley,Alameda,"Grant up to $10,000",24-470,12/13/2024,Bridge Housing,,Bridge Housing,,,,,94,71,0.7553191489,$0.00,,,https://bridgehousing.com/properties/viewpoint/,56-1954-9,,,https://propertytax.alamedacountyca.gov/view-bill?taxType=SEC&tracer=14246000&rollYear=2025,,,,"$10,650",,"$581,275.14",2025,,,651
,2130 SOUTHWEST EXPY SAN JOSE CA 95126,,,,,,,,,,,,,,,,,BWF III Ethos CA Los Gatos Creek LP,SoFi Los Gatos Creek Apartments,San Jose,Santa Clara,"Grant up to $10,000",24-472,12/13/2024,Ethos Real Estate,Bridge Investment Group,"Casa Major, Inc.",https://www.ethos-re.com/news/sofi-at-los-gatos-creek-adam-siegman-comments-on-affordable-housing,NO,61.1,12/31/2024,193,193,1,$0.00,1969,,https://www.losgatoslandingapts.com/,284-24-015,,,https://www.sccassessor.org/index.php/all-situs-search?SFrom=all&SType=all&STab=address&addValue=2130%20Southwest%20Expressway&guid=3901f7e4-ad19-4bf2-9ca2-03134f319849,"$38,088,016","$17,709,486",,"$28,950",,"$397,013.56",2024,272122.5,2025,2130
5049-009-082,2533 S MANSFIELD AVE LOS ANGELES CA 90016,,,,,,,,"$2,065,837.00",-,,,,,,,,"2533 Mansfield Owner, L.P., a California limited partnership",Mansfield Micro Apartments,Los Angeles,Los Angeles,"Grant up to $10,000 (Charitable Affordable Housing)",25-084,2/21/2025,"CIM Group, LLC",,"Pacific Housing, Inc.",,YES,,,116,115,0.9913793103,"$2,048,028.06",,,,,,,,,,,"$17,250",,,,,,2533
263-241-46,7777 VALLEY VIEW STREET LA PALMA CA,,,,,,,,,,,,,,,,,"7777 Valley View, L.P., a California limited partnership",Casa La Palma Apartments,La Palma,Orange,"Grant up to $10,000 (Charitable Affordable Housing)",25-103,3/14/2025,Mariman & Co.,,AOF/Pacific Affordable Housing Corporation,,NO,,,272,270,0.9926470588,$0.00,1978,,,,,,,,,,"$40,500",,,,,,7777
2731-008-014,10535 LINDLEY AVE GRANADA HILLS CA 91326,,,,,,,,"$14,893,295.00",-,,,,,,,,10535 Lindley Affordable L.P.,Lindley Parc Apartments,Los Angeles,Los Angeles,"Grant up to $10,000 (Charitable Affordable Housing)",25-116,4/4/2025,Taylor Equities,,Housing on Merit,,,,,50,50,1,"$14,893,295.00",,,,,,,,,,,"$4,800",,,,,,10535
,26 TERRACE VIEW CT DALY CITY CA 94015,,,,,,,,,,,,,,,,,"SFF 4, LLC",Terrace View Apartments,Daly City,San Mateo,"Grant up to $10,000 (Charitable Affordable Housing)",25-144,4/25/2025,The Sobrato Organization,,"Pacific Housing, Inc.",,,,,122,,0,$0.00,,,,6312820,6312830,6312840,,,,,"$18,300",,,,,,26
5036-031-006,1451 W MLK BLVD LOS ANGELES CA,,,,,,,,"$1,569,525.00",-,,,,,,,,1451 W. MLK Boulevard Apartments,1451 W. MLK Boulevard Apartments,Los Angeles,Los Angeles,,Proposed,6/6/2025,"SoLa Impact, LLC",,Housing on Merit,,YES,,,50,49,0.98,"$1,538,134.50",,,,,,,,,,,"$7,350",,,,,,1451
6011-008-052,321 E FLORENCE AVE LOS ANGELES CA,,,,,,,,"$5,960,901.00",-,,,,,,,,"3 SIOF 321 E Florence Ave, LP",321 E. Florence Apartments,Los Angeles,Los Angeles,"Grant up to $10,000 (Charitable Affordable Housing)",25-283,6/27/2025,"SoLa Impact, LLC",,Housing on Merit,,YES,,,31,30,0.9677419355,"$5,768,613.87",,,,,,,,,,,"$4,500",,,,,,321
7451-037-031,"569 W 6TH STREET, San Pedro, CA",,,,,,,,"$1,363,864.00",-,,,,,,,,"SIOF 5 Properties, LP, California limited partnership",569 W. 6th Street Apartments,Los Angeles,Los Angeles,"Grant up to $10,000 (Charitable Affordable Housing)",25-288,6/27/2025,"SoLa Impact, LLC",,Housing on Merit,,YES,,,48,47,0.9791666667,"$1,335,450.17",,,,,,,,,,,"$7,050",,,,,,569
2695-003-001,17188 CHATSWORTH ST LOS ANGELES CA,,,,,,,,"$647,700.00",-,,,,,,,,"Chatsworth Housing, LP",Chatsworth Apartments,Los Angeles,Los Angeles,"Grant up to $10,000 (Charitable Affordable Housing)",25-308,7/18/2025,BMI Developments,,"Kingdom Development, Inc.",,YES,,,69,68,0.9855072464,"$638,313.04",,,,,,,,,,,"$10,200",,,,,,17188
8576-001-024,4640 ARDEN WAY EL MONTE CA 91731,,,,,,,,"$45,150,518.00",-,,,,,,,,"Flag VII The Parker, L.P.",The Parker Apartments,El Monte,Los Angeles,"Grant up to $10,000 (Charitable Affordable Housing)",25-350,8/8/2025,Belveron Partners,,Las Palmas Housing & Development Corporation,,NO,,,177,177,1,"$45,150,518.00",,,,,,,,,,,"$26,550",,,,,,4640
,1026 S DE ANZA BLVD SAN JOSE CA 95129,,,,,,,,,,,,,,,,,"Fountain Park, L.P.",Fountain Park Apartments,San Jose,Santa Clara,"Grant up to $10,000 (Charitable Affordable Housing)",25-349,8/8/2025,Sack Capital Partners,Belveron Partners,Las Palmas Housing & Development Corp.,https://rebusinessonline.com/sack-properties-belveron-partners-buy-164-unit-multifamily-property-in-san-jose-california/,,,8/29/2025,164,164,1,$0.00,,,,372-26-016,,,,"$4,692,739",,,"$24,600",,,,,,1026
,355 KIELY BLVD SAN JOSE CA 95129,,,,,,,,,,,,,,,,,"Standard Vistria Park Kiely Owner, LP",Park Kiely Apartments,San Jose,Santa Clara,"Grant up to $10,000 (Charitable Affordable Housing)",25-348,8/8/2025,Standard Property Company,Vistria,Housing on Merit,,,410,8/27/2025,948,948,1,$0.00,1972,,,296-40-005,296-40-004,296-40-003,https://www.sccassessor.org/index.php/apn-redirect?ApnValue=29640005,"$124,454,061",,,"$93,600",,1669100.64,2024,1719040.04,2025,355
,832 IROLO STREET LOS ANGELES CA,,,,,,,,,,,,,,,,,Irolo 16 LLLP,Irolo Apartments,Los Angeles,Los Angeles,"Approve application for proposed grant up to $10,000",25-454,9/19/2025,K3 Holdings,,"Kingdom Development, Inc.",,NO,,,32,32,1,$0.00,,,,,,,,,,,"$4,800",,,,,,832
,5210 MONTEREY RD SAN JOSE CA 95111,,,,,,,,,,,,,,,,,"Thornbridge Holdings, L.P.",Thornbridge Apartments,San Jose,Santa Clara,,,11/21/2025,Community HousingWorks,,Community HousingWorks,,NO,,,286,286,1,$0.00,,,,,,,,,,,"$42,900",,,,,,5210
41805060,5669 N FRESNO ST FRESNO CA 93710,,,,,,,,"$30,330,305.00",,,,,,,,,"Post Renaissance Apartments, LP",Renaissance Apartment Homes,Fresno,Fresno,,,11/21/2025,Post Investment Group,,Foundation for Affordable Housing,,NO,,,278,278,1,"$30,330,305.00",1984,,,,,,,,,,"$41,700",,,,,,5669
4125-011-010,9033 RAMSGATE AVENUE WESTCHESTER CA,,,,,,,,"$1,206,999.00",-,,,,,,,,9033 Ramsgate LP,9033 Ramsgate Apartments,Los Angeles,Los Angeles,,,11/21/2025,Six Peak Capital,,Housing on Merit,,,,,116,116,1,"$1,206,999.00",,,,,,,,,,,"$17,400",YES,,,,,9033