cand_parcelnumb_no_formatting,query_Address,cand_address,cand_usecode,cand_usedesc,cand_zoning,cand_zoning_description,cand_numunits,cand_parvaltype,cand_parval,exemption value,cand_owner,cand_mailadd,cand_saddno,cand_saddstr,cand_county,cand_gisacre,cand_ll_gisacre,query_Applicant / Entity,query_Property Name,query_City,query_County
5518013007,103 S EDGEMONT STREET LOS ANGELES CA 90004,103 S EDGEMONT ST LOS ANGELES CA 90004-5551,500,Residential - Five or more apartments,R3-1,Multiple Residential,40,GROSS ASSESSED,"$10,674,504",,1641 ALEXANDRIA LLC AND,345 N MAPLE DR STE 135,103,EDGEMONT,los-angeles,,0.27005,103 S Edgemont LLLP,Edgemont Apartments,Los Angeles,Los Angeles
5080006008,1057 S WESTERN AVENUE LOS ANGELES CA,1057 S WESTERN AVE LOS ANGELES CA 90006-2344,500,Residential - Five or more apartments,C2-1,Commercial,76,GROSS ASSESSED,"$14,010,916",,WESTERN 19 LLC,345 N MAPLE DR STE 135,1057,WESTERN,los-angeles,,0.367,Western 19 LLLP,Western Apartments,Los Angeles,Los Angeles
6063029029,10705 AVALON BLVD LOS ANGELES CA,10705 AVALON BLVD LOS ANGELES CA 90061-2521,1100,Commercial - Stores,[Q]R4-1,Qualified Multiple Residential,0,GROSS ASSESSED,"$936,360",,BIF NON OZ 10705 AVALON BLVD LP,1000 E 60TH ST,10705,AVALON,los-angeles,,0.25721,"PS 10705 Avalon Blvd, LP",10705 Avalon Blvd Apartments,Los Angeles,Los Angeles
6070-003-038,10811 S COMPTON AVENUE LOS ANGELES CA,10811 COMPTON AVE LOS ANGELES CA 90059,,,C2-1VL-CPIO,Commercial Very Limited Height Community Plan Implementation Overlay,2,,,,,,10811,COMPTON,los-angeles,,0.16215,10811 S. Compton Ave Apartments,10811 S. Compton Ave Apartments,Los Angeles,Los Angeles
2421011010,10910 HUSTON ST NORTH HOLLYWOOD CA 91601,10910 HUSTON ST NORTH HOLLYWOOD CA 91601-4618,100,Residential - Single,[Q]R3-1,Qualified Multiple Residential,1,GROSS ASSESSED,"$1,417,800",,10910 HUSTON LLC,7257 BEVERLY BLVD UNIT 212,10910,HUSTON,los-angeles,,0.1926,10910 Huston LP,Huston Affordable Housing Apartments,Los Angeles,Los Angeles
6083001009,110 IMPERIAL HIGHWAY LOS ANGELES CA,110 E IMPERIAL HWY LOS ANGELES CA 90061-2543,3100,Industrial - Lgt Manf.Sm. EQPT. Manuf Sm.Shps Instr.Manuf. Prnt Plnts,C2-2D-CPIO,Commercial 2 Development Limitations Community Plan Implementation Overlay,0,GROSS ASSESSED,"$429,364",,WASHINGTONLANIS E,110 E IMPERIAL HWY,110,IMPERIAL,los-angeles,,0.2368,"BIF NON OZ 2000 Imperial Hwy Blk, LP",2023 Imperial Apartments,Los Angeles,Los Angeles
39612209,1100-1200 E FAIRHAVEN AVENUE SANTA ANA CA,1100.0 FAIRHAVEN AVE SANTA ANA CA 92705-6754,2,,R4,Suburban Apartment,,GROSS ASSESSED,"$18,340,000",-,BRETT GEORGE H TR G H,2309 PACIFIC COAST HWY,1100,FAIRHAVEN,orange,,2.62481,Post Arbors Santa Ana LP,The Arbors Apartments,Santa Ana,Orange
39612130,1100-1200 E FAIRHAVEN AVENUE SANTA ANA CA,1200 FAIRHAVEN AVE SANTA ANA CA 92705-6754,,,,,,,"$22,410,000",-,,,,,,,,Post Arbors Santa Ana LP,The Arbors Apartments,Santa Ana,Orange
5081006014,1111 S NORTON AVENUE LOS ANGELES CA 90019,1111 S NORTON AVE LOS ANGELES CA 90019-3363,500,Residential - Five or more apartments,R3-1-O-HPOZ,Multiple Residential Oil Drilling Historic Preservation Overlay Zone,20,GROSS ASSESSED,"$3,121,200",,1111 NORTON LLC,PO BOX 46342,1111,NORTON,los-angeles,,0.16144,1111 Norton LLLP,Norton Apartments,Los Angeles,Los Angeles
5136019023,1136 S ALVARADO STREET LOS ANGELES CA,1136 S ALVARADO ST LOS ANGELES CA 90006-4138,2600,"Commercial - Auto, Recreation EQPT, Construction EQPT, Sales & Service",C2-1-HPOZ,Commercial Historic Preservation Overlay Zone,0,GROSS ASSESSED,"$4,447,710"," $ 4,262,686 ",1132 ALVARADO LLC,1401 WESTWOOD BLVD STE 300,1136,ALVARADO,los-angeles,,0.21521,"Alvarado Affordable Associates, L.P.",Alvarado Streets Apartments,Los Angeles,Los Angeles
31342061,1180 LOCHINVAR AVE SUNNYVALE CA 94087,1180 LOCHINVAR AVE SUNNYVALE CA 94087-5100,4,Five or more Family,R4,High Density Residential,148,ASSESSED,"$70,919,811",-,SUNNYVALE CROSSINGS APARTMENTS LLC,4970 EL CAMINO REAL STE 220,1180,LOCHINVAR,santa-clara,4.91,5.23451,"Ethos GP I Venture, LP,",The Crossings Apartments,Sunnyvale,Santa Clara
28501900330000,1201 FULTON AVE SACRAMENTO CA 95825,1201.0 FULTON AVE SACRAMENTO CA 95825-7386,AE063A,,RD-30,High Density Multifamily Residential,63,NET ASSESSED,"$15,111,810",,1201 FULTON AVE TIC 1 LLCETAL,700 N SAN VICENTE BLVD #G860,1201,FULTON,sacramento,,2.95695,1201 Fulton Ave LP,The Carla Apartments,Unincorporated,Sacramento
52082450,1212 WHIPPLE AVE REDWOOD CITY CA 94062,1212 WHIPPLE AVE REDWOOD CITY CA 94062-1556,105L,,R-5,Multi Family High Density,66,MARKET,"$25,240,000",-,SFF 3 LLC,599 CASTRO ST STE 400,1212,WHIPPLE,san-mateo,,1.05333,"SFF 3, LLC",SoFi Redwood Park Apartments,Redwood City,San Mateo
2321001019,12300 SHERMAN WAY NORTH HOLLYWOOD CA 91605,12300 SHERMAN WAY NORTH HOLLYWOOD CA 91605-5527,501,Residential - Five or more apartments,R3-1,Multiple Residential,236,GROSS ASSESSED,"$33,410,613",,POST MARQUEE NORTH HOLLYWOOD LP,8149 SANTA MONICA BLVD STE 298,12300,SHERMAN,los-angeles,,4.49406,"Post Marquee North Hollywood, LP",Marquee Apartments,Los Angeles,Los Angeles
12918108,1250 S EUCLID ST ANAHEIM CA,1250.0 S EUCLID ST ANAHEIM CA 92802-1907,2,,RM-4,Multiple Family Residential,168,GROSS ASSESSED,"$60,690,000",-,EUCLID BALL ASSOC,PO BOX 847,1250,EUCLID,orange,,5.21546,"Coronado Owner, LP",Coronado Palms Apartments,Anaheim,Orange
89082034000,1260 GROVE ST HEALDSBURG CA 95448,1260 GROVE ST HEALDSBURG CA 95448-4784,49,ENFORCEABLY RESTRICTED APTS,MU,Mixed Use District,37,TOTAL ASSESSED,"$10,140,095",,SVI MFH LLC,DBA CITRINE APARTMENTS,1260,GROVE,sonoma,2,1.97197,"Citrine Preservation, LP",Citrine Apartments,Healdsburg,Sonoma
5518013024,130 S ALEXANDRIA AVENUE LOS ANGELES CA,130 S ALEXANDRIA AVE LOS ANGELES CA 90004-2791,500,Residential - Five or more apartments,R3-1,Multiple Residential,30,GROSS ASSESSED,"$13,742,642",,130 ALEXANDRIA LLC,11030 SANTA MONICA BLVD STE 300,130,ALEXANDRIA,los-angeles,,0.55033,130 Alexandria LLLP,Alexandria II Apartments,Los Angeles,Los Angeles
4291019007,1422-1428 6TH ST SANTA MONICA CA,1428 6TH ST SANTA MONICA CA 90401-2542,,,,,,,"$8,520,000","$1,937,646",,,,,,,,"GC 1422-1428 6th, LP",Santa Monica Portfolio A Apartments,Santa Monica,Los Angeles
4291019006,1422-1428 6TH ST SANTA MONICA CA,1422 6TH ST SANTA MONICA CA 90401-2542,1210,Commercial - Store Combination,TA,Transit Adjacent,28,GROSS ASSESSED,"$5,022,833",,GC 1422 1428 6TH LP,3019 OCEAN PARK BLVD,1422,6TH,los-angeles,,0.17217,"GC 1422-1428 6th, LP",Santa Monica Portfolio A Apartments,Santa Monica,Los Angeles
4291020005,1422-1432 7TH SANTA MONICA CA,1422 7TH ST SANTA MONICA CA 90401-2653,500,Residential - Five or more apartments,NV,Neighborhood Village,28,GROSS ASSESSED,"$7,650,000","$3,491,875",GC 1422 1432 7TH LP,3019 OCEAN PARK BLVD STE 730,1422,7TH,los-angeles,,0.17165,"GC 1422-1432 7th, LP",Santa Monica Portfolio B Apartments,Santa Monica,Los Angeles
4291020006,1422-1432 7TH SANTA MONICA CA,1430 7TH ST SANTA MONICA CA 904012600,,,,,,,"$7,650,000","$3,491,875",,,,,,,,"GC 1422-1432 7th, LP",Santa Monica Portfolio B Apartments,Santa Monica,Los Angeles
4291020007,1422-1432 7TH SANTA MONICA CA,1432 7TH ST SANTA MONICA CA 904012612,,,,,,,"$7,770,000","$3,594,576",,,,,,,,"GC 1422-1432 7th, LP",Santa Monica Portfolio B Apartments,Santa Monica,Los Angeles
4291020018,1423-1425 6TH SANTA MONICA CA,1425 6TH ST SANTA MONICA CA 904012558,,,,,,,"$10,450,000","$5,443,405",,,,,,,,"GC 1423-1425 6th, LP",Santa Monica Portfolio C Apartments,Santa Monica,Los Angeles
4291020019,1423-1425 6TH SANTA MONICA CA,1423 6TH ST SANTA MONICA CA 90401-2593,500,Residential - Five or more apartments,NV,Neighborhood Village,24,GROSS ASSESSED,"$10,450,000","$5,443,405",GC 1423 1425 6TH LP,3019 OCEAN PARK BLVD STE 730,1423,6TH,los-angeles,,0.17268,"GC 1423-1425 6th, LP",Santa Monica Portfolio C Apartments,Santa Monica,Los Angeles
4291024007,1522 6TH ST SANTA MONICA CA,1522 6TH ST SANTA MONICA CA 90401-2548,550,Residential - Five or more apartments,TA,Transit Adjacent,26,GROSS ASSESSED,"$4,530,218",,GC 1522 6TH LP,3019 OCEAN PARK BLVD STE 730,1522,6TH,los-angeles,,0.17185,"GC 1522 6th, LP",Santa Monica Portfolio D Apartments,Santa Monica,Los Angeles
4291022015,1537 7TH SANTA MONICA CA,1537 7TH ST SANTA MONICA CA 90401-2672,540,Residential - Five or more apartments,TA,Transit Adjacent,36,GROSS ASSESSED,"$4,620,825",,GC 1537 7TH LP,3019 OCEAN PARK BLVD STE 730,1537,7TH,los-angeles,,0.17212,"GC 1537 7th, LP",Santa Monica Portfolio E Apartments,Santa Monica,Los Angeles
25404108,1700 NEWBURY PARK DR SAN JOSE CA 95133,1700 NEWBURY PARK DR SAN JOSE CA 95133-1771,4,Five or more Family,A(PD,Agriculture Planned Development,230,ASSESSED,"$113,197,044",,STOCKBRIDGE NEWBURY PARK LLC,4 EMBARCADERO UNIT 3000,1700,NEWBURY PARK,santa-clara,2.86,2.81564,"Ethos GP I Venture, LP",LINQ Apartments,San Jose,Santa Clara
4262018026,1734 S BARRINGTON AVE LOS ANGELES CA 90025,1734 S BARRINGTON AVE LOS ANGELES CA 90025-4010,300,Residential - Three Units (Any Combination),[Q]RD1.5-1,Qualified Restricted Density Multiple Dwelling,3,GROSS ASSESSED,"$1,883,105",,PASSO BARRINGTON LP,121 S PALM DR APT 301,1734,BARRINGTON,los-angeles,,0.16967,"Passo Barrington, LP",Passo Barrington Apartments,Los Angeles,Los Angeles
1043514700,1735 S MISSION RD FALLBROOK CA 92028,1735.0 S MISSION RD FALLBROOK CA 92028-4548,9101,Vacant and Undeveloped Land,C34-AR(Q -D(40 -LOT(- -BT(L -MFAR(- -FAR(- -H(G -COV(- -SB(O -OS(A -SR(B-C,General Commercial And Residential,107,ASSESSED,"$32,460,480",,1735 SOUTH MISSION LP,7755 CENTER AVE #575,1735,MISSION,san-diego,2.71,2.79466,1735 South Mission LP,Fallbrook Trail Apartments,San Diego,San Diego
4262016011,1747 STONER AVENUE LOS ANGELES CA 90025,1747 STONER AVE LOS ANGELES CA 90025-1812,300,Residential - Three Units (Any Combination),[Q]R3-1,Qualified Multiple Residential,3,GROSS ASSESSED,"$2,175,258",,PASSO STONER LP,121 S PALM DR APT 301,1747,STONER,los-angeles,,0.16902,"Passo Stoner, LP",Passo Stoner Apartments,Los Angeles,Los Angeles
2119001222,18325 SATICOY ST RESEDA CA 91335,18325 SATICOY ST RESEDA CA 91335-2965,501,Residential - Five or more apartments,QR3-1,Qualified Multiple Residential,52,GROSS ASSESSED,"$16,626,000",,HACIENDA INVESTORS LP,15301 VENTURA BLVD STE 5B70,18325,SATICOY,los-angeles,,1.39432,Hacienda Investors LP,Windmere Court Apartments,Los Angeles,Los Angeles
2125017014,18337 KITTRIDGE ST RESEDA CA 91335,18337 KITTRIDGE ST RESEDA CA 91335-6108,100,Residential - Single,R3-1-RIO,Multiple Residential River Improvement Overlay,1,GROSS ASSESSED,"$943,500",,18337 KITTRIDGE LLC,8549 WILSHIRE BLVD PMB 3456,18337,KITTRIDGE,los-angeles,,0.21164,"18337 Kittridge, LP",Kittridge Affordable Housing Apartments,Los Angeles,Los Angeles
8630009026,18615 E ARROW HWY COVINA CA 91722,18615 E ARROW HWY COVINA CA 91722-1828,501,Residential - Five or more apartments,CAH,Corridor Arrow Highway,82,GROSS ASSESSED,"$21,864,168",,PACIFIC TRAILS LP,2566 OVERLAND AVE STE 700,18615,ARROW,los-angeles,,3.21037,"Pacific Trails, LP",Pacific Trails Apartments,Azusa,Los Angeles
5518020021,200 S KENMORE AVENUE LOS ANGELES CA,200 S KENMORE AVE LOS ANGELES CA 90004-5650,500,Residential - Five or more apartments,R3-1,Multiple Residential,48,GROSS ASSESSED,"$9,200,673",,KENMORE II 20 LLC,345 N MAPLE DR STE 135,200,KENMORE,los-angeles,,0.19015,Kenmore II 20 LLLP,Kenmore II Apartments,Los Angeles,Los Angeles
4275024005,2001-2029 OLYMPIC BLVD SANTA MONICA,2001 OLYMPIC BLVD SANTA MONICA CA 90404-3942,500,Residential - Five or more apartments,IC,Industrial Conservation,100,GROSS ASSESSED,"$8,990,000","$8,990,000",GC 20012029 OLYMPIC LP,3019 OCEAN PARK BLVD STE 730,2001,OLYMPIC,los-angeles,,0.16334,"GC 2001-2029 Olympic, LP",Santa Monica Portfolio F Apartments,Santa Monica,Los Angeles
4275024015,2001-2029 OLYMPIC BLVD SANTA MONICA,2029 OLYMPIC BLVD SANTA MONICA CA 904043922,,,,,,,"$20,360,000","$13,362,409",,,,,,,,"GC 2001-2029 Olympic, LP",Santa Monica Portfolio F Apartments,Santa Monica,Los Angeles
5183012030,2025 E 4TH STREET LOS ANGELES CA,2025 E 4TH ST LOS ANGELES CA 90033-4364,500,Residential - Five or more apartments,[Q]C2-1-CUGU,Qualified Commercial Clean Up Green Up Overlay,24,GROSS ASSESSED,"$4,166,030",,9040 HARRATT LLC AND,345 N MAPLE DR STE 135,2025,4TH,los-angeles,,0.15456,2025 E 4th Street LLLP,4th Street Apartments,Los Angeles,Los Angeles
5183001017,2025 NEW JERSEY ST LOS ANGELES CA,2025 NEW JERSEY ST LOS ANGELES CA 90033-2883,050V,Residential - Five or more apartments,[Q]R4-1-CUGU,Qualified Multiple Residential Clean Up Green Up Overlay,0,GROSS ASSESSED,"$527,950",,2025 NJ LP,269 S BEVERLY DR PMB 182,2025,NEW JERSEY,los-angeles,,0.13646,"2025 NJ, LP",2025 New Jersey Apartments,Los Angeles,Los Angeles
5517005016,207 S OXFORD AVENUE LOS ANGELES CA,207 N OXFORD AVE LOS ANGELES CA 90004-4230,500,Residential - Five or more apartments,R4-1,Multiple Residential,32,GROSS ASSESSED,"$6,452,506",,OXFORD 20 LLC,345 N MAPLE DR STE 135,207,OXFORD,los-angeles,,0.16373,Oxford 20 LLLP,Oxford II Apartments,Los Angeles,Los Angeles
5501013028,209 WESTMORELAND AVE LOS ANGELES CA 90004,209 S WESTMORELAND AVE LOS ANGELES CA 90004-6109,501,Residential - Five or more apartments,R4-1,Multiple Residential,687,GROSS ASSESSED,"$129,082,596",,KW WESTMORELAND TIC LLC AND,151 EL CAMINO DR,209,WESTMORELAND,los-angeles,,8.42745,"Chadwick Owner, LP",Chadwick Apartments,Los Angeles,Los Angeles
5473131800,220 47TH ST SAN DIEGO CA 92102,220 47TH ST SAN DIEGO CA 92102-5037,1200,Multi-Family Residential,RM-2-5,Residential Multiple Unit,96,ASSESSED,"$5,832,864",,CREEKSIDE HOLDINGS LTD,595 RIVERWOOD DR #400,220,47TH,san-diego,5.01,4.98621,"Post Creekside, LP",Creekside Villas Apartments,San Diego,San Diego
5180001013,228 N SOTO STREET LOS ANGELES CA,228 N SOTO ST LOS ANGELES CA 90033-2915,010V,Residential - Single,R4-1-CUGU,Multiple Residential Clean Up Green Up Overlay,0,GROSS ASSESSED,"$2,509,100",,EV 228 SOTO LLC,269 S BEVERLY DR PMB 182,228,SOTO,los-angeles,,0.19646,"EV 228 Soto, LP, a California limited partnership",Soto Apartments,Los Angeles,Los Angeles
5183013001,2330 E 3RD STREET LOS ANGELES CA,2330 E 3RD ST LOS ANGELES CA 90033-4012,,,RD1.5-1-CUGU,Restricted Density Multiple Dwelling Clean Up Green Up Overlay,,,"$1,250,000",-,,,2330,3RD,los-angeles,,0.19687,2330 3rd Street Apartments L.P.,2330 E. 3rd Street Apartments,Los Angeles,Los Angeles
28502100410000,2345 NORTHROP AVE SACRAMENTO CA 95825,2345.0 NORTHROP AVE SACRAMENTO CA 95825-7571,AE272A,,RD-30,High Density Multifamily Residential,272,NET ASSESSED,"$51,313,873",,DEMMON THE FALLS LLC,702 MARSHALL ST #306,2345,NORTHROP,sacramento,,9.1345,"GB Falls, LP",The Falls at Arden Apartments,Sacramento,Sacramento
5518026004,236 N BERENDO STREET LOS ANGELES CA,236 N BERENDO ST LOS ANGELES CA 90004-4704,100,Residential - Single,R3-1,Multiple Residential,1,GROSS ASSESSED,"$1,387,200",,236 BERENDO HOLDINGS OZ LP,430 S GARFIELD AVE STE 316,236,BERENDO,los-angeles,,0.17229,236 Berendo Holdings OZ LP,236 Berendo Apartments,Los Angeles,Los Angeles
39626156,2414 N TUSTIN AVE SANTA ANA CA 92705,2414 N TUSTIN AVE SANTA ANA CA 92705-1602,2,,R4,Suburban Apartment,80,GROSS ASSESSED,"$25,500,000",-,TUSTIN AVENUE APARTMENTS LLC,7 CORPORATE PARK DR,2414,TUSTIN,orange,,12.41914,"BWF II ETHOS CA HORIZON LP, a Delaware limited partnership",Horizon Apartments,Santa Ana,Orange
867281,2415 VALDEZ ST OAKLAND CA 94612,2415 VALDEZ ST OAKLAND CA 94612-3600,7705,,D-BV-2,Broadway Valdez 2,89,ASSESSED,"$24,073,679",,NOOK VALDEZ II LLC,P O BOX 121088,2415,VALDEZ,alameda,,0.16779,"Electric Lofts, LP",Electric Lofts Apartments,Oakland,Alameda
5518008009,247 S ALEXANDRIA AVENUE LOS ANGELES CA,247 S ALEXANDRIA AVE LOS ANGELES CA 90004-5549,500,Residential - Five or more apartments,R4-1,Multiple Residential,27,GROSS ASSESSED,"$4,457,073",,247 S ALEXANDRIA LLC,PO BOX 46342,247,ALEXANDRIA,los-angeles,,0.16661,247 S Alexandria LLLP,Alexandria I Apartments,Los Angeles,Los Angeles
5518008014,260 S MARIPOSA AVENUE LOS ANGELES CA,260 S MARIPOSA AVE LOS ANGELES CA 90004-5470,500,Residential - Five or more apartments,R4-1,Multiple Residential,40,GROSS ASSESSED,"$8,388,848",,260 S MARIPOSA LLC,PO BOX 46342,260,MARIPOSA,los-angeles,,0.17151,260 S Mariposa LLLP,Mariposa II Apartments,Los Angeles,Los Angeles
454251243,26409 GADING RD HAYWARD CA 94544,26409 GADING RD HAYWARD CA 94544-3603,7700,,RM,Medium Density Residential,61,ASSESSED,"$17,000,269",,SFF 2 LLC,599 CASTRO ST,26409,GADING,alameda,,3.3956,"SFF 2, LLC",Townhomes at Gading Apartments,Hayward,Alameda
344007,275 TURK ST SAN FRANCISCO CA,275 TURK ST SAN FRANCISCO CA 94102-3831,,,RC-4-80-T-120-T,Residential Commercial High Density,66,ASSESSED,"$17,116,303",,RHIMOSSER 275 TURK LP,220 MONTGOMERY ST FL 20,275,TURK,san-francisco,,0.17318,RHI-Mosser 275 Turk LP,275 Turk Street Apartments,San Francisco,San Francisco
1701000273,3081 N MAIN ST WALNUT CREEK CA 94597,3081.0 N MAIN ST WALNUT CREEK CA 94597-1940,27,"Apartments, 25-59 units",M-1.5,Multiple Family Residential,32,ASSESSED,"$10,616,112",,ENCLAVE LP,2191 MARKET ST STE A,3081,MAIN,contra-costa,1.12,1.01619,"ENCLAVE LP, a California limited partnership",The Enclave Apartments,Walnut Creek,Contra Costa
5160009020,333 DOUGLAS ST LOS ANGELES CA,333 DOUGLAS ST LOS ANGELES CA 90026-5632,100,Residential - Single,CW,Central City West Specific Plan,1,GROSS ASSESSED,"$1,144,440",,CAR VORTEX LLC,3300 NORTHSIDE PKWY NW,333,DOUGLAS,los-angeles,,0.12855,"333 Douglas Street, LP, a California limited partnership",333 Douglas Apartments,Los Angeles,Los Angeles
4054900073,3400 RICHMOND PKWY RICHMOND CA 94806,3400.0 RICHMOND PKWY RICHMOND CA 94806-5207,28,"Apartments, 60 units or more",RM2,Multifamily High Density Residential,1008,ASSESSED,"$222,047,798",,GUARDIANKW HILLTOP LLC,151 S EL CAMINO DR,3400,RICHMOND,contra-costa,46.868,46.8333,"Bella Vista Owner, LP",Bella Vista at Hilltop Apartments,Richmond,Contra Costa
147091180000,363 E GILBERT ST SAN BERNARDINO CA,363 E GILBERT ST SAN BERNARDINO CA 92404-5343,623,"SENIOR CITIZEN APT, 15 UNITS AND UP",CO,Commercial Office,71,,"$4,075,000",,CASTLE ROCK BERNARDINE APARTMENTS LP,17328 VENTURA BLVD #404,363,GILBERT,san-bernardino,0.36,0.32213,"Castle Rock Bernardine Apartments, LP",Bernardine Apartments,San Bernardino,San Bernardino
5518027010,3715 W 1ST STREET LOS ANGELES CA,3715 W 1ST ST LOS ANGELES CA 90004-5848,550,Residential - Five or more apartments,R3-1,Multiple Residential,55,GROSS ASSESSED,"$11,906,753",,3715 W 1ST STREET LLC,PO BOX 46342,3715,1ST,los-angeles,,0.25832,3715 W 1st Street LLLP,Seven Lions Apartments,Los Angeles,Los Angeles
21332022,3765 TAMARACK LN SANTA CLARA CA 95051,3765 TAMARACK LN SANTA CLARA CA 95051-2571,4,Five or more Family,R3-25D,Moderate Density Multiple Dwelling,114,ASSESSED,"$27,979,060",,MONTECITO SANTA CLARA LLC,777 S CALIFORNIA AVE STE 100,3765,TAMARACK,santa-clara,2.09,2.09115,"Flag VII Montecito, L.P.",Montecito Apartments,San Jose,Santa Clara
50115064010,38000 CAMDEN ST FREMONT CA 94536,38000.0 CAMDEN ST FREMONT CA 94536-5169,7700,,P-63-2,Planned District 63 2,192,ASSESSED,"$73,418,537",,CAMDEN STREET APARTMENTS LLC,7 CORPORATE PARK DR,38000,CAMDEN,alameda,,10.94495,"Flag VII Camden Village, L.P.",Camden Village Apartments,Fremont,Alameda
0345012C,381 TURK ST SAN FRANCISCO CA,381 TURK ST SAN FRANCISCO CA 94102-3749,,,RC-4-80-T,Residential Commercial High Density,32,ASSESSED,"$7,398,189",,381 TURK STREET ASSOCIATES LLC,220 MONTGOMERY ST FL 20,381,TURK,san-francisco,,0.14125,381 Turk Street Associates,381 Turk Street Apartment,San Francisco,San Francisco
3004004033,38441 5TH ST W PALMDALE CA 93551,38441 5TH ST W PALMDALE CA 93551-4262,501,Residential - Five or more apartments,RN-2,Residential Neighborhood 2,296,GROSS ASSESSED,"$14,702,565",,PALM CHAPARRAL APARTMENTS LLC,8149 SANTA MONICA BLVD PMB 298,38441,5TH,los-angeles,,18.7347,"Post Chaparral, LP",Chaparral Apartments,Palmdale,Los Angeles
01419405,400 CANAL ST SAN RAFAEL CA 94901,400 CANAL ST SAN RAFAEL CA 94901-4173,21,Multiple-Resid. - Improved,HR1-C,High Density Multi Family Residential And Canalfront Review Overlay District,98,,"$33,879,341",-,400 MERIDIAN LP,2191 MARKET ST,400,CANAL,marin,2.526,2.52513,"400 Meridian, LP, a California limited partnership",Meridian Apartments,San Rafael,Marin
5032015003,4101 SOMERSET DRIVE LOS ANGELES CA,4101 SOMERSET DR LOS ANGELES CA 90008-3465,500,Residential - Five or more apartments,C2-1-SP,Commercial Specific Plan,4,GROSS ASSESSED,"$3,451,872",,3 SIOF 4101 SOMERSET DR LLC,8629 S VERMONT AVE,4101,SOMERSET,los-angeles,,0.21107,"6 SIOF 4101 Somerset Dr, LP",4101 Somerset Dr. Apartments,Los Angeles,Los Angeles
4231018020,4129 CENTINELA AVENUE LOS ANGELES CA 90066,4129 S CENTINELA AVE LOS ANGELES CA 90066-4908,1100,Commercial - Stores,C2-1,Commercial,0,GROSS ASSESSED,"$1,630,000",,PASSO CENTINELA LP,121 S PALM DR APT 301,4129,CENTINELA,los-angeles,,0.11423,"Passo Centinela, LP",Passo Centinela I Apartments,Los Angeles,Los Angeles
5021028002,4209 S WESTERN AVE LOS ANGELES CA 90062,4209 S WESTERN AVE LOS ANGELES CA 90062-1643,1210,Commercial - Store Combination,C2-1VL-CPIO,Commercial Very Limited Height Community Plan Implementation Overlay,25,GROSS ASSESSED,"$10,924,200",,BIF NON OZ 4209 WESTERN AVE LP,1000 E 60TH ST,4209,WESTERN,los-angeles,,0.14935,"BIF NON OZ 4209 WESTERN AVE, LP",4209 Western Avenue Apartments,Los Angeles,Los Angeles
5021009036,4228 WESTERN AVENUE LOS ANGELES CA,4228 S WESTERN AVE LOS ANGELES CA 90062-1642,1100,Commercial - Stores,C2-1VL-CPIO,Commercial Very Limited Height Community Plan Implementation Overlay,0,GROSS ASSESSED,"$17,790,840",,BIF NON 4228 WESTERN AVE LP,1000 E 60TH ST,4228,WESTERN,los-angeles,,0.3961,"BIF NON OZ 4228 WESTERN AVE, LP",4228 Western Ave. Apartments,Los Angeles,Los Angeles
5024017036,4252 S CRENSHAW BLVD LOS ANGELES CA 90008,4252 S CRENSHAW BLVD LOS ANGELES CA 90008-2553,504,Residential - Five or more apartments,C1.5-1-SP,Limited Commercial Specific Plan,111,GROSS ASSESSED,"$26,914,860",,4252 CRENSHAW JV LLC,17141 VENTURA BLVD STE 214,4252,CRENSHAW,los-angeles,,0.51471,4252 Crenshaw LP,4252 Crenshaw Apartments,Los Angeles,Los Angeles
5503015016,426 S MANHATTAN PLACE LOS ANGELES CA,426 S MANHATTAN PL LOS ANGELES CA 90020-4140,500,Residential - Five or more apartments,R4-1,Multiple Residential,40,GROSS ASSESSED,"$6,897,851",,426 MANHATTAN LLC,PO BOX 46342,426,MANHATTAN,los-angeles,,0.19843,426 Manhattan LLLP,Manhattan III Apartments,Los Angeles,Los Angeles
7455002027,441 W 3RD ST SAN PEDRO CA 90731,441 W 3RD ST SAN PEDRO CA 90731-2650,500,Residential - Five or more apartments,C2-2D-CPIO,Commercial 2 Development Limitations Community Plan Implementation Overlay,93,GROSS ASSESSED,"$23,202,793",,POST HARBOR TERRACE LP,8149 SANTA MONICA BLVD STE 298,441,3RD,los-angeles,,1.01174,"Post Harbor Terrace, LP",Harbor Terrace Apartments,Los Angeles,Los Angeles
4251100188,4481 APPIAN WAY EL SOBRANTE CA 94803,4481.0 APPIAN WAY EL SOBRANTE CA 94803-2200,27,"Apartments, 25-59 units",P-1,Planned Unit,,ASSESSED,"$9,977,564",,APPIAN LP,2191 MARKET ST STE A,4481,APPIAN,contra-costa,,1.86803,APPIAN LP,Appian Terrace Apartments,El Sobrante,Contra Costa
5502011009,454 S CATALINA STREET LOS ANGELES CA,454 S CATALINA ST LOS ANGELES CA 90020-2476,500,Residential - Five or more apartments,R4-1,Multiple Residential,48,GROSS ASSESSED,"$7,490,880",,454 CATALINA LLC,PO BOX 46342,454,CATALINA,los-angeles,,0.21396,454 Catalina LLLP,Catalina Apartments,Los Angeles,Los Angeles
4221007056,4706 CENTINELA AVENUE LOS ANGELES CA 90066,4706 S CENTINELA AVE LOS ANGELES CA 90066-6818,500,Residential - Five or more apartments,R3-1,Multiple Residential,0,GROSS ASSESSED,"$2,190,000",,PASSO CENTINELA 2 LP,121 S PALM DR UNIT 301,4706,CENTINELA,los-angeles,,0.21881,"Passo Centinela 2, LP",Passo Centinela II Apartments,Los Angeles,Los Angeles
5484004400,5040 LOGAN AVENUE SAN DIEGO CA 92113,5040.0 LOGAN AVE SAN DIEGO CA 92113-3014,9101,Vacant and Undeveloped Land,CN-1-3,Commercial Neighborhood,0,ASSESSED,"$2,804,259",,K D LOGAN LLC,10625 SCRIPPS RANCH BLVD #F,5040,LOGAN,san-diego,2.82,2.73239,"Sol Haus Owner LP, California Limited Partnership",Sol Haus Apartments,San Diego,San Diego
5504029006,515 S ST ANDREWS PLACE LOS ANGELES CA 90020,515 S ST ANDREWS PL LOS ANGELES CA 90020-4470,501,Residential - Five or more apartments,R4-2,Multiple Residential,40,GROSS ASSESSED,"$10,012,496",,515 S ST ANDREWS LLC,PO BOX 46392,515,ST ANDREWS,los-angeles,,0.62033,515 S St. Andrews LLLP,St. Andrews I Apartments,Los Angeles,Los Angeles
170-04-068,5150 EL CAMINO REAL LOS ALTOS CA,,,,,,,,"$32,171,358",-,,,,,,,,Prometheus Real Estate Group,HARKEN APARTMENTS,Los Altos,Santa Clara
170-04-069,5150 EL CAMINO REAL LOS ALTOS CA,,,,,,,,"$18,766,626",-,,,,,,,,Prometheus Real Estate Group,HARKEN APARTMENTS,Los Altos,Santa Clara
5503017013,516 S ST ANDREWS PLACE LOS ANGELES CA 90020,516 S ST ANDREWS PL LOS ANGELES CA 90020-4462,556,Residential - Five or more apartments,R4-2,Multiple Residential,59,GROSS ASSESSED,"$14,209,574",,516 ST ANDREWS LLC,PO BOX 46342,516,ST ANDREWS,los-angeles,,0.20688,516 St. Andrews LLLP,St. Andrews II Apartments,Los Angeles,Los Angeles
5502019004,520 S MARIPOSA AVENUE LOS ANGELES CA,520 S MARIPOSA AVE LOS ANGELES CA 90020-2859,500,Residential - Five or more apartments,R4-2,Multiple Residential,48,GROSS ASSESSED,"$11,471,658",,520 MARIPOSA LLC,PO BOX 46342,520,MARIPOSA,los-angeles,,0.20657,520 Mariposa LLLP,Mariposa IV Apartments,Los Angeles,Los Angeles
5503024012,530 KINGSLEY DRIVE LOS ANGELES CA,530 S KINGSLEY DR LOS ANGELES CA 90020-3541,500,Residential - Five or more apartments,R4-2,Multiple Residential,44,GROSS ASSESSED,"$10,516,571",,530 KINGSLEY LLC,PO BOX 46342,530,KINGSLEY,los-angeles,,0.21095,530 Kingsley LLLP,Kingsley Apartments,Los Angeles,Los Angeles
4635902700,5474 RESERVOIR DR SAN DIEGO CA 92120,5474.0 RESERVOIR DR 1-36 SAN DIEGO CA 92120-5145,1200,Multi-Family Residential,RM-3-9,Residential Multiple Unit,117,ASSESSED,"$30,350,548",,29SC V D S PROPERTY OWNER LLC,20 N WACKER DR #4120,5474,RESERVOIR,san-diego,3.86,3.84062,BWF III Ethos CA Palmilla LP,Palmilla Apartments,San Diego,San Diego
70607013,5805 CHARLOTTE DRIVE SAN JOSE CA 95123,5805 CHARLOTTE DR SAN JOSE CA 95123-3619,4,Five or more Family,IP(PD,Planned Development Industrial Park Base District,650,ASSESSED,"$269,608,107",,ICS TRANSIT VIL PROP OWNER LLC,130 VANTIS DR STE 200,5805,CHARLOTTE,santa-clara,10.81,10.75904,"Ethos GP I Venture, LP",Ascent Apartments,San Jose,Santa Clara
8608030071,601 E 8TH ST AZUSA CA 91702,601 E 8TH ST AZUSA CA 91702-2546,501,Residential - Five or more apartments,MOD,Moderate Density Residential,112,GROSS ASSESSED,"$13,224,803",,CHOEKAE SOON TR K S CHOE TR,3785 WILSHIRE BLVD # 1811,601,8TH,los-angeles,,4.33207,"Azusa Gardens Owner, LP",Azusa Gardens Apartments,Azusa,Los Angeles
6390806100,601 TELEGRAPH ROAD CHULA VISTA CA 91910,601.0 TELEGRAPH CANYON RD CHULA VISTA CA 91910-6561,1200,Multi-Family Residential,R3,Apartment Residential,183,ASSESSED,"$51,548,563",,M G CANYON VILLA APARTMENTS LP,10505 SORRENTO VALLEY RD #300,601,TELEGRAPH CANYON,san-diego,8.79,8.64882,"Post Canyon Villa, LP",Canyon Villa Apartment Homes,Chula Vista,San Diego
4610304300,6171 MISSION GORGE RD SAN DIEGO CA 92120,6171.0 MISSION GORGE RD SAN DIEGO CA 92120-3426,5004,Neighborhood Shopping Center,CC-4-2,Commercial Community,1,ASSESSED,"$13,362,000",,MISSION GORGE LP,350 S GRAND AVE #3050,6171,MISSION GORGE,san-diego,1.52,1.51996,"6171 Mission Gorge Owner LP, a California limited partnership",6171 Mission Gorge Apartments,San Diego,San Diego
6005021032,6200 S BROADWAY LOS ANGELES CA,6200 S BROADWAY LOS ANGELES CA 90003-1430,100V,Commercial - Commercial,C2-1VL-CPIO,Commercial Very Limited Height Community Plan Implementation Overlay,1,GROSS ASSESSED,"$1,326,510",,BIF NON OZ 6200 BROADWAY BLK LP,1000 E 60TH ST,6200,BROADWAY,los-angeles,,0.25488,"BIF NON OZ 6200 BROADWAY BLK, LP",6200 S. Broadway Apartments,Los Angeles,Los Angeles
6006018001,6401 S AVALON BLVD LOS ANGELES CA,6401 AVALON BLVD LOS ANGELES CA 90003-1661,100V,Commercial - Commercial,C2-1VL-CPIO,Commercial Very Limited Height Community Plan Implementation Overlay,0,GROSS ASSESSED,"$426,520",,6 SIOF 6401 S AVALON BLVD LLC,8629 S VERMONT AVE,6401,AVALON,los-angeles,,0.16385,"6 SIOF 6401 S Avalon Blvd, LP",6401 S. Avalon Blvd. Apartments,Los Angeles,Los Angeles
15434025,660 MARIPOSA AVE MOUNTAIN VIEW CA,660 MARIPOSA AVE MOUNTAIN VIEW CA 94041-1867,4,Five or more Family,R3-2.5,Multi Family Residential,50,ASSESSED,"$17,059,601","$16,718,409",MARIPOSA CLUB APARTMENTS I LP,1 N B ST STE 4000,660,MARIPOSA,santa-clara,1.57,1.65214,"Mariposa Club Apartments I, LP,",Mariposa Club Apartments,Mountain View,Santa Clara
5547013021,6762 HAWTHORN AVE LOS ANGELES CA 90028,6762 HAWTHORN AVE LOS ANGELES CA 90028-2800,500,Residential - Five or more apartments,C4-2D,Commercial 2 Development Limitations,69,GROSS ASSESSED,"$8,706,757",,OODB2 LLC,9049 20TH AVE SW,6762,HAWTHORN,los-angeles,,0.17031,"OODB2, LP",Premiere Hollywood Apartments,Los Angeles,Los Angeles
7451026002,685 W 4TH ST LOS ANGELES CA,685 W 4TH ST LOS ANGELES CA 90731,500,Residential - Five or more apartments,C2-1VL-CPIO,Commercial Very Limited Height Community Plan Implementation Overlay,28,GROSS ASSESSED,"$3,002,337",,2 SIOF 685 FOURTH ST LLC,8629 S VERMONT AVE,685,4TH,los-angeles,,0.11467,"2 SIOF 685 W Fourth St, LP, Delaware limited partnership",685 W. 4th St Apartments,Los Angeles,Los Angeles
26003700120000,6930 FAIR OAKS BLVD CARMICHAEL CA 95608,6930.0 FAIR OAKS BLVD CARMICHAEL CA 95608-3369,AE197A,,SPA,Special Planning Area,,NET ASSESSED,"$12,145,525",,6930 FAIR OAKS BLVD TIC LLCETAL,700 N SAN VICENTE BLVD #G860,6930,FAIR OAKS,sacramento,,1.72534,"Trion Skylark Properties, LP",Skylark Place by Trion Living Apartments,Unincorporated,Sacramento
5351441500,699 14TH STREET SAN DIEGO CA,699.0 14TH ST SAN DIEGO CA 92101-7586,9700,Mixed Use,CCPD-RE,Center City Planned District Residential Emphasis,229,ASSESSED,"$53,339,453",,699 14TH STREET CSLC LP,354 W LANCASTER AVE #1400,699,14TH,san-diego,1.38,1.3798,699 14TH Street CSLC LP,Market Street Village Apartments,San Diego,San Diego
5094005005,727 S MARIPOSA AVENUE LOS ANGELES CA,727 S MARIPOSA AVE LOS ANGELES CA 90005-2069,500,Residential - Five or more apartments,R5-2,Multiple Residential,40,GROSS ASSESSED,"$7,089,929",,MARIPOSA 20 LLC,345 N MAPLE DR,727,MARIPOSA,los-angeles,,0.18585,Mariposa 20 LLLP,Mariposa I Apartments,Los Angeles,Los Angeles
5094004004,739 S NORMANDIE AVENUE LOS ANGELES CA,739 S NORMANDIE AVE LOS ANGELES CA 90005-2270,500,Residential - Five or more apartments,R5-2,Multiple Residential,32,GROSS ASSESSED,"$4,993,920",,739 NORMANDIE LLC,PO BOX 46342,739,NORMANDIE,los-angeles,,0.1728,739 Normandie LLLP,Normandie Apartments,Los Angeles,Los Angeles
5094006003,750-752 S MARIPOSA AVENUE LOS ANGELES CA,750 S MARIPOSA AVE LOS ANGELES CA 90005-2039,500,Residential - Five or more apartments,R5-2,Multiple Residential,23,GROSS ASSESSED,"$6,547,652",,750 MARIPOSA LLC,PO BOX 46342,750,MARIPOSA,los-angeles,,0.18561,750 Mariposa LLLP,Mariposa III Apartments,Los Angeles,Los Angeles
4110025040,7518 S HOOVER LOS ANGELES CA 90044,7518 AGNEW AVE LOS ANGELES CA 90045-1006,101,Residential - Single,R1V2,One Family Residential Variable Mass,1,GROSS ASSESSED,"$2,545,586",,EVANSFAITH R TR FAITH R EVANS FAMILY TR,7518 AGNEW AVE,7518,AGNEW,los-angeles,,0.14177,"BIF NON OZ 7518 S Hoover St, LP",7518 Hoover St. Apartments,Los Angeles,Los Angeles
6020022025,7524 S HOOVER ST LOS ANGELES CA,7524 S HOOVER ST LOS ANGELES CA 90044-6008,109,Residential - Single,[Q]R3-1,Qualified Multiple Residential,0,GROSS ASSESSED,"$1,300,500",,2974 PROPERTIES INC AND,PO BOX 5569,7524,HOOVER,los-angeles,,0.32828,"PS 7518 Hoover St, LP",7524 S. Hoover St Apartments,Los Angeles,Los Angeles
2102015045,7940 RESEDA BOULEVARD RESEDA CA,7940 RESEDA BLVD RESEDA CA 91335-1927,501,Residential - Five or more apartments,R3-1,Multiple Residential,58,GROSS ASSESSED,"$17,952,000",,HACIENDA INVESTORS LP,15301 VENTURA BLVD STE B570,7940,RESEDA,los-angeles,,1.52936,Hacienda Investors LP,Pinetree Terrace Apartments,Los Angeles,Los Angeles
59020050000,800 RELIANT WY AMERICAN CANYON CA 94503,800.0 RELIANT WAY AMERICAN CANYON CA 94503-3242,218,,BDSP-DC-CC,Broadway District Specific Plan Downtown Core Community Commercial,,MARKET,"$46,693,244",,NAPA JUNCTION PARTNERS LLC,"601 CALIFORNIA ST, STE 1150",800,RELIANT,napa,5.97,6.36167,"Canyon Ridge at Napa Junction, LP",Canyon Ridge at Napa Junction Apartments,American Canyon,Napa
5402028023,801-809 WATERLOO STREET LOS ANGELES CA,801 WATERLOO ST LOS ANGELES CA 90026-4039,500,Residential - Five or more apartments,RD1.5-1VL,Restricted Density Multiple Dwelling Very Limited Height District,5,GROSS ASSESSED,"$1,387,200",-,801 WATERLOO PARTNERS LP,4346 REDWOOD AVE UNIT 107,801,WATERLOO,los-angeles,,0.14461,"801 Waterloo Partners, LP",The Waterloo Apartments,Los Angeles,Los Angeles
5402-028-022,801-809 WATERLOO STREET LOS ANGELES CA,807 WATERLOO ST LOS ANGELES CA 90026,,,,,,,"$1,115,000",-,,,,,,,,,,,
41416654,805 71ST AVENUE OAKLAND CA,805 71ST AVE OAKLAND CA 94621-3386,300,,D-CO-1,Coliseum Area Transit Oriented Development District 1,110,ASSESSED,$0,,SAN FRANCISCO BAY AREA RAPID TRANSIT DISTRICT,2150 WEBSTER ST,805,71ST,alameda,,1.36185,"Coliseum Transit Village One, LP",Coliseum Transit Village,Oakland,Alameda
5093017031,808 S HOBART BOULEVARD LOS ANGELES CA,808 S HOBART BLVD LOS ANGELES CA 90005-2777,055G,Residential - Five or more apartments,R4-2,Multiple Residential,49,GROSS ASSESSED,"$7,984,000",,808 S HOBART LLC,PO BOX 46342,808,HOBART,los-angeles,,0.39591,808 S Hobart LLLP,Ashby Apartments,Los Angeles,Los Angeles
1295996,820 W MACARTHUR BLVD OAKLAND CA 94608,820 W MACARTHUR BLVD OAKLAND CA 94608,8100,,RU-5,Urban Residential 5,,ASSESSED,$0,,2019 OZONE AFFORDABLE HOUSING 820 MACARTHUR LP,2744 E 11TH ST,820,W MACARTHUR,alameda,,0.52176,2019 Ozone Affordable Housing,820 MacArthur Apartments,Oakland,Alameda
5343602100,840 17TH ST SAN DIEGO CA 92101,840.0 17TH ST SAN DIEGO CA 92101-6666,1200,Multi-Family Residential,CCPD-ER,Center City Planned District Employment Residential Mixed Use,122,ASSESSED,"$9,316,117",,N AVENUE LP,2727 CAMINO DEL RIO S #139,840,17TH,san-diego,0.88,0.69039,Mission Valley Preservation LP,"City View aka Outlook at Mission Valley
Apartments",San Diego,San Diego
5094017020,861 FEDORA STREET LOS ANGELES CA,861 FEDORA ST LOS ANGELES CA 90005-2162,500,Residential - Five or more apartments,R4-2,Multiple Residential,39,GROSS ASSESSED,"$9,710,053",,861 FEDORA LLC,PO BOX 46342,861,FEDORA,los-angeles,,0.27877,861 Fedora LLLP,Fedora Apartments,Los Angeles,Los Angeles
5094023025,915 S KENMORE AVENUE LOS ANGELES CA,915 S KENMORE AVE LOS ANGELES CA 90006-1557,500,Residential - Five or more apartments,R4-1,Multiple Residential,18,GROSS ASSESSED,"$2,950,157",,KENMORE LLC,345 N MAPLE DR STE 135,915,KENMORE,los-angeles,,0.14729,915 S Kenmore LLLP,Kenmore III Apartments,Los Angeles,Los Angeles
5092023021,920 S GRAMERCY PLACE LOS ANGELES CA,920 S GRAMERCY PL LOS ANGELES CA 90019-2141,550,Residential - Five or more apartments,R3-1,Multiple Residential,13,GROSS ASSESSED,"$2,756,721",,920 GRAMERCY UPWELL LLC,626 WILSHIRE BLVD STE 410,920,GRAMERCY,los-angeles,,0.17216,"920 Gramercy Upwell, LP, a Delaware limited partnership",The Eaves Apartments,Los Angeles,Los Angeles
6048022067,9300 COMPTON AVE LOS ANGELES CA,9300 COMPTON AVE XX LOS ANGELES CA 90002-2489,010V,Residential - Single,R3-1,Multiple Residential,0,GROSS ASSESSED,"$595,337",,6 SIOF 9300 COMPTON AVE LLC,8629 S VERMONT AVE,9300,COMPTON,los-angeles,,0.20661,"6 SIOF 9300 Compton Ave, LP",9300 Compton Ave. Apartments,Los Angeles,Los Angeles
4025014001,9301 – 9609 CRENSHAW BLVD INGLEWOOD CA,9301 CRENSHAW BLVD INGLEWOOD CA 90305-2943,400,Residential - Four Units (Any Combination),R-3,Residential Multiple Family,4,GROSS ASSESSED,"$1,345,000",-,SV INGLEWOOD HOLDINGS LP,3111 CAMINO DEL RIO N STE 800,9301,CRENSHAW,los-angeles,,0.17763,"SV INGLEWOOD HOLDINGS, L.P., a California limited partnership",Stadium Village Apartments,Inglewood,Los Angeles
4025014002,9301 – 9609 CRENSHAW BLVD INGLEWOOD CA,9309 CRENSHAW BLVD INGLEWOOD CA 90305,,,,,,,"$1,326,042",-,,,,,,,,"SV INGLEWOOD HOLDINGS, L.P., a California limited partnership",Stadium Village Apartments,Inglewood,Los Angeles
4025014003,9301 – 9609 CRENSHAW BLVD INGLEWOOD CA,9317 CRENSHAW BLVD INGLEWOOD CA 90305,,,,,,,"$1,326,042",-,,,,,,,,"SV INGLEWOOD HOLDINGS, L.P., a California limited partnership",Stadium Village Apartments,Inglewood,Los Angeles
4025014004,9301 – 9609 CRENSHAW BLVD INGLEWOOD CA,9325 CRENSHAW BLVD INGLEWOOD CA 90305,,,,,,,"$1,326,042",-,,,,,,,,"SV INGLEWOOD HOLDINGS, L.P., a California limited partnership",Stadium Village Apartments,Inglewood,Los Angeles
4025014005,9301 – 9609 CRENSHAW BLVD INGLEWOOD CA,9333 CRENSHAW BLVD INGLEWOOD CA 90305,,,,,,,"$1,312,370",-,,,,,,,,"SV INGLEWOOD HOLDINGS, L.P., a California limited partnership",Stadium Village Apartments,Inglewood,Los Angeles
4025014006,9301 – 9609 CRENSHAW BLVD INGLEWOOD CA,9341 CRENSHAW BLVD INGLEWOOD CA 90305,,,,,,,"$1,339,712",-,,,,,,,,"SV INGLEWOOD HOLDINGS, L.P., a California limited partnership",Stadium Village Apartments,Inglewood,Los Angeles
4025014007,9301 – 9609 CRENSHAW BLVD INGLEWOOD CA,9401 CRENSHAW BLVD INGLEWOOD CA 90305,,,,,,,"$1,334,245",-,,,,,,,,"SV INGLEWOOD HOLDINGS, L.P., a California limited partnership",Stadium Village Apartments,Inglewood,Los Angeles
4025014008,9301 – 9609 CRENSHAW BLVD INGLEWOOD CA,9409 CRENSHAW BLVD INGLEWOOD CA 90305,,,,,,,"$1,334,245",-,,,,,,,,"SV INGLEWOOD HOLDINGS, L.P., a California limited partnership",Stadium Village Apartments,Inglewood,Los Angeles
4025014009,9301 – 9609 CRENSHAW BLVD INGLEWOOD CA,9417 CRENSHAW BLVD INGLEWOOD CA 90305,,,,,,,"$1,312,372",-,,,,,,,,"SV INGLEWOOD HOLDINGS, L.P., a California limited partnership",Stadium Village Apartments,Inglewood,Los Angeles
4025014010,9301 – 9609 CRENSHAW BLVD INGLEWOOD CA,9425 CRENSHAW BLVD INGLEWOOD CA 90305,,,,,,,"$1,312,372",-,,,,,,,,"SV INGLEWOOD HOLDINGS, L.P., a California limited partnership",Stadium Village Apartments,Inglewood,Los Angeles
4025014011,9301 – 9609 CRENSHAW BLVD INGLEWOOD CA,9433 CRENSHAW BLVD INGLEWOOD CA 90305,,,,,,,"$1,334,245",-,,,,,,,,"SV INGLEWOOD HOLDINGS, L.P., a California limited partnership",Stadium Village Apartments,Inglewood,Los Angeles
4025014012,9301 – 9609 CRENSHAW BLVD INGLEWOOD CA,9441 CRENSHAW BLVD INGLEWOOD CA 90305,,,,,,,"$1,328,777",-,,,,,,,,"SV INGLEWOOD HOLDINGS, L.P., a California limited partnership",Stadium Village Apartments,Inglewood,Los Angeles
4025014013,9301 – 9609 CRENSHAW BLVD INGLEWOOD CA,9501 CRENSHAW BLVD INGLEWOOD CA 90305,,,,,,,"$1,326,589",-,,,,,,,,"SV INGLEWOOD HOLDINGS, L.P., a California limited partnership",Stadium Village Apartments,Inglewood,Los Angeles
4025014014,9301 – 9609 CRENSHAW BLVD INGLEWOOD CA,9509 CRENSHAW BLVD INGLEWOOD CA 90305,,,,,,,"$1,326,042",-,,,,,,,,"SV INGLEWOOD HOLDINGS, L.P., a California limited partnership",Stadium Village Apartments,Inglewood,Los Angeles
4025014015,9301 – 9609 CRENSHAW BLVD INGLEWOOD CA,9517 CRENSHAW BLVD INGLEWOOD CA 90305,,,,,,,"$1,326,042",-,,,,,,,,"SV INGLEWOOD HOLDINGS, L.P., a California limited partnership",Stadium Village Apartments,Inglewood,Los Angeles
4025014016,9301 – 9609 CRENSHAW BLVD INGLEWOOD CA,9525 CRENSHAW BLVD INGLEWOOD CA 90305,,,,,,,"$1,325,494",-,,,,,,,,"SV INGLEWOOD HOLDINGS, L.P., a California limited partnership",Stadium Village Apartments,Inglewood,Los Angeles
4025014017,9301 – 9609 CRENSHAW BLVD INGLEWOOD CA,9533 CRENSHAW BLVD INGLEWOOD CA 90305,,,,,,,"$1,325,494",-,,,,,,,,"SV INGLEWOOD HOLDINGS, L.P., a California limited partnership",Stadium Village Apartments,Inglewood,Los Angeles
4025014018,9301 – 9609 CRENSHAW BLVD INGLEWOOD CA,9541 CRENSHAW BLVD INGLEWOOD CA 90305,,,,,,,"$1,326,589",-,,,,,,,,"SV INGLEWOOD HOLDINGS, L.P., a California limited partnership",Stadium Village Apartments,Inglewood,Los Angeles
4025-015-001,9301 – 9609 CRENSHAW BLVD INGLEWOOD CA,9601 CRENSHAW BLVD INGLEWOOD CA 90305,,,,,,,"$1,325,496",-,,,,,,,,"SV INGLEWOOD HOLDINGS, L.P., a California limited partnership",Stadium Village Apartments,Inglewood,Los Angeles
4025-015-002,9301 – 9609 CRENSHAW BLVD INGLEWOOD CA,9609 CRENSHAW BLVD INGLEWOOD CA 90305,,,,,,,"$1,325,496",-,,,,,,,,"SV INGLEWOOD HOLDINGS, L.P., a California limited partnership",Stadium Village Apartments,Inglewood,Los Angeles
5094023030,941 S KENMORE AVENUE LOS ANGELES CA,941 S KENMORE AVE LOS ANGELES CA 90006-1558,500,Residential - Five or more apartments,R4-1,Multiple Residential,24,GROSS ASSESSED,"$4,338,468",,941 S KENMORE LLC,PO BOX 46342,941,KENMORE,los-angeles,,0.15319,Kenmore 20 LLLP,Kenmore I Apartments,Los Angeles,Los Angeles
6048004025,9515 COMPTON AVENUE LOS ANGELES CA,9515 COMPTON AVE LOS ANGELES CA 90002-2330,500,Residential - Five or more apartments,R3-1,Multiple Residential,0,GROSS ASSESSED,"$1,352,393",,6 SIOF 9515 COMPTON AVE LLC,8629 S VERMONT AVE,9515,COMPTON,los-angeles,,0.22116,"6 SIOF 9515 Compton Ave, LP",9515 Compton Ave. Apartments,Los Angeles,Los Angeles
5080015003,960 S OXFORD AVENUE LOS ANGELES CA,960 S OXFORD AVE LOS ANGELES CA 90006-1164,500,Residential - Five or more apartments,R4-1,Multiple Residential,73,GROSS ASSESSED,"$14,206,920",,960 S OXFORD LLC,11030 SANTA MONICA BLVD STE 300,960,OXFORD,los-angeles,,0.56148,960 S Oxford LLLP,Oxford III Apartments,Los Angeles,Los Angeles
5081032007,974 S GRAMERCY PLACE LOS ANGELES CA,974 S GRAMERCY PL LOS ANGELES CA 90019-2169,500,Residential - Five or more apartments,R3-1,Multiple Residential,38,GROSS ASSESSED,"$7,216,214",,974 S GRAMERCY LLC AND,345 N MAPLE DR STE 135,974,GRAMERCY,los-angeles,,0.15762,Carson Gramercy LLLP // 974 S Gramercy LLLP,Gramercy Apartments,Los Angeles,Los Angeles
5080008006,975-985 S OXFORD AVENUE LOS ANGELES CA,975 S OXFORD AVE LOS ANGELES CA 90006-1167,500,Residential - Five or more apartments,R4-1,Multiple Residential,20,GROSS ASSESSED,"$3,420,921",-,OXFORD 19 LLC,345 N MAPLE DR STE 135,975,OXFORD,los-angeles,,0.15572,Oxford 19 LLLP,Oxford I Apartments,Los Angeles,Los Angeles
5080008007,975-985 S OXFORD AVENUE LOS ANGELES CA,979 S OXFORD AVE LOS ANGELES CA 90006,,,,,,,"$3,471,626",-,,,,,,,,Oxford 19 LLLP,Oxford I Apartments,Los Angeles,Los Angeles
5080008008,975-985 S OXFORD AVENUE LOS ANGELES CA,985 S OXFORD AVE LOS ANGELES CA 90006-1167,,,,,,,"$3,472,699",-,,,,,,,,Oxford 19 LLLP,Oxford I Apartments,Los Angeles,Los Angeles
2764001013,9830 RESEDA BLVD NORTHRIDGE CA 91324,9830.0 RESEDA BLVD NORTHRIDGE CA 91324-2060,501,Residential - Five or more apartments,R3-1,Multiple Residential,68,GROSS ASSESSED,"$17,292,725",,WRPV XII CANDLEWOOD NORTHRIDGE LLC,30 S WACKER DR 36TH FL,9830,RESEDA,los-angeles,,1.13433,"Post Candlewood North, LP",Candlewood North Apartments,Los Angeles,Los Angeles
6954018,99 OCEAN AVE SAN FRANCISCO CA 94112-2548,99 OCEAN AVE SAN FRANCISCO CA 94112-2560,,,NCD-EXCELSIOR-40-X,Excelsior Outer Mission Street Neighborhood Commercial District,0,ASSESSED,"$82,453,101",,99 OCEAN AVENUE LLC,160 PACIFIC AVE STE 204,99,OCEAN,san-francisco,,0.91612,99 Ocean Avenue LP,Ventana Residences Apartments,San Francisco,San Francisco
128101150,343 MOON RIVER PL VACAVILLE CA 95687,,,,,,,,-,-,,,,,,,,,,,
128101140,343 MOON RIVER PL VACAVILLE CA 95687,,,,,,,,"$7,595.00",-,,,,,,,,,,,
128101130,343 MOON RIVER PL VACAVILLE CA 95687,,,,,,,,"$7,606.00",-,,,,,,,,,,,
128101120,343 MOON RIVER PL VACAVILLE CA 95687,,,,,,,,"$7,619.00",-,,,,,,,,,,,
128101110,343 MOON RIVER PL VACAVILLE CA 95687,,,,,,,,"$7,631.00",-,,,,,,,,,,,
128101100,343 MOON RIVER PL VACAVILLE CA 95687,,,,,,,,"$30,262.00",-,,,,,,,,,,,
128101090,343 MOON RIVER PL VACAVILLE CA 95687,,,,,,,,"$30,426.00",-,,,,,,,,,,,
128101080,343 MOON RIVER PL VACAVILLE CA 95687,,,,,,,,"$31,967.00",-,,,,,,,,,,,
128101070,343 MOON RIVER PL VACAVILLE CA 95687,,,,,,,,"$35,714.00",-,,,,,,,,,,,
128101060,343 MOON RIVER PL VACAVILLE CA 95687,,,,,,,,"$40,196.00",-,,,,,,,,,,,
128101050,343 MOON RIVER PL VACAVILLE CA 95687,,,,,,,,-,-,,,,,,,,,,,
128101040,343 MOON RIVER PL VACAVILLE CA 95687,,,,,,,,"$66,586.00",-,,,,,,,,,,,
128101030,343 MOON RIVER PL VACAVILLE CA 95687,,,,,,,,"$61,921.00",-,,,,,,,,,,,
128101020,343 MOON RIVER PL VACAVILLE CA 95687,,,,,,,,"$49,211.00",-,,,,,,,,,,,
128101010,343 MOON RIVER PL VACAVILLE CA 95687,,,,,,,,"$99,051.00",-,,,,,,,,,,,
128102110,343 MOON RIVER PL VACAVILLE CA 95687,,,,,,,,"$1,360.00",-,,,,,,,,,,,
128102100,343 MOON RIVER PL VACAVILLE CA 95687,,,,,,,,"$1,201.00",-,,,,,,,,,,,
128102090,343 MOON RIVER PL VACAVILLE CA 95687,,,,,,,,"$1,201.00",-,,,,,,,,,,,
128102080,343 MOON RIVER PL VACAVILLE CA 95687,,,,,,,,"$1,202.00",-,,,,,,,,,,,
128102070,343 MOON RIVER PL VACAVILLE CA 95687,,,,,,,,"$1,202.00",-,,,,,,,,,,,
128102060,343 MOON RIVER PL VACAVILLE CA 95687,,,,,,,,"$1,202.00",-,,,,,,,,,,,
128102050,343 MOON RIVER PL VACAVILLE CA 95687,,,,,,,,"$32,653.00",-,,,,,,,,,,,
128102040,343 MOON RIVER PL VACAVILLE CA 95687,,,,,,,,"$32,653.00",-,,,,,,,,,,,
128102030,343 MOON RIVER PL VACAVILLE CA 95687,,,,,,,,"$32,697.00",-,,,,,,,,,,,
128102020,343 MOON RIVER PL VACAVILLE CA 95687,,,,,,,,"$32,612.00",-,,,,,,,,,,,
128102010,343 MOON RIVER PL VACAVILLE CA 95687,,,,,,,,"$40,431.00",-,,,,,,,,,,,
128102210,343 MOON RIVER PL VACAVILLE CA 95687,,,,,,,,"$47,216.00",-,,,,,,,,,,,
128102200,343 MOON RIVER PL VACAVILLE CA 95687,,,,,,,,"$29,071.00",-,,,,,,,,,,,
128102190,343 MOON RIVER PL VACAVILLE CA 95687,,,,,,,,"$29,025.00",-,,,,,,,,,,,
128102180,343 MOON RIVER PL VACAVILLE CA 95687,,,,,,,,"$29,025.00",-,,,,,,,,,,,
128102170,343 MOON RIVER PL VACAVILLE CA 95687,,,,,,,,"$29,025.00",-,,,,,,,,,,,
128102160,343 MOON RIVER PL VACAVILLE CA 95687,,,,,,,,"$7,331.00",-,,,,,,,,,,,
128102150,343 MOON RIVER PL VACAVILLE CA 95687,,,,,,,,"$7,331.00",-,,,,,,,,,,,
128102140,343 MOON RIVER PL VACAVILLE CA 95687,,,,,,,,"$6,988.00",-,,,,,,,,,,,
128102130,343 MOON RIVER PL VACAVILLE CA 95687,,,,,,,,"$1,018.00",-,,,,,,,,,,,
128102120,343 MOON RIVER PL VACAVILLE CA 95687,,,,,,,,"$1,223.00",-,,,,,,,,,,,
128103090,343 MOON RIVER PL VACAVILLE CA 95687,,,,,,,,"$1,507.00",-,,,,,,,,,,,
128103080,343 MOON RIVER PL VACAVILLE CA 95687,,,,,,,,"$1,101.00",-,,,,,,,,,,,
128103070,343 MOON RIVER PL VACAVILLE CA 95687,,,,,,,,"$1,101.00",-,,,,,,,,,,,
128103060,343 MOON RIVER PL VACAVILLE CA 95687,,,,,,,,"$1,101.00",-,,,,,,,,,,,
128103050,343 MOON RIVER PL VACAVILLE CA 95687,,,,,,,,"$1,101.00",-,,,,,,,,,,,
128103040,343 MOON RIVER PL VACAVILLE CA 95687,,,,,,,,"$29,932.00",-,,,,,,,,,,,
128103030,343 MOON RIVER PL VACAVILLE CA 95687,,,,,,,,"$29,932",-,,,,,,,,,,,
128103020,343 MOON RIVER PL VACAVILLE CA 95687,,,,,,,,"$29,932",-,,,,,,,,,,,
128103010,343 MOON RIVER PL VACAVILLE CA 95687,,,,,,,,"$55,923",-,,,,,,,,,,,
128103180,343 MOON RIVER PL VACAVILLE CA 95687,,,,,,,,"$47,738",-,,,,,,,,,,,
128103170,343 MOON RIVER PL VACAVILLE CA 95687,,,,,,,,"$27,211",-,,,,,,,,,,,
128103160,343 MOON RIVER PL VACAVILLE CA 95687,,,,,,,,"$27,211",-,,,,,,,,,,,
128103150,343 MOON RIVER PL VACAVILLE CA 95687,,,,,,,,"$27,211",-,,,,,,,,,,,
128103140,343 MOON RIVER PL VACAVILLE CA 95687,,,,,,,,"$6,874",-,,,,,,,,,,,
128103130,343 MOON RIVER PL VACAVILLE CA 95687,,,,,,,,"$6,874",-,,,,,,,,,,,
128103120,343 MOON RIVER PL VACAVILLE CA 95687,,,,,,,,"$6,874",-,,,,,,,,,,,
128103110,343 MOON RIVER PL VACAVILLE CA 95687,,,,,,,,"$6,874",-,,,,,,,,,,,
128103100,343 MOON RIVER PL VACAVILLE CA 95687,,,,,,,,"$8,329",-,,,,,,,,,,,
128105060,343 MOON RIVER PL VACAVILLE CA 95687,,,,,,,,-,-,,,,,,,,,,,
128105050,343 MOON RIVER PL VACAVILLE CA 95687,,,,,,,,"$11,538",-,,,,,,,,,,,
128105040,343 MOON RIVER PL VACAVILLE CA 95687,,,,,,,,"$11,625",-,,,,,,,,,,,
128105030,343 MOON RIVER PL VACAVILLE CA 95687,,,,,,,,"$11,618",-,,,,,,,,,,,
128105020,343 MOON RIVER PL VACAVILLE CA 95687,,,,,,,,"$11,609",-,,,,,,,,,,,
128105010,343 MOON RIVER PL VACAVILLE CA 95687,,,,,,,,"$11,771",-,,,,,,,,,,,
128104020,343 MOON RIVER PL VACAVILLE CA 95687,,,,,,,,"$56,604",-,,,,,,,,,,,
128104010,343 MOON RIVER PL VACAVILLE CA 95687,,,,,,,,"$60,404",-,,,,,,,,,,,
6320-011-041,2701 RANDOLPH ST HUNTINGTON PARK CA,,,,,,,,"$34,540,259","$31,941,172",,,,,,,,BG Apartments Investors LP,Seville Gardens Apartments,Huntington Park,Los Angeles
7418-014-021,445 N AVALON BOULEVARD LOS ANGELES CA,,,,,,,,"$8,899,678",-,,,,,,,,"RMG Fee Avalon, LP, a California limited partnership",Harbour Residences Apartments,Los Angeles,Los Angeles
6020-022-025,7518 S HOOVER LOS ANGELES CA,,,,,,,,"$2,856,000",-,,,,,,,,"BIF NON OZ 7524 S HOOVER ST, LP",7524 S. Hoover St. Apartments,Los Angeles,Los Angeles
,4930 POLK ST NORTH HIGHLANDS CA 95660,,,,,,,,,,,,,,,,,"Sierra Park LP, a California Limited Partnership",Sierra Park Apartments,Unincorporated,Sacramento
5020-025-039,4327 S VERMONT LOS ANGELES CA,,,,,,,,"$3,719,558",-,,,,,,,,"IF OZ 4300 S VERMONT AVE BLK LP, a Delaware limited partnership",4327 S. Vermont Apartments,Los Angeles,Los Angeles
039-481-250,"3500 Edison St, San Mateo, CA",,,,,,,,"$31,083,000","$7,000",,,,,,,,Hillsdale Property LP,Hillsdale Garden Apartments,San Mateo,San Mateo
039-482-130,"3500 Edison St, San Mateo, CA",,,,,,,,"$62,932,900","$7,000",,,,,,,,Hillsdale Property LP,Hillsdale Garden Apartments,San Mateo,San Mateo
042-112-240,"3500 Edison St, San Mateo, CA",242 36TH AVE SAN MATEO,,,,,,,"$44,821,400","$7,000",,,,,,,,Hillsdale Property LP,Hillsdale Garden Apartments,San Mateo,San Mateo
042-113-250,"3500 Edison St, San Mateo, CA",3640 EDISON ST,,,,,,,"$31,161,700","$7,000",,,,,,,,Hillsdale Property LP,Hillsdale Garden Apartments,San Mateo,San Mateo
042-121-090,"3500 Edison St, San Mateo, CA",186 36TH AVE SAN MATEO,,,,,,,"$41,355,000",$0,,,,,,,,Hillsdale Property LP,Hillsdale Garden Apartments,San Mateo,San Mateo
042-122-050,"3500 Edison St, San Mateo, CA",3675 EDISON ST SAN MATEO,,,,,,,"$41,008,500",$0,,,,,,,,Hillsdale Property LP,Hillsdale Garden Apartments,San Mateo,San Mateo
7157031001,"5601 NORTH PARAMOUNT BOULEVARD, Long Beach",2697 E 56TH WAY LONG BEACH CA 908055068,,,,,,,"$2,857,832","$1,693,979",,,,,,,,,AVANATH SEAPORT LP,Long Beach,Los Angeles
7157031002,"5601 NORTH PARAMOUNT BOULEVARD, Long Beach",2687 E 56TH WAY LONG BEACH CA 908057003,,,,,,,"$2,780,364","$1,263,955",,,,,,,,,AVANATH SEAPORT LP,Long Beach,Los Angeles
7157031003,"5601 NORTH PARAMOUNT BOULEVARD, Long Beach",2677 E 56TH WAY LONG BEACH CA 908055067,,,,,,,"$2,780,364","$1,516,689",,,,,,,,,AVANATH SEAPORT LP,Long Beach,Los Angeles
7157031004,"5601 NORTH PARAMOUNT BOULEVARD, Long Beach",2667 E 56TH WAY LONG BEACH CA 908055066,,,,,,,"$2,806,895","$1,276,016",,,,,,,,,AVANATH SEAPORT LP,Long Beach,Los Angeles
7157031005,"5601 NORTH PARAMOUNT BOULEVARD, Long Beach",2657 E 56TH WAY LONG BEACH CA 908055096,,,,,,,"$5,889,027","$2,263,665",,,,,,,,,AVANATH SEAPORT LP,Long Beach,Los Angeles
7157031006,"5601 NORTH PARAMOUNT BOULEVARD, Long Beach",5679 LANGPORT AVE LONG BEACH CA 908057012,,,,,,,"$2,633,916","$1,580,350",,,,,,,,,AVANATH SEAPORT LP,Long Beach,Los Angeles
7157031007,"5601 NORTH PARAMOUNT BOULEVARD, Long Beach",5649 LANGPORT AVE LONG BEACH CA 908055064,,,,,,,"$2,633,916","$790,176",,,,,,,,,AVANATH SEAPORT LP,Long Beach,Los Angeles
7157031008,"5601 NORTH PARAMOUNT BOULEVARD, Long Beach",5639 LANGPORT AVE LONG BEACH CA 908057010,,,,,,,"$2,633,916","$790,176",,,,,,,,,AVANATH SEAPORT LP,Long Beach,Los Angeles
7157031009,"5601 NORTH PARAMOUNT BOULEVARD, Long Beach",5599 LANGPORT AVE LONG BEACH CA 908057009,,,,,,,"$2,633,916","$526,784",,,,,,,,,AVANATH SEAPORT LP,Long Beach,Los Angeles
7157031010,"5601 NORTH PARAMOUNT BOULEVARD, Long Beach",5579 LANGPORT AVE LONG BEACH CA 908055063,,,,,,,"$2,633,916","$1,316,958",,,,,,,,,AVANATH SEAPORT LP,Long Beach,Los Angeles
7157031011,"5601 NORTH PARAMOUNT BOULEVARD, Long Beach",5549 LANGPORT AVE LONG BEACH CA 908057007,,,,,,,"$2,633,916","$1,316,958",,,,,,,,,AVANATH SEAPORT LP,Long Beach,Los Angeles
7157031012,"5601 NORTH PARAMOUNT BOULEVARD, Long Beach",5539 LANGPORT AVE LONG BEACH CA 908055061,,,,,,,"$2,659,386","$797,817",,,,,,,,,AVANATH SEAPORT LP,Long Beach,Los Angeles
7157031013,"5601 NORTH PARAMOUNT BOULEVARD, Long Beach",2656 E 55TH WAY LONG BEACH CA 908055079,,,,,,,"$4,505,211","$2,375,621",,,,,,,,,AVANATH SEAPORT LP,Long Beach,Los Angeles
7157031014,"5601 NORTH PARAMOUNT BOULEVARD, Long Beach",2666 E 55TH WAY LONG BEACH CA 908055080,,,,,,,"$2,728,365","$1,091,347",,,,,,,,,AVANATH SEAPORT LP,Long Beach,Los Angeles
7157031015,"5601 NORTH PARAMOUNT BOULEVARD, Long Beach",2676 E 55TH WAY LONG BEACH CA 908055055,,,,,,,"$2,728,365","$818,511",,,,,,,,,AVANATH SEAPORT LP,Long Beach,Los Angeles
7157031016,"5601 NORTH PARAMOUNT BOULEVARD, Long Beach",2686 E 55TH WAY LONG BEACH CA 908055084,,,,,,,"$2,728,365","$545,674",,,,,,,,,AVANATH SEAPORT LP,Long Beach,Los Angeles
7157031017,"5601 NORTH PARAMOUNT BOULEVARD, Long Beach",2696 E 55TH WAY LONG BEACH CA 908055074,,,,,,,"$2,806,895","$1,403,448",,,,,,,,,AVANATH SEAPORT LP,Long Beach,Los Angeles
7157031018,"5601 NORTH PARAMOUNT BOULEVARD, Long Beach",2666 E 56TH WAY LONG BEACH CA 908055073,,,,,,,"$2,728,365","$744,299",,,,,,,,,AVANATH SEAPORT LP,Long Beach,Los Angeles
7157031019,"5601 NORTH PARAMOUNT BOULEVARD, Long Beach",2676 E 56TH WAY LONG BEACH CA 908055072,,,,,,,"$2,728,365","$2,232,349",,,,,,,,,AVANATH SEAPORT LP,Long Beach,Los Angeles
7157031020,"5601 NORTH PARAMOUNT BOULEVARD, Long Beach",2686 E 56TH WAY LONG BEACH CA 908057002,,,,,,,"$2,728,365","$992,308",,,,,,,,,AVANATH SEAPORT LP,Long Beach,Los Angeles
7157031021,"5601 NORTH PARAMOUNT BOULEVARD, Long Beach",2696 E 56TH ST LONG BEACH CA 908055058,,,,,,,"$2,806,895","$1,122,759",,,,,,,,,AVANATH SEAPORT LP,Long Beach,Los Angeles
7157031022,"5601 NORTH PARAMOUNT BOULEVARD, Long Beach",2667 E 56TH ST LONG BEACH CA 908055089,,,,,,,"$2,728,365","$1,736,332",,,,,,,,,AVANATH SEAPORT LP,Long Beach,Los Angeles
7157031023,"5601 NORTH PARAMOUNT BOULEVARD, Long Beach",2677 E 56TH ST LONG BEACH CA 908055071,,,,,,,"$2,728,365","$1,091,347",,,,,,,,,AVANATH SEAPORT LP,Long Beach,Los Angeles
7157031024,"5601 NORTH PARAMOUNT BOULEVARD, Long Beach",2687 E 56TH ST LONG BEACH CA 908055093,,,,,,,"$2,728,835","$818,981",,,,,,,,,AVANATH SEAPORT LP,Long Beach,Los Angeles
7157031025,"5601 NORTH PARAMOUNT BOULEVARD, Long Beach",2697 E 56TH ST LONG BEACH CA 908055095,,,,,,,"$2,809,395","$2,248,017",,,,,,,,,AVANATH SEAPORT LP,Long Beach,Los Angeles
7157031026,"5601 NORTH PARAMOUNT BOULEVARD, Long Beach",2666 E 56TH ST LONG BEACH CA 908055088,,,,,,,"$2,728,365","$545,674",,,,,,,,,AVANATH SEAPORT LP,Long Beach,Los Angeles
7157031027,"5601 NORTH PARAMOUNT BOULEVARD, Long Beach",2676 E 56TH ST LONG BEACH CA 908055060,,,,,,,"$2,728,365","$818,511",,,,,,,,,AVANATH SEAPORT LP,Long Beach,Los Angeles
7157031028,"5601 NORTH PARAMOUNT BOULEVARD, Long Beach",2686 E 56TH ST LONG BEACH CA 908055092,,,,,,,"$2,728,365","$1,364,183",,,,,,,,,AVANATH SEAPORT LP,Long Beach,Los Angeles
7157031029,"5601 NORTH PARAMOUNT BOULEVARD, Long Beach",2696 E 56TH ST LONG BEACH CA 908055058,,,,,,,"$2,806,895","$1,403,448",,,,,,,,,AVANATH SEAPORT LP,Long Beach,Los Angeles
7157031030,"5601 NORTH PARAMOUNT BOULEVARD, Long Beach",2667 E 55TH WAY LONG BEACH CA 908055081,,,,,,,"$2,728,365","$1,637,020",,,,,,,,,AVANATH SEAPORT LP,Long Beach,Los Angeles
7157031031,"5601 NORTH PARAMOUNT BOULEVARD, Long Beach",2677 E 55TH WAY LONG BEACH CA 908055083,,,,,,,"$2,728,365","$1,091,347",,,,,,,,,AVANATH SEAPORT LP,Long Beach,Los Angeles
7157031032,"5601 NORTH PARAMOUNT BOULEVARD, Long Beach",2687 E 55TH WAY LONG BEACH CA 908055057,,,,,,,"$2,728,365","$1,091,347",,,,,,,,,AVANATH SEAPORT LP,Long Beach,Los Angeles
7157031033,"5601 NORTH PARAMOUNT BOULEVARD, Long Beach",2697 E 55TH WAY LONG BEACH CA 908055087,,,,,,,"$2,806,895","$1,403,448",,,,,,,,,AVANATH SEAPORT LP,Long Beach,Los Angeles
56-1954-9,651 ADDISON ST BERKELEY CA 94710,2020 3RD ST BERKELEY 94710,,,,,,,"$31,916,224",$0,,,,,,,,651 Addison LLC,Viewpoint Apartments,Berkeley,Alameda
284-24-015,2130 SOUTHWEST EXPY SAN JOSE CA 95126,"2070 Southwest Ex, San Jose, CA 95128",,,,,,,"$36,559,633","$18,850,147",,,,,,,,BWF III Ethos CA Los Gatos Creek LP,SoFi Los Gatos Creek Apartments,San Jose,Santa Clara
5049-009-082,2533 S MANSFIELD AVE LOS ANGELES CA 90016,N/A,,,,,,,"$2,065,837",-,,,,,,,,"2533 Mansfield Owner, L.P., a California limited partnership",Mansfield Micro Apartments,Los Angeles,Los Angeles
263-241-46,7777 VALLEY VIEW STREET LA PALMA CA,7799 VALLEY VIEW ST LA PALMA,,,,,,,"$53,482,929","$53,482,929",,,,,,,,"7777 Valley View, L.P., a California limited partnership",Casa La Palma Apartments,La Palma,Orange
2731-008-014,10535 LINDLEY AVE GRANADA HILLS CA 91326,,,,,,,,"$14,893,295",-,,,,,,,,10535 Lindley Affordable L.P.,Lindley Parc Apartments,Los Angeles,Los Angeles
006312850,26 TERRACE VIEW CT DALY CITY CA 94015,"4 Terrace View Ct, Daly City, CA 94015",,,,,,,"$3,870,288",-,,,,,,,,SFF 4 LLC,Terrace View Apartments,Daly City,San Mateo
006312860,26 TERRACE VIEW CT DALY CITY CA 94015,"35 Eastmoor Ave, Daly City, CA 94015",,,,,,,"$4,765,032",-,,,,,,,,SFF 4 LLC,Terrace View Apartments,Daly City,San Mateo
006312870,26 TERRACE VIEW CT DALY CITY CA 94015,"45 Eastmoor Ave, Daly City, CA 94015",,,,,,,"$4,452,912",-,,,,,,,,SFF 4 LLC,Terrace View Apartments,Daly City,San Mateo
006312880,26 TERRACE VIEW CT DALY CITY CA 94015,"55 Eastmoor Ave, Daly City, CA 94015",,,,,,,"$4,317,660",-,,,,,,,,SFF 4 LLC,Terrace View Apartments,Daly City,San Mateo
006312890,26 TERRACE VIEW CT DALY CITY CA 94015,"65 Eastmoor Ave, Daly City, CA 94015",,,,,,,"$4,317,660",-,,,,,,,,SFF 4 LLC,Terrace View Apartments,Daly City,San Mateo
006312900,26 TERRACE VIEW CT DALY CITY CA 94015,"75 Eastmoor Ave, Daly City, CA 94015",,,,,,,"$4,713,012",-,,,,,,,,SFF 4 LLC,Terrace View Apartments,Daly City,San Mateo
006312910,26 TERRACE VIEW CT DALY CITY CA 94015,"85 Eastmoor Ave, Daly City, CA 94015",,,,,,,"$5,784,624",-,,,,,,,,SFF 4 LLC,Terrace View Apartments,Daly City,San Mateo
006312920,26 TERRACE VIEW CT DALY CITY CA 94015,"95 Eastmoor Ave, Daly City, CA 94015",,,,,,,"$2,590,596",-,,,,,,,,SFF 4 LLC,Terrace View Apartments,Daly City,San Mateo
5036-031-006,1451 W MLK BLVD LOS ANGELES CA,,,,,,,,"$1,569,525",-,,,,,,,,1451 W. MLK Boulevard Apartments,1451 W. MLK Boulevard Apartments,Los Angeles,Los Angeles
6011-008-052,321 E FLORENCE AVE LOS ANGELES CA,,,,,,,,"$5,960,901",-,,,,,,,,"3 SIOF 321 E Florence Ave, LP",321 E. Florence Apartments,Los Angeles,Los Angeles
7451-037-031,"569 W 6TH STREET, San Pedro, CA",,,,,,,,"$1,363,864",-,,,,,,,,"SIOF 5 Properties, LP, California limited partnership",569 W. 6th Street Apartments,Los Angeles,Los Angeles
2695-003-001,17188 CHATSWORTH ST LOS ANGELES CA,,,,,,,,"$647,700",-,,,,,,,,"Chatsworth Housing, LP",Chatsworth Apartments,Los Angeles,Los Angeles
8576-001-024,4640 ARDEN WAY EL MONTE CA 91731,,,,,,,,"$45,150,518",-,,,,,,,,"Flag VII The Parker, L.P.",The Parker Apartments,El Monte,Los Angeles
372-26-016,1026 S DE ANZA BLVD SAN JOSE CA 95129,"1028 S De Anza Bl, San Jose, CA 95129",,,,,,,"$4,853,048",-,,,,,,,,"Fountain Park, L.P.",Fountain Park Apartments,San Jose,Santa Clara
296-40-005,355 KIELY BLVD SAN JOSE CA 95129,"355 Kiely Bl, San Jose, CA 95129",,,,,,,"$129,482,004",-,,,,,,,,"Standard Vistria Park Kiely Owner, LP",Park Kiely Apartments,San Jose,Santa Clara
296-40-004,355 KIELY BLVD SAN JOSE CA 95129,"4240 Albany Dr, San Jose, CA 95129",,,,,,,"$95,469,825",-,,,,,,,,"Standard Vistria Park Kiely Owner, LP",Park Kiely Apartments,San Jose,Santa Clara
296-40-003,355 KIELY BLVD SAN JOSE CA 95129,"4280 Albany Dr, San Jose, CA 95129",,,,,,,"$72,364,911",-,,,,,,,,"Standard Vistria Park Kiely Owner, LP",Park Kiely Apartments,San Jose,Santa Clara
5094-021-028,832 IROLO STREET LOS ANGELES CA,932 IROLO STREET LOS ANGELES CA,,,,,,,,,,,,,,,,Irolo 16 LLLP,Irolo Apartments,Los Angeles,Los Angeles
684-29-011,5210 MONTEREY RD SAN JOSE CA 95111,"5150 Monterey Rd, San Jose, CA 95111",,,,,,,"$51,700,304","$51,700,304",,,,,,,,"Thornbridge Holdings, L.P.",Thornbridge Apartments,San Jose,Santa Clara
684-28-078,5210 MONTEREY RD SAN JOSE CA 95111,"70 Crocker Ct, San Jose, CA 95111",,,,,,,"$8,396,294","$8,396,294",,,,,,,,"Thornbridge Holdings, L.P.",Thornbridge Apartments,San Jose,Santa Clara
41805060,5669 N FRESNO ST FRESNO CA 93710,5669 N FRESNO ST FRESNO CA 93710,,,,,,,"$30,330,305",-,,,,,,,,"Post Renaissance Apartments, LP",Renaissance Apartment Homes,Fresno,Fresno
4125-011-010,9033 RAMSGATE AVENUE WESTCHESTER CA,9033 RAMSGATE AVENUE WESTCHESTER CA,,,,,,,"$1,206,999",-,,,,,,,,9033 Ramsgate LP,9033 Ramsgate Apartments,Los Angeles,Los Angeles
5134-017-016,1317 S GRAND AVE LOS ANGELES CA 90015,1317 S GRAND AVE LOS ANGELES CA 90015,,,,,,,,,,,,,,,,"1317 SGA QOZB, LP or an affiliate thereof",1317 S. Grand Apartments,Los Angeles,Los Angeles
5134-009-008,1411 S FLOWER ST LOS ANGELES CA 90015,1411 S FLOWER ST LOS ANGELES CA 90015,,,,,,,,,,,,,,,,Housing Diversity or an affiliate thereof,1411 S. Flower Apartments,Los Angeles,Los Angeles
5134-009-007,1412 S FLOWER ST LOS ANGELES CA 90015,1419 S FLOWER ST LOS ANGELES CA 90015,,,,,,,,,,,,,,,,Housing Diversity or an affiliate thereof,1411 S. Flower Apartments,Los Angeles,Los Angeles
5109-003-014,4752 S MAIN ST LOS ANGELES CA 90037,4752 S MAIN ST LOS ANGELES CA 90037,,,,,,,,,,,,,,,,"4752 Main, LP",4752 Main Street Apartments,Los Angeles,Los Angeles
5109-003-001,4752 S MAIN ST LOS ANGELES CA 90037,4760 S MAIN ST LOS ANGELES CA 90037,,,,,,,,,,,,,,,,"4752 Main, LP",4752 Main Street Apartments,Los Angeles,Los Angeles
5020-017-007,1130 W MARTIN LUTHER KING JR BLVD LOS ANGELES CA 90037,1130 W MARTIN LUTHER KING JR BLVD LOS ANGELES CA 90037,,,,,,,,,,,,,,,,"BIF NON OZ 1100 MLK BLK, LP, a California limited partnership",1130 Martin Luther King Jr. Blvd Apartments,Los Angeles,Los Angeles
428-16-49,"21701 FOOTHILL BLVD, HAYWARD, CA 94541","21701 FOOTHILL BLVD, HAYWARD, CA 94541",,,,,,,"$38,656,726",-,,,,,,,,Standard Properties or an affiliated thereof,Summerwood Apartments Homes Apartments,Hayward,Alameda
5409-005-030,1457 N MAIN ST LOS ANGELES CA 90012,1457 N MAIN ST LOS ANGELES CA 90012,,,,,,,,,,,,,,,,1457 Main Owner LP,1457 Main Street Apartments,Los Angeles,Los Angeles
6087-002-036,11422 S BROADWAY LOS ANGELES CA 90061,11422 S BROADWAY LOS ANGELES CA 90061,,,,,,,,,,,,,,,,"BIF IMPACT OZ 1100 BROADWAY BLK, LP",11422 Broadway Apartments,Los Angeles,Los Angeles
5159-020-012,1540 W COURT ST LOS ANGELES CA 90026,1536 W COURT ST Los Angeles CA 90026,,,,,,,,,,,,,,,,"1540 W. Court Street, LP",1540 W Court Apartments,Los Angeles,Los Angeles
5159-020-013,1540 W COURT ST LOS ANGELES CA 90026,1540 W COURT ST LOS ANGELES CA 90026,,,,,,,,,,,,,,,,"1541 W. Court Street, LP",1541 W Court Apartments,Los Angeles,Los Angeles
5159-020-014,1540 W COURT ST LOS ANGELES CA 90026,-,,,,,,,,,,,,,,,,"1542 W. Court Street, LP",1542 W Court Apartments,Los Angeles,Los Angeles
5159-020-015,1540 W COURT ST LOS ANGELES CA 90026,1552 W COURT ST LOS ANGELES CA 90026,,,,,,,,,,,,,,,,"1543 W. Court Street, LP",1543 W Court Apartments,Los Angeles,Los Angeles
5159-020-011,1540 W COURT ST LOS ANGELES CA 90026,-,,,,,,,,,,,,,,,,"1544 W. Court Street, LP",1544 W Court Apartments,Los Angeles,Los Angeles
5159-020-010,1540 W COURT ST LOS ANGELES CA 90026,-,,,,,,,,,,,,,,,,"1545 W. Court Street, LP",1545 W Court Apartments,Los Angeles,Los Angeles
5159-020-009,1540 W COURT ST LOS ANGELES CA 90026,1520 W COURT ST LOS ANGELES CA 90026,,,,,,,,,,,,,,,,"1546 W. Court Street, LP",1546 W Court Apartments,Los Angeles,Los Angeles
6083-010-038,"11630 Main St, Los Angeles, CA 90061",-,,,,,,,,,,,,,,,,"4 SIOF 11630 S MAIN ST, LP",11630 S. Main Street Apartments,Los Angeles,Los Angeles
123-140-018,"740 S. Western Avenue, Santa Maria, CA 93458","740 S WESTERN AVE, SANTA MARIA, CA 93458",,,,,,,"$6,695,000",-,,,,,,,,LP,La Vista Apartment Homes,Santa Maria,Santa Barbara
123-140-019,"740 S. Western Avenue, Santa Maria, CA 93458",-,,,,,,,"$4,460,000",-,,,,,,,,LP,La Vista Apartment Homes,Santa Maria,Santa Barbara
123-140-020,"740 S. Western Avenue, Santa Maria, CA 93458",-,,,,,,,"$4,460,000",-,,,,,,,,LP,La Vista Apartment Homes,Santa Maria,Santa Barbara
123-140-021,"740 S. Western Avenue, Santa Maria, CA 93458",-,,,,,,,"$7,113,000",-,,,,,,,,LP,La Vista Apartment Homes,Santa Maria,Santa Barbara
,"2130 N Marks Ave, Fresno, CA 93722",,,,,,,,"$10,673,404",,,,,,,,,Golden Gardens Housing Partners LP,Golden Gardens Apartments,Fresno,Fresno
6022-014-002,"7655 S San Pedro St, Los Angeles, CA 90003",7655 S SAN PEDRO ST LOS ANGELES CA 90003,,,,,,,,,,,,,,,,"7655 San Pedro, LP",San Pedro Apartments,Los Angeles,Los Angeles
41-4166-54,"805 71st Avenue, Oakland, CA","805 71ST AVE, OAKLAND, CA 94621",,,,,,,-,-,,,,,,,,"Coliseum Transit Village One, LP",Coliseum Connections,Oakland,Alameda
4276-017-047,"2424 Wilshire Blvd, Los Angeles, CA 90057",2424 WILSHIRE BLVD SANTA MONICA CA 90403,,,,,,,,,,,,,,,,Concord Park Wilshire LP,Park Wilshire Apartments,Los Angeles,Los Angeles
5093-010-009,"841 S Serrano Ave, Los Angeles, CA 90005",841 S SERRANO AVE LOS ANGELES CA 90005,,,,,,,,,,,,,,,,Concord Sir Francis Drake LP,Sir Francis Drake Villa Apartments,Los Angeles,Los Angeles
5094-004-007,"715 Normandie Ave, Los Angeles, CA 90005",715 S NORMANDIE AVE LOS ANGELES CA 90005,,,,,,,,,,,,,,,,Concord Langham LP,Langham Apartments,Los Angeles,Los Angeles
5094-002-004,"682 Irolo Street, Los Angeles, CA",682 IROLO ST LOS ANGELES CA 90005,,,,,,,,,,,,,,,,Concord Piccadilly LP,Piccadilly Apartments,Los Angeles,Los Angeles
7157-012-023,"5565-5700 Ackerfield Avenue, Long Beach, CA",5700 ACKERFIELD AVE LONG BEACH CA 90805,,,,,,,,,,,,,,,,Ackerfield 2 LP,The Hive at Ackerfield Apartments,Long Beach,Los Angeles
7157-012-017,"5565-5700 Ackerfield Avenue, Long Beach, CA",5565 ACKERFIELD AVE LONG BEACH CA 90805,,,,,,,,,,,,,,,,Ackerfield 2 LP,The Hive at Ackerfield Apartments,Long Beach,Los Angeles
7075-020-011,"12100 226th St, Hawaiian Gardens, CA 90716",12100 226TH ST HAWAIIAN GARDNS CA 90716,,,,,,,,,,,,,,,,"RK Equity Group Limited Partnership, 12142 Oxnard Limited Partnership, HG Napa Equity Limited
Partnership, HG FSA Capital Limited Partnership",Hawaiian Terrace Senior Apartments,Hawaiian Gardens,Los Angeles
7075-020-012,"12100 226th St, Hawaiian Gardens, CA 90716",12100 226TH ST HAWAIIAN GARDENS CA 90716,,,,,,,,,,,,,,,,"RK Equity Group Limited Partnership, 12142 Oxnard Limited Partnership, HG Napa Equity Limited
Partnership, HG FSA Capital Limited Partnership",Hawaiian Terrace Senior Apartments,Hawaiian Gardens,Los Angeles
019170270,"2000 Crystal Springs Rd, San Bruno, CA 94066",2000 CRYSTAL SPRINGS RD SAN BRUNO,,,,,,,"$180,060,039",-,,,,,,,,"Crystal Springs Terrace Apartments, LP",Crystal Springs Terrace,San Bruno,San Mateo
130-320-018-0,"1070 San Miguel Road, Concord, CA",,,,,,,,"$34,848,175",-,,,,,,,,LP,Trailview Apartments,Concord,Contra Costa
501-1800-1-42,"36000 Fremont Boulevard, Fremont, CA","36000 FREMONT BLVD, FREMONT, CA 94536",,,,,,,"$65,613,972",-,,,,,,,,LP,Casa Serena Apartments,Fremont,Alameda
226-203-10-00 ,"439 West El Norte Parkway / 1045 Morning View Drive, Escondido, CA",439 W EL NORTE PKWY ESCONDIDO CA 92026-1961,,,,,,,"$12,540,125",-,,,,,,,,"Hendrix EREP, LP & Hadley EREP, LP",Hendrix and Hadley Apartments,Escondido,San Diego
228-073-20-00,"439 West El Norte Parkway / 1045 Morning View Drive, Escondido, CA",1045 MORNING VIEW DR ESCONDIDO CA 92026-3481,,,,,,,"$41,107,952",-,,,,,,,,"Hendrix EREP, LP & Hadley EREP, LP",Hendrix and Hadley Apartments,Escondido,San Diego
226-203-02-00,"439 West El Norte Parkway / 1045 Morning View Drive, Escondido, CA",443 W EL NORTE PKWY ESCONDIDO CA 92026,,,,,,,"$18,982,539",-,,,,,,,,"Hendrix EREP, LP & Hadley EREP, LP",Hendrix and Hadley Apartments,Escondido,San Diego
226-211-03-00,"439 West El Norte Parkway / 1045 Morning View Drive, Escondido, CA",457 W EL NORTE PKWY ESCONDIDO CA 92026,,,,,,,"$12,540,125",-,,,,,,,,"Hendrix EREP, LP & Hadley EREP, LP",Hendrix and Hadley Apartments,Escondido,San Diego