Project ID,Property Name,Applicant / Entity,City,County,Agency,Grant Description,Resolution,Date,Investor 1,Investor 2,Nonprofit Partner,Stale,Total Unit Count,Restricted Unit Count,Restricted Ratio,Address,City's Cut,Parcel Identified,Welfare Exemption On 2025 Roll,Total Roll Value,Confirmed Exemption,Best Estimate Exemption,Confirmed or Best Estimate Exemption,Tax Rate,Confirmed Annual Revenue Loss,Best Estimate Annual Revenue Loss,Link,Leasing Link,New build?,Built,Acquisition Price (M),Acquisition Date
1,Alvarado Streets Apartments,"Alvarado Affordable Associates, LP",Los Angeles,Los Angeles,CMFA,"Grant up to $10,000",23-204,07/14/23,Taylor Equities,,"Kingdom Development, Inc.",FALSE,24,24,100.00%,"1136 S. Alvarado Street, Los Angeles, CA","$3,600",TRUE,TRUE,"$4,447,710.00","$4,262,686.00","$4,002,939.00","$4,262,686.00",1.1874%,"$50,614.28","$50,614.28",,,,,,
2,2025 New Jersey Apartments,"2025 NJ, LP",Los Angeles,Los Angeles,CMFA,"Grant up to $10,000",23-223,08/04/23,"Eleos Ventures, LLC",,Step Forward Communities,FALSE,15,14,93.33%,"2025 New Jersey St, Los Angeles, CA","$2,250",TRUE,TRUE,"$527,950.00","$527,950.00","$443,478.00","$527,950.00",1.1874%,"$6,268.77","$6,268.77",,,,2023,,
3,Mariposa Club Apartments,"Mariposa Club Apartments I, LP",Mountain View,Santa Clara,CMFA,"Grant up to $10,000",23-224,08/04/23,Prometheus Real Estate Group,,Hearthstone Housing Foundation,FALSE,48,48,,"660 Mariposa Ave., Mountain View, CA","$7,500",TRUE,TRUE,"$17,059,601.00","$16,718,409.00","$15,353,640.90","$16,718,409.00",1.12%,"$187,430.08","$187,430.08",,,,,,
4,Bernardine Apartments,"Castle Rock Bernardine Apartments, LP",San Bernardino,San Bernardino,CMFA,"Grant up to $10,000",23-222,08/04/23,Quest Capital Partners,,Affordable Rent Project,FALSE,71,70,,"363 E. Gilbert St., San Bernardino, CA","$10,650",TRUE,FALSE,"$4,075,000.00",$0.00,"$3,615,845.07","$3,615,845.07",1.13%,$0.00,"$40,859.05",,,,,,
5,"City View aka Outlook at Mission Valley
Apartments",Mission Valley Preservation LP,San Diego,San Diego,CMFA,"Grant up to $10,000",23-275,08/25/2023,Securities Properties,,Las Palmas Housing & Development,FALSE,56,23,,"840 17th St, San Diego, CA 92101","$8,400",TRUE,FALSE,"$9,316,117.00",$0.00,"$3,443,636.11","$3,443,636.11",1.25%,$0.00,"$43,084.71",,,,,,
6,381 Turk Street Apartment,381 Turk Street Associates,San Francisco,San Francisco,CMFA,"Grant up to $10,000",23-307,9/15/2023,"Mosser Capital, LLC",,"Kingdom Development, Inc.",FALSE,32,13,,"381 Turk St., San Francisco, CA","$4,800",TRUE,FALSE,"$7,398,189.00",$0.00,"$2,704,962.85","$2,704,962.85",1.20%,$0.00,"$32,459.55",,,,,,
7,Townhomes at Gading Apartments,"SFF 2, LLC",Hayward,Alameda,CMFA,"Grant up to $10,000",23-370,12/8/2023,The Sobrato Organization,,Sobrato Foundation,FALSE,61,61,,"26409 Gading Rd, Hayward, CA 94544","$9,150",TRUE,FALSE,"$17,313,480.00",$0.00,"$15,582,132.00","$15,582,132.00",1.17%,$0.00,"$182,684.92",,https://www.townhomesongadingapts.com/,,,,
8,1317 S. Grand Apartments,"1317 SGA QOZB, LP or an affiliate thereof",Los Angeles,Los Angeles,CMFA,,23-371,12/08/2023,Housing Diversity Corporation,,PEP Housing,FALSE,147,147,100.00%,"1317 S. Grand St, Los Angeles, CA 90015","$22,050",TRUE,FALSE,"$11,783,947.00",$0.00,"$10,605,552.30","$10,605,552.30",1.1874%,$0.00,"$125,928.21",,,,,,
9,1411 S. Flower Apartments,Housing Diversity,Los Angeles,Los Angeles,CMFA,,23-372,12/08/2023,Housing Diversity Corporation,Arctaris Impact Investors,PEP Housing,FALSE,227,227,100.00%,"1411 Flower St, Los Angeles, CA 90015","$34,050",TRUE,FALSE,"$9,142,457.00",$0.00,"$8,228,211.30","$8,228,211.30",1.1874%,$0.00,"$97,700.14",,,,,,
10,7518 Hoover St. Apartments,"BIF NON OZ 7518 S Hoover St, LP",Los Angeles,Los Angeles,CMFA,"Grant up to $10,000",24-041,02/02/2024,"SoLa Impact, LLC",Black Impact Group,Housing on Merit,FALSE,79,48,60.76%,"7518 S. Hoover, Los Angeles, CA 90044","$11,850",TRUE,FALSE,"$2,856,000.00",$0.00,"$1,561,762.03","$1,561,762.03",1.1874%,$0.00,"$18,544.05",,,,,,
11,820 MacArthur Apartments,2019 Ozone Affordable Housing,Oakland,Alameda,CMFA,"Grant up to $10,000",24-052,02/23/2024,"Riaz, Inc.",,AOF Pacific,FALSE,166,166,,"820 W MacArthur Blvd, Oakland, CA 94608","$24,900",TRUE,FALSE,"$2,013,882.00",$0.00,"$1,812,493.80","$1,812,493.80",1.28%,$0.00,"$23,161.86",,,YES,,,
12,The Waterloo Apartments,"801 Waterloo Partners, LP",Los Angeles,Los Angeles,CMFA,"Grant up to $10,000",24-053,02/23/2024,The Greg Scott Company,,"Kingdom Development, Inc.",FALSE,154,154,100.00%,"801-809 Waterloo Street, Los Angeles, CA ","$23,250",TRUE,FALSE,"$1,360,000.00",$0.00,"$1,224,000.00","$1,224,000.00",1.1874%,$0.00,"$14,533.53",,,,,,
13,275 Turk Street Apartments,RHI-Mosser 275 Turk LP,San Francisco,San Francisco,CMFA,"Grant up to $10,000",24-076,03/15/2024,"Mosser Capital, LLC",Stars Real Estate Investment,"Kingdom Development, Inc.",FALSE,66,27,,"275 Turk St, San Francisco, CA","$9,900",TRUE,FALSE,"$17,116,303.00",$0.00,"$6,301,911.56","$6,301,911.56",1.20%,$0.00,"$75,622.94",,,,,,
14,Electric Lofts Apartments,"Electric Lofts, LP",Oakland,Alameda,CMFA,"Grant up to $10,000",24-074,03/15/2024,Trestle Development LLC,,AOF / Pacific Affordable Housing Corp,FALSE,89,40,,"2415 Valdez St, Oakland, CA 94612","$13,350",TRUE,FALSE,"$24,257,157.00",$0.00,"$9,811,883.73","$9,811,883.73",1.28%,$0.00,"$125,386.06",,https://www.electriclofts.com/,,,,
15,Premiere Hollywood Apartments,"OODB2, LP",Los Angeles,Los Angeles,CMFA,"Grant up to $10,000",24-178,04/26/2024,Housing Diversity Corporation,,PEP Housing,FALSE,69,69,100.00%,"6762 Hawthorn Ave, Los Angeles, CA 90028","$10,350",TRUE,FALSE,"$8,706,757.00",$0.00,"$7,836,081.30","$7,836,081.30",1.1874%,$0.00,"$93,044.06",,,,2023,,
16,Montessa Apartments,"Affordable Housing Alliance II, Inc. dba Integrity Housing",Vacaville,Solano,CMFA,"Grant up to $10,000",24-200,05/17/2024,Ascenda Capital,,Integrity Housing,FALSE,169,58,,"343 Moon River Pl, Vacaville, CA 95687","$8,700",TRUE,FALSE,"$1,333,447.00",$0.00,"$411,869.43","$411,869.43",1.17%,$0.00,"$4,820.23",,,YES,,,
17,4252 Crenshaw Apartments,4252 Crenshaw LP,Los Angeles,Los Angeles,CMFA,"Grant up to $10,000",24-199,05/17/2024,Thrive Living,Magnum Real Estate Group,"Kingdom Development, Inc.",FALSE,111,111,100.00%,4252 S CRENSHAW BLVD LOS ANGELES CA 90008,"$16,650",TRUE,TRUE,"$26,914,860.00","$26,914,860.00","$24,223,374.00","$26,914,860.00",1.1874%,"$319,581.66","$319,581.66",,,NO,2020,,
18,Fallbrook Trail Apartments,1735 South Mission LP,San Diego,San Diego,CMFA,"Grant up to $10,000",24-219,6/7/2024,AOF,Pacific Affordable Housing Corp,Pacific Affordable Housing Corp,FALSE,103,102,,"1735 S Mission Rd, Fallbrook, CA 92028","$15,300",TRUE,FALSE,"$32,460,480.00",$0.00,"$28,930,796.74","$28,930,796.74",1.08%,$0.00,"$311,960.78",,,,2021,,
19,The Arbors Apartments,Post Arbors Santa Ana LP,Santa Ana,Orange,CMFA,"Grant up to $10,000",24-222,6/7/2024,Ascenda Capital,Post Investment Group,Integrity Housing,FALSE,160,160,,"1100-1200 E. Fairhaven Avenue, Santa Ana, CA","$24,000",TRUE,FALSE,"$40,750,000.00",$0.00,"$36,675,000.00","$36,675,000.00",1.12%,$0.00,"$410,576.63",,,,1969,,
20,Pinetree Terrace Apartments,Hacienda Investors LP,Los Angeles,Los Angeles,CMFA,"Grant up to $10,000",24-220,6/7/2024,GHC Housing Partners,,Foundation for Affordable Housing,FALSE,58,58,100.00%,"7940 Reseda Boulevard, Reseda, CA ","$8,700",TRUE,TRUE,"$17,952,000.00","$15,786,989.00","$16,156,800.00","$15,786,989.00",1.1874%,"$187,451.55","$187,451.55",,,,,"$17,600,000",06/28/2024
21,Windmere Court Apartments,Hacienda Investors LP,Los Angeles,Los Angeles,CMFA,"Grant up to $10,000",24-221,6/7/2024,GHC Housing Partners,,Foundation for Affordable Housing,FALSE,52,52,100.00%,"18325 Saticoy St, Reseda, CA 91335","$7,800",TRUE,TRUE,"$16,626,000.00","$16,306,781.00","$14,963,400.00","$16,306,781.00",1.1874%,"$193,623.46","$193,623.46",,,,,"$16,300,000",06/13/2024
22,Seville Gardens Apartments,BG Apartments Investors LP,Huntington Park,Los Angeles,CMFA,"Grant up to $10,000",24-223,6/7/2024,GHC Housing Partners,,Foundation for Affordable Housing,FALSE,225,225,100.00%,"2701 Randolph St., Huntington Park, CA","$33,750",TRUE,TRUE,"$34,425,000.00","$31,825,913.00","$30,982,500.00","$31,825,913.00",1.3851%,"$440,836.00","$440,836.00",,,,1989,,
23,Harbour Residences Apartments,"RMG Fee Avalon, LP",Los Angeles,Los Angeles,CMFA,"Grant up to $10,000",24-252,7/19/2024,RMG Housing,,DECRO Corporation,FALSE,74,74,100.00%,"445 N. Avalon Boulevard, Los Angeles, CA","$11,100",TRUE,FALSE,"$8,899,678.00",$0.00,"$8,009,710.20","$8,009,710.20",1.1874%,$0.00,"$95,105.70",,,YES,,,
24,4209 Western Avenue Apartments,"BIF NON OZ 4209 WESTERN AVE, LP",Los Angeles,Los Angeles,CMFA,"Grant up to $10,000",24-253,7/19/2024,"SoLa Impact, LLC",,Housing on Merit,FALSE,25,24,96.00%,"4209 S Western Ave, Los Angeles, CA 90062","$3,600",TRUE,TRUE,"$10,924,200.00","$10,903,361.00","$9,438,508.80","$10,903,361.00",1.1874%,"$129,464.33","$129,464.33",,,,,,
25,1130 Martin Luther King Jr. Blvd Apartments,"BIF NON OZ 1100 MLK BLK, LP",Los Angeles,Los Angeles,CMFA,,24-254,7/19/2024,"SoLa Impact, LLC",,Housing on Merit,FALSE,29,28,96.55%,"1130 W Martin Luther King Jr Blvd, Los Angeles, CA 90037","$4,200",TRUE,TRUE,"$12,796,920.00","$12,776,081.00","$11,120,082.21","$12,776,081.00",1.1874%,"$151,700.63","$151,700.63",,,,,,
26,Harbor Terrace Apartments,"Post Harbor Terrace, LP",Los Angeles,Los Angeles,CMFA,"Grant up to $10,000",24-286,8/9/2024,Ascenda Capital,,Integrity Housing,FALSE,93,93,100.00%,"441 W 3rd St, San Pedro, CA 90731","$13,950",TRUE,TRUE,"$24,250,000.00","$16,429,375.00","$21,825,000.00","$16,429,375.00",1.1874%,"$195,079.11","$195,079.11",,,,1987,,
27,Santa Monica Portfolio A Apartments,"GC 1422-1428 6th, LP",Santa Monica,Los Angeles,CMFA,"Grant up to $10,000",24-280,8/9/2024,Gortikov Capital,,"Kingdom Development, Inc.",FALSE,52,32,61.54%,"1422-1428 6th St., Santa Monica, CA","$4,800",TRUE,TRUE,"$17,170,000.00","$4,062,807.00","$9,509,538.46","$4,062,807.00",1.2038%,"$48,906.32","$48,906.32",https://www.1422on6th.com/,,NO,1997,"$17,170,000",09/12/2024
28,Santa Monica Portfolio B Apartments,"GC 1422-1432 7th, LP",Santa Monica,Los Angeles,CMFA,"Grant up to $10,000",24-281,8/9/2024,Gortikov Capital,,"Kingdom Development, Inc.",FALSE,72,49,68.06%,"1422-1432 7th, Santa Monica, CA","$7,350",TRUE,TRUE,"$23,070,000.00","$10,578,326.00","$14,130,375.00","$10,578,326.00",1.2038%,"$127,337.34","$127,337.34",,,,,,
29,Santa Monica Portfolio C Apartments,"GC 1423-1425 6th, LP",Santa Monica,Los Angeles,CMFA,"Grant up to $10,000",24-282,8/9/2024,Gortikov Capital,,"Kingdom Development, Inc.",FALSE,48,29,60.42%,"1423-1425 6th, Santa Monica, CA","$4,350",TRUE,TRUE,"$20,900,000.00","$10,886,810.00","$11,364,375.00","$10,886,810.00",1.2038%,"$131,050.74","$131,050.74",,,,,,
30,Santa Monica Portfolio D Apartments,"GC 1522 6th, LP",Santa Monica,Los Angeles,CMFA,"Grant up to $10,000",24-283,8/9/2024,Gortikov Capital,,"Kingdom Development, Inc.",FALSE,26,25,96.15%,"1522 6th St, Santa Monica, CA","$3,750",TRUE,TRUE,"$7,050,000.00","$3,659,058.00","$6,100,961.54","$3,659,058.00",1.2038%,"$44,046.17","$44,046.17",,,,2004,,
31,Santa Monica Portfolio E Apartments,"GC 1537 7th, LP",Santa Monica,Los Angeles,CMFA,"Grant up to $10,000",24-284,8/9/2024,Gortikov Capital,,"Kingdom Development, Inc.",FALSE,26,25,96.15%,"1537 7th, Santa Monica, CA","$3,750",TRUE,TRUE,"$6,580,000.00","$4,088,045.00","$5,694,230.77","$4,088,045.00",1.2038%,"$49,210.13","$49,210.13",,,,,"$5,390,000",9/12/2024
32,Santa Monica Portfolio F Apartments,"GC 2001-2029 Olympic, LP",Santa Monica,Los Angeles,CMFA,"Grant up to $10,000",24-285,8/9/2024,Gortikov Capital,,"Kingdom Development, Inc.",FALSE,165,98,59.39%,"2001-2029 Olympic Blvd, Santa Monica","$14,700",TRUE,TRUE,"$29,350,000.00","$22,352,409.00","$15,688,909.09","$22,352,409.00",1.2038%,"$269,068.69","$269,068.69",,,,2008,,
33,7524 S. Hoover St. Apartments,"BIF NON OZ 7524 S HOOVER ST, LP",Los Angeles,Los Angeles,CMFA,"Grant up to $10,000",24-279,8/9/2024,"SoLa Impact, LLC",,Housing on Merit,TRUE,79,48,60.76%,"7518 S. Hoover, Los Angeles, CA","$11,850",TRUE,FALSE,$0.00,$0.00,$0.00,$0.00,1.1874%,$0.00,$0.00,,,YES,,,
34,Appian Terrace Apartments,APPIAN LP,El Sobrante,Contra Costa,CMFA,"Grant up to $10,000",24-277,8/9/2024,Tesseract Capital Group,,Housing on Merit,FALSE,41,41,,"4481 Appian Way, El Sobrante, CA 94803","$6,150",TRUE,FALSE,"$9,977,564.00",$0.00,"$8,979,807.60","$8,979,807.60",1.28%,$0.00,"$114,869.70",,,,,,
35,Sierra Park Apartments,"Sierra Park LP, a California Limited Partnership",Unincorporated,Sacramento,CMFA,"Grant up to $10,000",24-278,8/9/2024,Tesseract Capital Group,,Housing on Merit,FALSE,104,104,,"4930 Polk St, North Highlands, CA 95660","$15,600",TRUE,TRUE,"$25,646,900.00","$23,179,668.00","$23,082,210.00","$23,179,668.00",1.18%,"$273,172.39","$273,172.39",,,,,,
36,Stadium Village Apartments,"SV INGLEWOOD HOLDINGS, L.P., a California limited partnership",Inglewood,Los Angeles,CMFA,"Grant up to $10,000",24-361,8/30/2024,Community HousingWorks,,Community HousingWorks,FALSE,80,80,100.00%,"9301 – 9609 Crenshaw
Blvd, Inglewood, CA","$12,000",TRUE,FALSE,"$26,900,000.00",$0.00,"$24,210,000.00","$24,210,000.00",1.2808%,$0.00,"$310,073.21",,,,,,
37,2330 E. 3rd Street Apartments,2330 3rd Street Apartments L.P.,Los Angeles,Los Angeles,CMFA,"Grant up to $10,000",24-363,8/30/2024,Terra Capital Development Group LLC,,Pacific Housing,FALSE,53,53,100.00%,"2330 E. 3rd Street, Los Angeles, CA","$7,950",TRUE,FALSE,"$1,275,000.00",$0.00,"$1,147,500.00","$1,147,500.00",1.1874%,$0.00,"$13,625.19",,,YES,,,
38,Marquee Apartments,"Post Marquee North Hollywood, LP",Los Angeles,Los Angeles,CMFA,"Grant up to $10,000",24-383,9/20/2024,Ascenda Capital,,Integrity Housing,FALSE,236,236,100.00%,"12300 Sherman Way, North Hollywood, CA 91605","$35,400",TRUE,FALSE,"$43,800,000.00",$0.00,"$39,420,000.00","$39,420,000.00",1.1874%,$0.00,"$468,065.20",,,NO,1965,,
39,6200 S. Broadway Apartments,"BIF NON OZ 6200 BROADWAY BLK, LP",Los Angeles,Los Angeles,CMFA,"Grant up to $10,000",24-379,9/20/2024,"SoLa Impact, LLC",,Housing on Merit,FALSE,66,51,77.27%,"6200 S Broadway, Los Angeles, CA","$7,950",TRUE,FALSE,"$1,326,510.00",$0.00,"$922,527.41","$922,527.41",1.1874%,$0.00,"$10,953.91",,,YES,,,
40,4228 Western Ave. Apartments,"BIF NON OZ 4228 WESTERN AVE, LP",Los Angeles,Los Angeles,CMFA,"Grant up to $10,000",24-380,9/20/2024,"SoLa Impact, LLC",,Housing on Merit,FALSE,68,14,20.59%,"4228 Western Avenue, Los Angeles, CA","$2,500",TRUE,FALSE,"$17,790,840.00",$0.00,"$3,296,538.00","$3,296,538.00",1.1874%,$0.00,"$39,142.43",,,YES,,,
41,4327 S. Vermont Apartments,"IF OZ 4300 S VERMONT AVE BLK LP, a Delaware limited partnership",Los Angeles,Los Angeles,CMFA,"Grant up to $10,000",24-381,9/20/2024,"SoLa Impact, LLC",,Housing on Merit,FALSE,188,111,59.04%,"4327 S Vermont, Los Angeles, CA","$16,650",TRUE,FALSE,"$3,719,558.00",$0.00,"$1,976,509.81","$1,976,509.81",1.1874%,$0.00,"$23,468.68",,,YES,,,
42,2023 Imperial Apartments,"BIF NON OZ 2000 Imperial Hwy Blk, LP",Los Angeles,Los Angeles,CMFA,"Grant up to $10,000",24-382,9/20/2024,"SoLa Impact, LLC",,Housing on Merit,FALSE,90,71,78.89%,"110 Imperial Highway, Los Angeles, CA","$10,650",TRUE,FALSE,"$429,364.00",$0.00,"$304,848.44","$304,848.44",1.1874%,$0.00,"$3,619.71",,,YES,,,
43,Meridian Apartments,"400 Meridian, LP, a California limited partnership",San Rafael,Marin,CMFA,"Grant up to $10,000",24-384,9/20/2024,Tesseract Capital Group,,Housing on Merit,FALSE,99,99,,"400 Canal St, San Rafael, CA 94901","$14,850",TRUE,FALSE,"$33,879,341.00",$0.00,"$30,491,406.90","$30,491,406.90",1.08%,$0.00,"$330,526.85",,,NO,,,
44,Soto Apartments,"EV 228 Soto, LP, a California limited partnership",Los Angeles,Los Angeles,CMFA,"Grant up to $10,000",24-413,10/11/2024,"Eleos Ventures, LLC",,Step Forward Comminities,FALSE,41,40,97.56%,"228 N Soto Street, Los Angeles, CA","$6,000",TRUE,FALSE,"$2,509,100.00",$0.00,"$2,203,112.20","$2,203,112.20",1.1874%,$0.00,"$26,159.31",,,YES,,,
45,Horizon Apartments,"BWF II ETHOS CA HORIZON LP, a Delaware limited partnership",Santa Ana,Orange,CMFA,"Grant up to $10,000",24-410,10/11/2024,Ethos Real Estate,Bridge Investment Group,Affordable Housing Access Inc,FALSE,406,406,,"2414 N Tustin Ave, Santa Ana, CA 92705","$60,900",TRUE,FALSE,"$25,500,000.00",$0.00,"$22,950,000.00","$22,950,000.00",1.12%,$0.00,"$256,925.25",,,NO,,,
46,4752 Main Street Apartments,"4752 Main, LP",Los Angeles,Los Angeles,CMFA,,24-399,10/11/2024,"Eleos Ventures, LLC",,Step Forward Communities,FALSE,53,53,100.00%,"4752 Main St, Los Angeles, CA 90037",,TRUE,FALSE,"$1,298,913.00",$0.00,"$1,169,021.70","$1,169,021.70",1.1874%,$0.00,"$13,880.73",,,YES,,,
47,6171 Mission Gorge Apartments,"6171 Mission Gorge Owner LP, a California limited partnership",San Diego,San Diego,CMFA,"Grant up to $10,000",24-412,10/11/2024,Impact Housing,,Las Palmas Housing & Development Corporation,FALSE,488,483,,"6171 Mission Gorge Rd, San Diego, CA 92120","$72,450",TRUE,FALSE,"$13,362,000.00",$0.00,"$11,902,584.84","$11,902,584.84",1.25%,$0.00,"$148,918.00",,,YES,,,
48,Hillsdale Gardens Apartments,Hillsdale Property LP,San Mateo,San Mateo,CMFA,"Grant up to $10,000",24-411,10/11/2024,Vistria Group,Ethos Real Estate,"Pacific Housing, Inc.",FALSE,697,697,,"3500 Edison St, San Mateo, CA 94403","$74,775",TRUE,TRUE,"$252,362,500.00","$28,000.00","$227,126,250.00","$28,000.00",1.12%,$313.63,$313.63,,,NO,,,
49,Summerwood Apartments Homes Apartments,Standard Properties,Hayward,Alameda,CMFA,,Proposed ,10/11/2024,Standard Properties,,Housing on Merit,FALSE,162,162,,"21701 Foothill Blvd, Hayward, CA 94541","$9,900",TRUE,FALSE,"$38,656,726.00",$0.00,"$34,791,053.40","$34,791,053.40",1.17%,$0.00,"$407,890.31",,,NO,,,
50,Market Street Village Apartments,699 14TH Street CSLC LP,San Diego,San Diego,CMFA,"Grant up to $10,000",24-427,11/1/2024,Community Solutions,,Community Solutions,FALSE,229,229,,"699 14th Street, San Diego, CA","$34,350",TRUE,FALSE,"$53,339,453.00",$0.00,"$48,005,507.70","$48,005,507.70",1.25%,$0.00,"$600,616.11",,,NO,,,
51,Creekside Villas Apartments,"Post Creekside, LP",San Diego,San Diego,CMFA,"Grant up to $10,000",24-429,11/1/2024,Post Investment Group,,Integrity Housing,FALSE,145,144,,"220 47th St, San Diego, CA 92102","$21,600",TRUE,FALSE,"$5,832,864.00",$0.00,"$5,213,373.62","$5,213,373.62",1.25%,$0.00,"$65,226.60",,,NO,1984,,
52,The Carla Apartments,1201 Fulton Ave LP,Unincorporated,Sacramento,CMFA,"Grant up to $10,000",24-428,11/1/2024,"Trion Properties, Inc.",,Riverside Charitable Corporation,FALSE,63,62,,"1201 Fulton Ave, Sacramento, CA 95825","$9,300",TRUE,FALSE,"$15,111,810.00",$0.00,"$13,384,746.00","$13,384,746.00",1.15%,$0.00,"$153,308.88",,,NO,,,
53,Skylark Place by Trion Living Apartments,"Trion Skylark Properties, LP",Unincorporated,Sacramento,CMFA,"Grant up to $10,000",24-430,11/1/2024,"Trion Properties, Inc.",,Integrity Housing,FALSE,198,198,,"6930 Fair Oaks Blvd, Carmichael, CA 95608","$29,700",TRUE,FALSE,"$12,145,525.00",$0.00,"$10,930,972.50","$10,930,972.50",1.19%,$0.00,"$129,783.44",,,NO,1973/1991,,
54,Seaport Village Apartments,"Avanath Seaport, LP",Long Beach,Los Angeles,CMFA,"Grant up to $10,000",24-442,11/22/2024,Avanath Capital,,"Pacific Housing, Inc.",FALSE,356,144,40.45%,"5601 North Paramount Boulevard, Long Beach, Los Angeles","$21,600",TRUE,TRUE,"$94,978,083.00","$41,642,082.00","$34,576,290.89","$41,642,082.00",1.2065%,"$502,411.30","$502,411.30",,,NO,,,
55,1457 Main Street Apartments,1457 Main Owner LP,Los Angeles,Los Angeles,CMFA,,24-443,11/22/2024,Thrive Living,,"Kingdom Development, Inc.",FALSE,377,151,40.05%,"1457 N Main St, Los Angeles, CA 90012","$22,650",TRUE,TRUE,"$17,293,255.00","$16,976,485.00","$6,233,828.53","$16,976,485.00",1.1874%,"$201,575.39","$201,575.39",,,YES,,,
56,Viewpoint Apartments,651 Addison LLC,Berkeley,Alameda,CMFA,"Grant up to $10,000",24-470,12/13/2024,Bridge Housing,,Bridge Housing,FALSE,94,71,,"651 Addison St, Berkeley, CA 94710","$10,650",TRUE,FALSE,"$31,838,150.00",$0.00,"$21,643,167.93","$21,643,167.93",1.23%,$0.00,"$266,708.76",,https://bridgehousing.com/properties/viewpoint/,,,,
57,SoFi Los Gatos Creek Apartments,BWF III Ethos CA Los Gatos Creek LP,San Jose,Santa Clara,CMFA,"Grant up to $10,000",24-472,12/13/2024,Ethos Real Estate,Bridge Investment Group,"Casa Major, Inc.",FALSE,193,193,,"2130 Southwest Expy, San Jose, CA 95126","$28,950",TRUE,TRUE,"$36,559,633.00","$18,850,147.00","$32,903,669.70","$18,850,147.00",1.24%,"$233,760.67","$233,760.67",https://www.ethos-re.com/news/sofi-at-los-gatos-creek-adam-siegman-comments-on-affordable-housing,https://www.losgatoslandingapts.com/,NO,1969,61.1,12/31/2024
58,Chaparral Apartments,"Post Chaparral, LP",Palmdale,Los Angeles,CMFA,"Grant up to $10,000",24-473,12/13/2024,Post Investment Group,,Integrity Housing,FALSE,296,296,100.00%,"38441 5th St W, Palmdale, CA 93551","$44,400",TRUE,TRUE,"$14,702,565.00","$4,371,074.00","$13,232,308.50","$4,371,074.00",1.2331%,"$53,899.10","$53,899.10",,,NO,,,
59,Ventana Residences Apartments,99 Ocean Avenue LP,San Francisco,San Francisco,CMFA,"Grant up to $10,000",24-471,12/13/2024,"Presidio Bay Ventures, LLC",,"Pacific Housing, Inc",FALSE,193,100,,"99 OCEAN AVE SAN FRANCISCO, CA 94112-2548","$15,000",TRUE,FALSE,"$82,453,101.00",$0.00,"$38,449,632.59","$38,449,632.59",1.20%,$0.00,"$461,395.59",,,YES,2023,,
60,HARKEN APARTMENTS,Prometheus Real Estate Group,Los Altos,Santa Clara,CMFA,,25-065,1/31/2025,"Prometheus Real Estate Group, Inc.",,Hearthstone Housing Foundation,FALSE,196,29,,"5150 El Camino Real, Los Altos, CA","$4,350",TRUE,FALSE,"$50,937,984.00",$0.00,"$6,783,068.28","$6,783,068.28",1.13%,$0.00,"$76,431.61",,,YES,,,
61,11422 Broadway Apartments,"BIF IMPACT OZ 1100 BROADWAY BLK, LP",Los Angeles,Los Angeles,CMFA,,25-081,2/21/2025,"SoLa Impact, LLC",,Housing on Merit,FALSE,166,165,99.40%,"11422 S Broadway, Los Angeles, CA 90061","$24,750",TRUE,FALSE,"$2,850,591.00",$0.00,"$2,550,076.89","$2,550,076.89",1.1874%,$0.00,"$30,279.10",,,YES,,,
62,Mansfield Micro Apartments,"2533 Mansfield Owner, L.P., a California limited partnership",Los Angeles,Los Angeles,CMFA,"Grant up to $10,000 (Charitable Affordable Housing)",25-084,2/21/2025,"CIM Group, LLC",,"Pacific Housing, Inc.",FALSE,116,115,99.14%,"2533 S Mansfield Ave, Los Angeles, CA 90016","$17,250",TRUE,FALSE,"$2,065,837.00",$0.00,"$1,843,225.25","$1,843,225.25",1.1874%,$0.00,"$21,886.09",,,YES,,,
63,The Enclave Apartments,"ENCLAVE LP, a California limited partnership",Walnut Creek,Contra Costa,CMFA,"Grant up to $10,000 (Charitable Affordable Housing)",25-082,2/21/2025,Tesseract Capital Group,,Housing on Merit,FALSE,32,32,,"3081 N Main St, Walnut Creek, CA 94597","$4,800",TRUE,FALSE,"$10,616,112.00",$0.00,"$9,554,500.80","$9,554,500.80",1.10%,$0.00,"$105,242.83",,,,,,
64,333 Douglas Apartments,"333 Douglas Street, LP, a California limited partnership",Los Angeles,Los Angeles,CMFA,"Grant up to $10,000 (Charitable Affordable Housing)",25-080,2/21/2025,Visionary Development Enterprises LLC,,Housing on Merit,FALSE,33,32,96.97%,"333 Douglas St, Los Angeles, CA","$4,800",TRUE,FALSE,"$1,144,440.00",$0.00,"$998,784.00","$998,784.00",1.1874%,$0.00,"$11,859.36",,,,,,
65,Casa La Palma Apartments,"7777 Valley View, L.P., a California limited partnership",La Palma,Orange,CMFA,"Grant up to $10,000 (Charitable Affordable Housing)",25-103,3/14/2025,Mariman & Co.,,AOF/Pacific Affordable Housing Corporation,FALSE,272,270,,"7777 Valley View Street, La Palma, CA","$40,500",TRUE,TRUE,"$53,482,929.00","$53,482,929.00","$47,780,704.95","$53,482,929.00",1.12%,"$596,976.45","$596,976.45",,,NO,1978,,
66,The Eaves Apartments,"920 Gramercy Upwell, LP, a Delaware limited partnership",Los Angeles,Los Angeles,CMFA,"Grant up to $10,000 (Charitable Affordable Housing)",25-104,3/14/2025,Treehouse Community,,Butterfly’s Haven,FALSE,13,13,100.00%,"920 S. Gramercy Place, Los Angeles, CA","$2,500",TRUE,FALSE,"$7,802,661.00",$0.00,"$7,022,394.90","$7,022,394.90",1.1874%,$0.00,"$83,382.51",,,,,,
67,Coronado Palms Apartments,"Coronado Owner, LP",Anaheim,Orange,CMFA,"Grant up to $10,000 (Charitable Affordable Housing)",25-102,3/14/2025,TriWest Multifamily,,"Kingdom Development, Inc.",FALSE,169,68,,"1250 S. Euclid St., Anaheim, CA","$10,200",TRUE,FALSE,"$60,690,000.00",$0.00,"$21,977,680.47","$21,977,680.47",1.14%,$0.00,"$249,930.18",,,,,,
68,Candlewood North Apartments,"Post Candlewood North, LP",Los Angeles,Los Angeles,CMFA,"Grant up to $10,000 (Charitable Affordable Housing)",25-117,4/4/2025,Post Investment Group,,Integrity Housing,FALSE,189,189,100.00%,"9830 Reseda Blvd, Northridge, CA 91324","$28,350",TRUE,FALSE,"$17,292,725.00",$0.00,"$15,563,452.50","$15,563,452.50",1.1874%,$0.00,"$184,797.32",,,NO,1964,,
69,Lindley Parc Apartments,10535 Lindley Affordable L.P.,Los Angeles,Los Angeles,CMFA,"Grant up to $10,000 (Charitable Affordable Housing)",25-116,4/4/2025,Taylor Equities,,Housing on Merit,FALSE,50,50,100.00%,"10535 Lindley Ave, Granada Hills, CA 91326","$4,800",TRUE,FALSE,"$14,877,720.00",$0.00,"$13,389,948.00","$13,389,948.00",1.1874%,$0.00,"$158,989.56",,,,,,
70,Terrace View Apartments,"SFF 4, LLC",Daly City,San Mateo,CMFA,"Grant up to $10,000 (Charitable Affordable Housing)",25-144,4/25/2025,The Sobrato Organization,,"Pacific Housing, Inc.",FALSE,122,,,"26 Terrace View Ct, Daly City, CA 94015","$18,300",TRUE,FALSE,"$34,811,784.00",$0.00,$0.00,$0.00,1.16%,$0.00,$0.00,,,,,,
71,SoFi Redwood Park Apartments,"SFF 3, LLC",Redwood City,San Mateo,CMFA,"Grant up to $10,000 (Charitable Affordable Housing)",25-145,4/25/2025,The Sobrato Organization,,"Pacific Housing, Inc.",FALSE,112,112,,"1212 Whipple Ave, Redwood City, CA 94062","$16,800",TRUE,FALSE,"$25,240,000.00",$0.00,"$22,716,000.00","$22,716,000.00",1.09%,$0.00,"$248,535.76",,https://www.theheltsley.com/,,,,12/5/2024
72,Waterbend Apartments,AXIS FEE OWNER LP,San Francisco,San Francisco,CMFA,,25-219,4/25/2025,TruAmerica Multifamily LLC,Angeleno Investments LP,Affordable Housing Access,FALSE,136,136,,"5880 3rd St, San Francisco, CA 94124","$20,400",TRUE,FALSE,"$73,513,835.00",$0.00,"$66,162,451.50","$66,162,451.50",1.20%,$0.00,"$793,949.42",,,NO,2016,,
73,1540 W Court Apartments,"1540 W. Court Street, LP",Los Angeles,Los Angeles,CMFA,,25-207,5/16/2025,Visionary Development Enterprises LLC,,Housing on Merit,FALSE,189,148,78.31%,"1540 W Court St, Los Angeles, CA 90026","$22,200",TRUE,FALSE,"$3,138,751.00",$0.00,"$2,212,072.13","$2,212,072.13",1.1874%,$0.00,"$26,265.70",,,YES,,,
74,Sol Haus Apartments,"Sol Haus Owner LP, California Limited Partnership",San Diego,San Diego,CMFA,"Grant up to $10,000 (Charitable Affordable Housing)",25-209,5/16/2025,CONAM Management Corporation,,Las Palmas Housing & Development Corporation,FALSE,147,145,,"5040 Logan Avenue, San Diego, CA 92113","$22,050",TRUE,FALSE,"$2,804,259.00",$0.00,"$2,489,495.23","$2,489,495.23",1.25%,$0.00,"$31,147.07",,,YES,,,
75,Palmilla Apartments,BWF III Ethos CA Palmilla LP,San Diego,San Diego,CMFA,"Grant up to $10,000 (Charitable Affordable Housing)",25-208,5/16/2025,Ethos Real Estate,Bridge Investment Group,"Casa Major, Inc.",FALSE,203,203,,"5474 Reservoir Dr, San Diego, CA 92120","$30,450",TRUE,FALSE,"$30,350,548.00",$0.00,"$27,315,493.20","$27,315,493.20",1.25%,$0.00,"$341,755.06",,,NO,,,
76,1451 W. MLK Boulevard Apartments,1451 W. MLK Boulevard Apartments,Los Angeles,Los Angeles,CMFA,,Proposed ,6/6/2025,"SoLa Impact, LLC",,Housing on Merit,FALSE,50,49,98.00%,"1451 W. MLK Blvd, Los Angeles, CA","$7,350",TRUE,FALSE,"$1,569,525.00",$0.00,"$1,384,321.05","$1,384,321.05",1.1874%,$0.00,"$16,437.15",,,YES,,,
77,11630 S. Main Street Apartments,"4 SIOF 11630 S MAIN ST, LP",Los Angeles,Los Angeles,CMFA,,25-291,6/27/2025,"SoLa Impact, LLC",,Housing on Merit,FALSE,84,17,20.24%,"11630 Main St, Los Angeles, CA 90061","$2,550",TRUE,FALSE,$0.00,$0.00,$0.00,$0.00,1.1874%,$0.00,$0.00,,,YES,,,
78,Bella Vista at Hilltop Apartments,"Bella Vista Owner, LP",Richmond,Contra Costa,CMFA,"Grant up to $10,000 (Charitable Affordable Housing)",25-281,6/27/2025,Kennedy Wilson,Vintage Housing Holdings,Hearthstone Housing Foundation,FALSE,1008,1008,,"3400 Richmond Pkwy, Richmond, CA 94806","$98,100",TRUE,FALSE,"$222,047,798.00",$0.00,"$199,843,018.20","$199,843,018.20",1.42%,$0.00,"$2,836,172.11",https://www.cmfa-ca.com/wp-content/uploads/2025/01/CMFA-Staff-Reports-01-10-25.pdf,,NO,,,
79,10811 S. Compton Ave Apartments,10811 S. Compton Ave Apartments,Los Angeles,Los Angeles,CMFA,,25-287,6/27/2025,"SoLa Impact, LLC",,Housing on Merit,FALSE,29,28,96.55%,"10811 S. Compton Avenue, Los Angeles, CA","$4,200",TRUE,FALSE,"$689,784.00",$0.00,"$599,398.51","$599,398.51",1.1874%,$0.00,"$7,117.14",,,YES,,,
80,4101 Somerset Dr. Apartments,"6 SIOF 4101 Somerset Dr, LP",Los Angeles,Los Angeles,CMFA,"Grant up to $10,000 (Charitable Affordable Housing)",25-282,6/27/2025,"SoLa Impact, LLC",,Housing on Merit,FALSE,36,35,97.22%,"4101 Somerset Drive, Los Angeles, CA","$5,250",TRUE,FALSE,"$3,451,872.00",$0.00,"$3,020,388.00","$3,020,388.00",1.1874%,$0.00,"$35,863.48",,,YES,,,
81,321 E. Florence Apartments,"3 SIOF 321 E Florence Ave, LP",Los Angeles,Los Angeles,CMFA,"Grant up to $10,000 (Charitable Affordable Housing)",25-283,6/27/2025,"SoLa Impact, LLC",,Housing on Merit,FALSE,31,30,96.77%,"321 E. Florence Ave, Los Angeles, CA ","$4,500",TRUE,FALSE,"$5,960,901.00",$0.00,"$5,191,752.48","$5,191,752.48",1.1874%,$0.00,"$61,645.83",,,YES,,,
82,9300 Compton Ave. Apartments,"6 SIOF 9300 Compton Ave, LP",Los Angeles,Los Angeles,CMFA,"Grant up to $10,000 (Charitable Affordable Housing)",25-284,6/27/2025,"SoLa Impact, LLC",,Housing on Merit,FALSE,20,19,95.00%,"9300 Compton Ave., Los Angeles, CA","$2,850",TRUE,FALSE,"$595,337.00",$0.00,"$509,013.14","$509,013.14",1.1874%,$0.00,"$6,043.92",,,YES,,,
83,6401 S. Avalon Blvd. Apartments,"6 SIOF 6401 S Avalon Blvd, LP",Los Angeles,Los Angeles,CMFA,"Grant up to $10,000 (Charitable Affordable Housing)",25-285,6/27/2025,"SoLa Impact, LLC",,Housing on Merit,FALSE,28,27,96.43%,"6401 S. Avalon Blvd., Los Angeles, CA","$4,050",TRUE,FALSE,"$426,520.00",$0.00,"$370,158.43","$370,158.43",1.1874%,$0.00,"$4,395.19",,,YES,,,
84,9515 Compton Ave. Apartments,"6 SIOF 9515 Compton Ave, LP",Los Angeles,Los Angeles,CMFA,"Grant up to $10,000 (Charitable Affordable Housing)",25-286,6/27/2025,"SoLa Impact, LLC",,Housing on Merit,FALSE,21,20,95.24%,"9515 Compton Avenue, Los Angeles, CA","$3,000",TRUE,FALSE,"$1,352,393.00",$0.00,"$1,159,194.00","$1,159,194.00",1.1874%,$0.00,"$13,764.04",,,YES,,,
85,569 W. 6th Street Apartments,"SIOF 5 Properties, LP, California limited partnership",Los Angeles,Los Angeles,CMFA,"Grant up to $10,000 (Charitable Affordable Housing)",25-288,6/27/2025,"SoLa Impact, LLC",,Housing on Merit,FALSE,48,47,97.92%,"569 W. 6th Street, San Pedro, CA","$7,050",TRUE,FALSE,"$1,363,864.00",$0.00,"$1,201,905.15","$1,201,905.15",1.1874%,$0.00,"$14,271.18",,,YES,,,
86,685 W. 4th St Apartments,"2 SIOF 685 W Fourth St, LP, Delaware limited partnership",Los Angeles,Los Angeles,CMFA,"Grant up to $10,000 (Charitable Affordable Housing)",25-289,6/27/2025,"SoLa Impact, LLC",,Housing on Merit,FALSE,28,27,96.43%,"685 W. 4th St., Los Angeles, CA ","$4,050",TRUE,FALSE,"$3,002,337.00",$0.00,"$2,605,599.61","$2,605,599.61",1.1874%,$0.00,"$30,938.37",,,YES,,,
87,Chadwick Apartments,"Chadwick Owner, LP",Los Angeles,Los Angeles,CMFA,"Grant up to $10,000 (Charitable Affordable Housing)",25-290,6/27/2025,Vintage Housing Holdings,Kennedy Wilson,"Pacific Housing, Inc",FALSE,687,687,100.00%,"209 Westmoreland Ave, Los Angeles, CA 90004","$74,025",TRUE,FALSE,"$129,082,596.00",$0.00,"$116,174,336.40","$116,174,336.40",1.1874%,$0.00,"$1,379,430.84",,,NO,,,
88,Chatsworth Apartments,"Chatsworth Housing, LP",Los Angeles,Los Angeles,CMFA,"Grant up to $10,000 (Charitable Affordable Housing)",25-308,7/18/2025,BMI Developments,,"Kingdom Development, Inc.",FALSE,69,68,98.55%,"17188 Chatsworth St., Los Angeles, CA","$10,200",TRUE,FALSE,"$850,000.00",$0.00,"$753,913.04","$753,913.04",1.1874%,$0.00,"$8,951.81",,,YES,,,
89,LINQ Apartments,"Ethos GP I Venture, LP",San Jose,Santa Clara,CMFA,"Grant up to $10,000 (Charitable Affordable Housing)",25-305,7/18/2025,Ethos Real Estate,,"Pacific Housing, Inc",FALSE,230,230,,"1700 Newbury Park Dr, San Jose, CA 95133","$34,500",TRUE,FALSE,"$113,197,044.00",$0.00,"$101,877,339.60","$101,877,339.60",1.24%,$0.00,"$1,263,380.89",,,,,,9/3/2025
90,Pacific Trails Apartments,"Pacific Trails, LP",Azusa,Los Angeles,CMFA,"Grant up to $10,000 (Charitable Affordable Housing)",25-304,7/18/2025,Langdon Park Capital,,Housing on Merit,FALSE,84,84,100.00%,"18615 E Arrow Hwy, Covina, CA 91722","$12,600",TRUE,FALSE,"$21,864,168.00",$0.00,"$19,677,751.20","$19,677,751.20",1.1757%,$0.00,"$231,351.91",,,NO,,,
91,Huston Affordable Housing Apartments,10910 Huston LP,Los Angeles,Los Angeles,CMFA,"Grant up to $10,000 (Charitable Affordable Housing)",25-353,8/8/2025,"Angeleno Investments, LP",,Las Palmas Housing & Development Corporation,FALSE,38,37,97.37%,"10910 Huston St, North Hollywood, CA 91601","$5,550",TRUE,FALSE,"$1,417,800.00",$0.00,"$1,242,440.53","$1,242,440.53",1.1874%,$0.00,"$14,752.49",,,YES,,,
92,The Parker Apartments,"Flag VII The Parker, L.P.",El Monte,Los Angeles,CMFA,"Grant up to $10,000 (Charitable Affordable Housing)",25-350,8/8/2025,Belveron Partners,,Las Palmas Housing & Development Corporation,FALSE,177,177,100.00%,"4640 Arden Way, El Monte, CA 91731","$26,550",TRUE,FALSE,"$45,003,808.00",$0.00,"$40,503,427.20","$40,503,427.20",1.3232%,$0.00,"$535,938.11",,,NO,,,
93,Canyon Ridge at Napa Junction Apartments,"Canyon Ridge at Napa Junction, LP",American Canyon,Napa,CMFA,"Grant up to $10,000 (Charitable Affordable Housing)",25-351,8/8/2025,BRIDGE Housing Corp.,,BRIDGE Housing Corp.,FALSE,148,148,,"800 Reliant Wy, American Canyon, CA 94503","$22,200",TRUE,FALSE,"$46,693,244.00",$0.00,"$42,023,919.60","$42,023,919.60",1.09%,$0.00,"$459,909.78",,,NO,,,
94,Canyon Villa Apartment Homes,"Post Canyon Villa, LP",Chula Vista,San Diego,CMFA,"Grant up to $10,000 (Charitable Affordable Housing)",25-352,8/8/2025,Post Investment Group,,Integrity Housing,FALSE,183,183,,"601 Telegraph Road, Chula Vista, CA 91910","$27,450",TRUE,FALSE,"$51,548,563.00",$0.00,"$46,393,706.70","$46,393,706.70",1.19%,$0.00,"$550,915.99",,,NO,1981,,
95,Fountain Park Apartments,"Fountain Park, L.P.",San Jose,Santa Clara,CMFA,"Grant up to $10,000 (Charitable Affordable Housing)",25-349,8/8/2025,Sack Capital Partners,Belveron Partners,Las Palmas Housing & Development Corp.,FALSE,164,164,,"1026 S De Anza Blvd, San Jose, CA 95129","$24,600",TRUE,FALSE,"$4,853,048.00",$0.00,"$4,367,743.20","$4,367,743.20",1.24%,$0.00,"$54,164.38",https://rebusinessonline.com/sack-properties-belveron-partners-buy-164-unit-multifamily-property-in-san-jose-california/,,,,,8/29/2025
96,Park Kiely Apartments,"Standard Vistria Park Kiely Owner, LP",San Jose,Santa Clara,CMFA,"Grant up to $10,000 (Charitable Affordable Housing)",25-348,8/8/2025,Standard Property Company,Vistria,Housing on Merit,FALSE,948,948,,"355 Kiely Blvd, San Jose, CA 95129","$93,600",TRUE,FALSE,"$297,316,740.00",$0.00,"$267,585,066.00","$267,585,066.00",1.24%,$0.00,"$3,318,322.40",,,,1972,410,8/27/2025
97,Azusa Gardens Apartments,"Azusa Gardens Owner, LP",Azusa,Los Angeles,CMFA,"Grant up to $10,000 (Charitable Affordable Housing)",25-347,8/8/2025,TriWest Multifamily,,"Kingdom Development, Inc.",FALSE,112,112,100.00%,"601 E 8th St, Azusa, CA 91702","$16,800",TRUE,FALSE,"$13,224,803.00",$0.00,"$11,902,322.70","$11,902,322.70",1.1645%,$0.00,"$138,600.17",,,NO,,,
98,Camden Village Apartments,"Flag VII Camden Village, L.P.",Fremont,Alameda,CMFA,"Grant up to $10,000 (Charitable Affordable Housing)",25-423,8/29/2025,Belveron Partners,,Las Palmas Housing & Development Corporation,FALSE,192,192,,"38000 Camden St, Fremont, CA 94536","$28,800",TRUE,FALSE,"$73,418,537.00",$0.00,"$66,076,683.30","$66,076,683.30",1.17%,$0.00,"$775,806.34",,https://www.camdenvillageapts.com/,NO,,,
99,Passo Barrington Apartments,"Passo Barrington, LP",Los Angeles,Los Angeles,CMFA,"Grant up to $10,000 (Charitable Affordable Housing)",25-424,8/29/2025,Glimcher Capital Group,,Housing on Merit,FALSE,53,53,100.00%,"1734 S. Barrington Ave., Los Angeles, CA, 90025","$7,800",TRUE,FALSE,"$2,225,000.00",$0.00,"$2,002,500.00","$2,002,500.00",1.1874%,$0.00,"$23,777.28",,,YES,,,
100,Passo Centinela I Apartments,"Passo Centinela, LP",Los Angeles,Los Angeles,CMFA,"Grant up to $10,000 (Charitable Affordable Housing)",25-425,8/29/2025,Glimcher Capital Group,,Housing on Merit,FALSE,72,71,98.61%,"4129 Centinela Avenue, Los Angeles, CA 90066","$10,650",TRUE,FALSE,"$1,630,000.00",$0.00,"$1,446,625.00","$1,446,625.00",1.1874%,$0.00,"$17,176.94",,,YES,,,
101,Passo Centinela II Apartments,"Passo Centinela 2, LP",Los Angeles,Los Angeles,CMFA,"Grant up to $10,000 (Charitable Affordable Housing)",25-426,8/29/2025,Glimcher Capital Group,,Housing on Merit,FALSE,73,72,98.63%,"4706 Centinela Avenue, Los Angeles, CA 90066","$10,800",TRUE,FALSE,"$2,190,000.00",$0.00,"$1,944,000.00","$1,944,000.00",1.1874%,$0.00,"$23,082.67",,,YES,,,
102,Passo Stoner Apartments,"Passo Stoner, LP",Los Angeles,Los Angeles,CMFA,"Grant up to $10,000 (Charitable Affordable Housing)",25-427,8/29/2025,Glimcher Capital Group,,Housing on Merit,FALSE,53,52,98.11%,"1747 Stoner Avenue, Los Angeles, CA 90025","$7,800",TRUE,FALSE,"$1,845,000.00",$0.00,"$1,629,169.81","$1,629,169.81",1.1874%,$0.00,"$19,344.44",,,YES,,,
103,4th Street Apartments,2025 E 4th Street LLLP,Los Angeles,Los Angeles,CMFA,"Approve application for proposed grant up to $10,000",25-448,9/19/2025,K3 Holdings,,"Kingdom Development, Inc.",FALSE,25,25,100.00%,"2025 E. 4th Street, Los Angeles, CA","$3,750",TRUE,FALSE,"$4,166,030.00",$0.00,"$3,749,427.00","$3,749,427.00",1.1874%,$0.00,"$44,519.95",,,NO,,,
104,Alexandria I Apartments,247 S Alexandria LLLP,Los Angeles,Los Angeles,CMFA,"Approve application for proposed grant up to $10,000",25-449,9/19/2025,K3 Holdings,,"Kingdom Development, Inc.",FALSE,27,27,100.00%,"247 S. Alexandria Avenue, Los Angeles, CA","$4,050",TRUE,FALSE,"$4,457,073.00",$0.00,"$4,011,365.70","$4,011,365.70",1.1874%,$0.00,"$47,630.15",,,NO,,,
105,Ashby Apartments,808 S Hobart LLLP,Los Angeles,Los Angeles,CMFA,"Approve application for proposed grant up to $10,000",25-450,9/19/2025,K3 Holdings,,"Kingdom Development, Inc.",FALSE,49,49,100.00%,"808 S. Hobart Boulevard, Los Angeles, CA","$7,350",TRUE,FALSE,"$7,984,000.00",$0.00,"$7,185,600.00","$7,185,600.00",1.1874%,$0.00,"$85,320.38",,,NO,,,
106,Catalina Apartments,454 Catalina LLLP,Los Angeles,Los Angeles,CMFA,"Approve application for proposed grant up to $10,000",25-451,9/19/2025,K3 Holdings,,"Kingdom Development, Inc.",FALSE,48,48,100.00%,"454 S. Catalina Street, Los Angeles, CA","$7,200",TRUE,FALSE,"$7,490,880.00",$0.00,"$6,741,792.00","$6,741,792.00",1.1874%,$0.00,"$80,050.69",,,NO,,,
107,Edgemont Apartments,103 S Edgemont LLLP,Los Angeles,Los Angeles,CMFA,"Approve application for proposed grant up to $10,000",25-452,9/19/2025,K3 Holdings,,"Kingdom Development, Inc.",FALSE,43,43,100.00%,"103 S. Edgemont Street, Los Angeles, CA 90004","$6,450",TRUE,FALSE,"$10,674,504.00",$0.00,"$9,607,053.60","$9,607,053.60",1.1874%,$0.00,"$114,072.23",,,NO,,,
108,Gramercy Apartments,Carson Gramercy LLLP // 974 S Gramercy LLLP,Los Angeles,Los Angeles,CMFA,"Approve application for proposed grant up to $10,000",25-453,9/19/2025,K3 Holdings,,"Kingdom Development, Inc.",FALSE,38,38,100.00%,"974 S. Gramercy Place, Los Angeles, CA","$5,700",TRUE,FALSE,"$7,216,214.00",$0.00,"$6,494,592.60","$6,494,592.60",1.1874%,$0.00,"$77,115.49",,,NO,,,
109,Irolo Apartments,Irolo 16 LLLP,Los Angeles,Los Angeles,CMFA,"Approve application for proposed grant up to $10,000",25-454,9/19/2025,K3 Holdings,,"Kingdom Development, Inc.",FALSE,32,32,100.00%,"832 Irolo Street, Los Angeles, CA","$4,800",TRUE,FALSE,"$7,195,628.00",$0.00,"$6,476,065.20","$6,476,065.20",1.1874%,$0.00,"$76,895.50",,,NO,,,
110,Kenmore I Apartments,Kenmore 20 LLLP,Los Angeles,Los Angeles,CMFA,"Approve application for proposed grant up to $10,000",25-455,9/19/2025,K3 Holdings,,"Kingdom Development, Inc.",FALSE,42,42,100.00%,"941 S. Kenmore Avenue, Los Angeles, CA","$3,600",TRUE,FALSE,"$4,338,468.00",$0.00,"$3,904,621.20","$3,904,621.20",1.1874%,$0.00,"$46,362.69",,,NO,,,
111,Manhattan III Apartments,426 Manhattan LLLP,Los Angeles,Los Angeles,CMFA,"Approve application for proposed grant up to $10,000",25-456,9/19/2025,K3 Holdings,,"Kingdom Development, Inc.",FALSE,40,40,100.00%,"426 S. Manhattan Place, Los Angeles, CA","$6,000",TRUE,FALSE,"$6,897,851.00",$0.00,"$6,208,065.90","$6,208,065.90",1.1874%,$0.00,"$73,713.33",,,NO,,,
112,Mariposa II Apartments,260 S Mariposa LLLP,Los Angeles,Los Angeles,CMFA,"Approve application for proposed grant up to $10,000",25-457,9/19/2025,K3 Holdings,,"Kingdom Development, Inc.",FALSE,40,40,100.00%,"260 S. Mariposa Avenue, Los Angeles, CA","$6,000",TRUE,FALSE,"$8,388,848.00",$0.00,"$7,549,963.20","$7,549,963.20",1.1874%,$0.00,"$89,646.75",,,NO,,,
113,Normandie Apartments,739 Normandie LLLP,Los Angeles,Los Angeles,CMFA,"Approve application for proposed grant up to $10,000",25-458,9/19/2025,K3 Holdings,,"Kingdom Development, Inc.",FALSE,32,32,100.00%,"739 S. Normandie Avenue, Los Angeles, CA","$4,800",TRUE,FALSE,"$4,993,920.00",$0.00,"$4,494,528.00","$4,494,528.00",1.1874%,$0.00,"$53,367.13",,,NO,,,
114,Norton Apartments,1111 Norton LLLP,Los Angeles,Los Angeles,CMFA,"Approve application for proposed grant up to $10,000",25-459,9/19/2025,K3 Holdings,,"Kingdom Development, Inc.",FALSE,20,20,100.00%,"1111 S. Norton Avenue, Los Angeles, CA 90019","$3,000",TRUE,FALSE,"$3,121,200.00",$0.00,"$2,809,080.00","$2,809,080.00",1.1874%,$0.00,"$33,354.45",,,NO,,,
115,Oxford I Apartments,Oxford 19 LLLP,Los Angeles,Los Angeles,CMFA,"Approve application for proposed grant up to $10,000",25-460,9/19/2025,K3 Holdings,,"Kingdom Development, Inc.",FALSE,60,60,100.00%,"975-985 S. Oxford Avenue, Los Angeles, CA","$9,000",TRUE,FALSE,"$10,493,522.00",$0.00,"$9,444,169.80","$9,444,169.80",1.1874%,$0.00,"$112,138.18",,,NO,,,
116,Oxford III Apartments,960 S Oxford LLLP,Los Angeles,Los Angeles,CMFA,"Approve application for proposed grant up to $10,000",25-461,9/19/2025,K3 Holdings,,"Kingdom Development, Inc.",FALSE,73,73,100.00%,"960 S. Oxford Avenue, Los Angeles, CA","$10,950",TRUE,FALSE,"$14,206,920.00",$0.00,"$12,786,228.00","$12,786,228.00",1.1874%,$0.00,"$151,821.11",,,NO,,,
117,Seven Lions Apartments,3715 W 1st Street LLLP,Los Angeles,Los Angeles,CMFA,"Approve application for proposed grant up to $10,000",25-462,9/19/2025,K3 Holdings,,"Kingdom Development, Inc.",FALSE,55,55,100.00%,"3715 W. 1st Street, Los Angeles, CA","$8,250",TRUE,FALSE,"$11,906,753.00",$0.00,"$10,716,077.70","$10,716,077.70",1.1874%,$0.00,"$127,240.56",,,NO,,,
118,St. Andrews I Apartments,515 S St. Andrews LLLP,Los Angeles,Los Angeles,CMFA,"Approve application for proposed grant up to $10,000",25-463,9/19/2025,K3 Holdings,,"Kingdom Development, Inc.",FALSE,40,40,100.00%,"515 S. St. Andrews Place, Los Angeles, CA 90020","$6,000",TRUE,FALSE,"$10,012,496.00",$0.00,"$9,011,246.40","$9,011,246.40",1.1874%,$0.00,"$106,997.74",,,NO,,,
119,St. Andrews II Apartments,516 St. Andrews LLLP,Los Angeles,Los Angeles,CMFA,"Approve application for proposed grant up to $10,000",25-464,9/19/2025,K3 Holdings,,"Kingdom Development, Inc.",FALSE,59,59,100.00%,"516 S. St. Andrews Place, Los Angeles, CA 90020","$8,850",TRUE,FALSE,"$14,209,574.00",$0.00,"$12,788,616.60","$12,788,616.60",1.1874%,$0.00,"$151,849.48",,,NO,,,
120,The Falls at Arden Apartments,"GB Falls, LP",Sacramento,Sacramento,CMFA,"Grant up to $10,000",25-484,10/10/2025,Jackson Square Properties,,Housing on Merit,FALSE,272,272,,"2345 Northrop Ave, Sacramento, CA 95825","$40,800",TRUE,FALSE,"$51,313,873.00",$0.00,"$46,182,485.70","$46,182,485.70",1.15%,$0.00,"$528,974.19",,,NO,,,
121,Alexandria II Apartments,130 Alexandria LLLP,Los Angeles,Los Angeles,CMFA,"Grant up to $10,000",25-487,10/10/2025,K3 Holdings,,"Kingdom Development, Inc.",FALSE,30,30,100.00%,"130 S. Alexandria Avenue, Los Angeles, CA","$4,500",TRUE,FALSE,"$13,742,642.00",$0.00,"$12,368,377.80","$12,368,377.80",1.1874%,$0.00,"$146,859.64",,,NO,,,
122,Fedora Apartments,861 Fedora LLLP,Los Angeles,Los Angeles,CMFA,"Grant up to $10,000",25-488,10/10/2025,K3 Holdings,,"Kingdom Development, Inc.",FALSE,39,39,100.00%,"861 Fedora Street, Los Angeles, CA","$5,850",TRUE,FALSE,"$9,710,053.00",$0.00,"$8,739,047.70","$8,739,047.70",1.1874%,$0.00,"$103,765.70",,,NO,,,
123,Kenmore II Apartments,Kenmore II 20 LLLP,Los Angeles,Los Angeles,CMFA,"Grant up to $10,000",25-489,10/10/2025,K3 Holdings,,"Kingdom Development, Inc.",FALSE,48,48,100.00%,"200 S. Kenmore Avenue, Los Angeles, CA","$7,200",TRUE,FALSE,"$9,200,673.00",$0.00,"$8,280,605.70","$8,280,605.70",1.1874%,$0.00,"$98,322.26",,,NO,,,
124,Kenmore III Apartments,915 S Kenmore LLLP,Los Angeles,Los Angeles,CMFA,"Grant up to $10,000",25-490,10/10/2025,K3 Holdings,,"Kingdom Development, Inc.",FALSE,18,18,100.00%,"915 S. Kenmore Avenue, Los Angeles, CA","$2,700",TRUE,FALSE,"$2,895,505.00",$0.00,"$2,605,954.50","$2,605,954.50",1.1874%,$0.00,"$30,942.58",,,NO,,,
125,Kingsley Apartments,530 Kingsley LLLP,Los Angeles,Los Angeles,CMFA,"Grant up to $10,000",25-491,10/10/2025,K3 Holdings,,"Kingdom Development, Inc.",FALSE,45,45,100.00%,"530 Kingsley Drive, Los Angeles, CA","$6,750",TRUE,FALSE,"$10,516,571.00",$0.00,"$9,464,913.90","$9,464,913.90",1.1874%,$0.00,"$112,384.49",,,NO,,,
126,Mariposa I Apartments,Mariposa 20 LLLP,Los Angeles,Los Angeles,CMFA,"Grant up to $10,000",25-492,10/10/2025,K3 Holdings,,"Kingdom Development, Inc.",FALSE,40,40,100.00%,"727 S. Mariposa Avenue, Los Angeles, CA","$6,000",TRUE,FALSE,"$7,089,929.00",$0.00,"$6,380,936.10","$6,380,936.10",1.1874%,$0.00,"$75,765.96",,,NO,,,
127,Mariposa III Apartments,750 Mariposa LLLP,Los Angeles,Los Angeles,CMFA,"Grant up to $10,000",25-493,10/10/2025,K3 Holdings,,"Kingdom Development, Inc.",FALSE,23,23,100.00%,"750-752 S. Mariposa Avenue, Los Angeles, CA","$3,450",TRUE,FALSE,"$6,547,652.00",$0.00,"$5,892,886.80","$5,892,886.80",1.1874%,$0.00,"$69,970.96",,,NO,,,
128,Mariposa IV Apartments,520 Mariposa LLLP,Los Angeles,Los Angeles,CMFA,"Grant up to $10,000",25-494,10/10/2025,K3 Holdings,,"Kingdom Development, Inc.",FALSE,48,48,100.00%,"520 S. Mariposa Avenue, Los Angeles, CA","$7,200",TRUE,FALSE,"$11,471,658.00",$0.00,"$10,324,492.20","$10,324,492.20",1.1874%,$0.00,"$122,590.96",,,NO,,,
129,Oxford II Apartments,Oxford 20 LLLP,Los Angeles,Los Angeles,CMFA,"Grant up to $10,000",25-495,10/10/2025,K3 Holdings,,"Kingdom Development, Inc.",FALSE,32,32,100.00%,"207 S. Oxford Avenue, Los Angeles, CA","$4,800",TRUE,FALSE,"$6,452,506.00",$0.00,"$5,807,255.40","$5,807,255.40",1.1874%,$0.00,"$68,954.19",,,NO,,,
130,Western Apartments,Western 19 LLLP,Los Angeles,Los Angeles,CMFA,"Grant up to $10,000",25-496,10/10/2025,K3 Holdings,,"Kingdom Development, Inc.",FALSE,76,76,100.00%,"1057 S. Western Avenue, Los Angeles, CA","$11,400",TRUE,FALSE,"$14,010,916.00",$0.00,"$12,609,824.40","$12,609,824.40",1.1874%,$0.00,"$149,726.53",,,NO,,,
131,Citrine Apartments,"Citrine Preservation, LP",Healdsburg,Sonoma,CMFA,"Grant up to $10,000",25-485,10/10/2025,The Transcend Group,,Retail Store Employees Building Corporation,FALSE,37,37,,"1260 Grove St, Healdsburg, CA 95448","$5,550",TRUE,FALSE,"$10,140,095.00",$0.00,"$9,126,085.50","$9,126,085.50",1.15%,$0.00,"$104,949.98",,,NO,,,
132,7524 S. Hoover St Apartments,"PS 7518 Hoover St, LP",Los Angeles,Los Angeles,CMFA,"Grant up to $10,000",25-513,10/24/2025,California State Teachers’ Retirement System,,Housing on Merit,FALSE,79,78,98.73%,"7524 S. Hoover St, Los Angeles, CA","$11,850",TRUE,FALSE,"$2,856,000.00",$0.00,"$2,537,863.29","$2,537,863.29",1.1874%,$0.00,"$30,134.08",,,,,,
134,10705 Avalon Blvd Apartments,"PS 10705 Avalon Blvd, LP",Los Angeles,Los Angeles,CMFA,,25-512,10/24/2025,California State Teachers’ Retirement System,,Housing on Merit,FALSE,68,68,100.00%,"10705 Avalon Blvd, Los Angeles, CA","$10,200",TRUE,TRUE,"$936,360.00","$936,360.00","$842,724.00","$936,360.00",1.1874%,"$11,118.15","$11,118.15",,,YES,,,
135,236 Berendo Apartments,236 Berendo Holdings OZ LP,Los Angeles,Los Angeles,CMFA,"Grant up to $10,000",25-510,10/24/2025,Terra Capital Development Group LLC,,"Pacific Housing, Inc.",FALSE,52,52,100.00%,"236 N. Berendo Street., Los Angeles, CA","$7,800",TRUE,FALSE,"$1,387,200.00",$0.00,"$1,248,480.00","$1,248,480.00",1.1874%,$0.00,"$14,824.20",,,YES,,,
136,Ascent Apartments,"Ethos GP I Venture, LP",San Jose,Santa Clara,CSCDA,Governmental Grant,CSCDA,11/20/2025,Ethos Real Estate,,,FALSE,650,260,,"5805 Charlotte Drive, San Jose, CA 95123",,TRUE,FALSE,"$269,608,107.00",$0.00,"$97,058,918.52","$97,058,918.52",1.24%,$0.00,"$1,203,627.65",,,,,,
137,Kittridge Affordable Housing Apartments,"18337 Kittridge, LP",Los Angeles,Los Angeles,CMFA,,25-552,11/21/2025,"Angeleno Investments, LP",,Las Palmas Housing & Development Corporation,FALSE,41,41,100.00%,"18337 Kittridge St, Reseda, CA 91335","$6,150",TRUE,FALSE,"$943,500.00",$0.00,"$849,150.00","$849,150.00",1.1874%,$0.00,"$10,082.64",,,YES,,,
138,Montecito Apartments,"Flag VII Montecito, L.P.",San Jose,Santa Clara,CMFA,,25-557,11/21/2025,Belveron Partners,,Las Palmas Housing & Development Corporation,FALSE,114,114,,"3765 Tamarack Ln, Santa Clara, CA 95051","$17,100",TRUE,FALSE,"$27,979,060.00",$0.00,"$25,181,154.00","$25,181,154.00",1.14%,$0.00,"$287,996.86",,,NO,,,
139,Thornbridge Apartments,"Thornbridge Holdings, L.P.",San Jose,Santa Clara,CMFA,,25-556,11/21/2025,Community HousingWorks,,Community HousingWorks,FALSE,286,286,,"5210 Monterey Rd, San Jose, CA 95111","$42,900",TRUE,TRUE,"$60,096,598.00","$60,096,598.00","$54,086,938.20","$60,096,598.00",1.24%,"$745,257.91","$745,257.91",,,NO,,,
140,The Crossings Apartments,"Ethos GP I Venture, LP",Sunnyvale,Santa Clara,CMFA,,25-555,11/21/2025,"Ethos GP I Venture, LP",,"Pacific Housing, Inc",FALSE,148,148,,"1180 Lochinvar Ave, Sunnyvale, CA 94087","$22,200",TRUE,FALSE,"$70,919,811.00",$0.00,"$63,827,829.90","$63,827,829.90",1.13%,$0.00,"$722,658.69",,,NO,,,
141,Renaissance Apartment Homes,"Post Renaissance Apartments, LP",Fresno,Fresno,CMFA,,25-551,11/21/2025,Post Investment Group,,Foundation for Affordable Housing,FALSE,278,278,,"5669 N Fresno St, Fresno, CA 93710","$41,700",TRUE,FALSE,"$30,330,305.00",$0.00,"$27,297,274.50","$27,297,274.50",1.25%,$0.00,"$341,215.93",,,NO,1984,,
142,9033 Ramsgate Apartments,9033 Ramsgate LP,Los Angeles,Los Angeles,CMFA,,25-553,11/21/2025,Six Peak Capital,,Housing on Merit,FALSE,116,116,100.00%,"9033 Ramsgate Avenue, Westchester, CA","$17,400",TRUE,FALSE,"$1,206,999.00",$0.00,"$1,086,299.10","$1,086,299.10",1.1874%,$0.00,"$12,898.50",,,,,,
143,Coliseum Transit Village,"Coliseum Transit Village One, LP",Oakland,Alameda,CMFA,,25-554,11/21/2025,UrbanCore Development,,"Pacific Housing, Inc.",FALSE,110,55,,"805 71st Avenue, Oakland, CA","$8,250",TRUE,FALSE,$0.00,$0.00,$0.00,$0.00,1.28%,$0.00,$0.00,,,NO,,,
144,La Vista Apartment Homes,TBD LP,Santa Maria,Santa Barbara,CMFA,,Proposed ,12/12/2025,Farallon Capital Management L.L.C.,,Las Palmas Housing & Development Corporation,FALSE,460,184,,"740 S. Western Avenue, Santa Maria, CA 93458","$27,600",TRUE,FALSE,"$22,728,000.00",$0.00,"$8,182,080.00","$8,182,080.00",1.05%,$0.00,"$85,682.74",,,NO,,,
145,Golden Gardens Apartments,Golden Gardens Housing Partners LP,Fresno,Fresno,CMFA,,Proposed ,12/12/2025,"Islas Development, LLC",,"Pacific Housing, Inc.",FALSE,110,110,,"2130 N Marks Ave, Fresno, CA 93722","$16,500",TRUE,FALSE,"$10,673,404.00",$0.00,"$9,606,063.60","$9,606,063.60",1.25%,$0.00,"$120,075.80",,,NO,,,
146,San Pedro Apartments,"7655 San Pedro, LP",Los Angeles,Los Angeles,CMFA,,25-562,12/12/2025,"Eleos Ventures, LLC",,Step Forward Communities,FALSE,40,40,100.00%,"7655 S San Pedro St, Los Angeles, CA 90003","$6,000",TRUE,FALSE,"$800,000.00",$0.00,"$720,000.00","$720,000.00",1.1874%,$0.00,"$8,549.14",,,YES,,,
147,Coliseum Connections,"Coliseum Transit Village One, LP",Oakland,Alameda,CMFA,,25-563,12/12/2025,UrbanCore Development,,"Pacific Housing, Inc.",FALSE,110,55,,"805 71st Avenue, Oakland, CA","$8,250",TRUE,FALSE,$0.00,$0.00,$0.00,$0.00,1.28%,$0.00,$0.00,,,NO,,,
148,Park Wilshire Apartments,Concord Park Wilshire LP,Los Angeles,Los Angeles,CMFA,,25-564,12/12/2025,Concord Companies,,"Pacific Housing, Inc.",FALSE,170,170,100.00%,"2424 Wilshire Blvd, Los Angeles, CA 90057","$25,500",TRUE,FALSE,"$3,454,142.00",$0.00,"$3,108,727.80","$3,108,727.80",1.2038%,$0.00,"$37,421.53",,,NO,1929,,
149,Sir Francis Drake Villa Apartments,Concord Sir Francis Drake LP,Los Angeles,Los Angeles,CMFA,,25-565,12/12/2025,Concord Companies,,"Pacific Housing, Inc.",FALSE,61,61,100.00%,"841 S Serrano Ave, Los Angeles, CA 90005","$9,150",TRUE,FALSE,"$4,558,215.00",$0.00,"$4,102,393.50","$4,102,393.50",1.1874%,$0.00,"$48,711.00",,,NO,,,
150,Langham Apartments,Concord Langham LP,Los Angeles,Los Angeles,CMFA,,25-566,12/12/2025,Concord Companies,,"Pacific Housing, Inc.",FALSE,181,181,100.00%,"715 Normandie Ave, Los Angeles, CA 90005","$27,150",TRUE,FALSE,"$5,831,313.00",$0.00,"$5,248,181.70","$5,248,181.70",1.1874%,$0.00,"$62,315.86",,,NO,,,
151,Piccadilly Apartments,Concord Piccadilly LP,Los Angeles,Los Angeles,CMFA,,25-567,12/12/2025,Concord Companies,,"Pacific Housing, Inc.",FALSE,74,74,100.00%,"682 Irolo Street, Los Angeles, CA","$11,100",TRUE,FALSE,"$3,524,298.00",$0.00,"$3,171,868.20","$3,171,868.20",1.1874%,$0.00,"$37,662.13",,,NO,,,
152,The Hive at Ackerfield Apartments,Ackerfield 2 LP,Long Beach,Los Angeles,CMFA,,25-568,12/12/2025,Golden Bee Properties,,"Kingdom Development, Inc. ",FALSE,152,152,100.00%,"5565 Ackerfield Avenue / 5700 Ackerfield Avenue, Long Beach, CA","$22,800",TRUE,FALSE,"$39,317,756.00",$0.00,"$35,385,980.40","$35,385,980.40",1.2065%,$0.00,"$426,931.50",,,NO,,,
153,Hawaiian Terrace Senior Apartments,"RK Equity Group Limited Partnership, 12142 Oxnard Limited Partnership, HG Napa Equity Limited
Partnership, HG FSA Capital Limited Partnership",Hawaiian Gardens,Los Angeles,CMFA,,25-569,12/12/2025,MKCR Capital LLC,,Foundation for Affordable Housing,FALSE,101,101,100.00%,"12100 226th St, Hawaiian Gardens, CA 90716","$15,150",TRUE,FALSE,"$23,346,575.00",$0.00,"$21,011,917.50","$21,011,917.50",1.1356%,$0.00,"$238,605.45",,,NO,1990,,
154,Crystal Springs Terrace,"Crystal Springs Terrace Apartments, LP",San Bruno,San Mateo,CMFA,,25-570,12/12/2025,Prometheus Real Estate Group,,Integrity Housing,FALSE,482,216,,"2000 Crystal Springs Rd, San Bruno, CA 94066","$32,400",TRUE,FALSE,"$180,060,039.00",$0.00,"$72,621,725.27","$72,621,725.27",1.09%,$0.00,"$794,554.30",,,NO/YES,,,
155,Trailview Apartments,TBD LP,Concord,Contra Costa,CMFA,,25-571,12/12/2025,Kairos Investment Management Company,,"Pacific Housing, Inc.",FALSE,120,120,,"1070 San Miguel Road, Concord, CA","$18,000",TRUE,FALSE,"$34,848,175.00",$0.00,"$31,363,357.50","$31,363,357.50",1.10%,$0.00,"$344,746.03",,,NO,1974,,
156,Casa Serena Apartments,TBD LP,Fremont,Alameda,CMFA,,25-572,12/12/2025,Kairos Investment Management Company,,"Pacific Housing, Inc.",FALSE,170,170,,"36000 Fremont Boulevard, Fremont, CA","$25,500",TRUE,FALSE,"$65,613,972.00",$0.00,"$59,052,574.80","$59,052,574.80",1.17%,$0.00,"$693,336.28",,,NO,1969,,
157,Hendrix and Hadley Apartments,"Hendrix EREP, LP & Hadley EREP, LP",Escondido,San Diego,CSCDA,,CSCDA,12/18/2025,Eagle Partners,,,FALSE,551,440,,"439 West El Norte Parkway / 1045 Morning View Drive, Escondido, CA",,TRUE,FALSE,"$85,170,741.00",$0.00,"$61,211,639.63","$61,211,639.63",1.14%,$0.00,"$697,880.02",,,,,,
158,Kalmia Apartments,"Kalmia Supportive Housing, LP",Los Angeles,Los Angeles,CMFA,,25-306,7/18/2025,A Community of Friends,,A Community of Friends,FALSE,29,29,100.00%,,"$4,350",FALSE,FALSE,$0.00,$0.00,$0.00,$0.00,#N/A,#N/A,#N/A,,,YES,,,
159,12th Street Apartments,12th Street 19 LLLP,Los Angeles,Los Angeles,CMFA,,25-486,10/10/2025,K3 Holdings,,"Kingdom Development, Inc.",FALSE,16,16,100.00%,"3048 W. 12th Street, CA 90006","$2,500",TRUE,FALSE,"$2,688,395.00",$0.00,"$2,419,555.50","$2,419,555.50",1.1874%,$0.00,"$28,729.32",,,NO,,,