Project ID,Property Name,Applicant / Entity,City,County,Agency,Grant Description,Resolution,Date,DEAD?,Investor 1,Investor 2,Nonprofit Partner,Stale,Total Unit Count,Restricted Unit Count,Restricted Ratio,Address,City's Cut,Parcel Identified,Welfare Exemption On 2025 Roll,Total Roll Value,Confirmed Exemption,Best Estimate Exemption,Confirmed or Best Estimate Exemption,Tax Rate,Confirmed Annual Revenue Loss,Best Estimate Annual Revenue Loss,Link,Leasing Link,New build?,Built,Acquisition Price (M),Acquisition Date,Regulatory Term,Closing Fee,CMFA Annual Fee,YEARS IN SERVICE,ANNUAL FEES PAID,SCC FILED?
238,Heritage Park Apartments Livermore,Standard Heritage Livermore Owner LP,Livermore,Alameda,CMFA,"Loan / $100,000",,2022-04-08,,Standard Property Company,,Housing on Merit,False,167,125,,"900 E Stanley Blvd, Livermore, CA 94550",,,,,,,,,,,,,NO,1988,,,,100200,25050,-,#VALUE!,True
192,Heritage Village Anaheim Apartments,Standard Heritage Anaheim Owner LP,Anaheim,Orange,CMFA,"Loan / $100,000",,2022-04-15,,Standard Property Company,,Housing on Merit,False,196,157,0.8010204082,"707 W Santa Ana Street, Anaheim CA 92805",16850,True,True,67860998,67860998,48922239.88,67860998,,0,0,,,,,,,,117600,29400,-,#VALUE!,True
193,Heritage Park Escondido Apartments,STANDARD HERITAGE ESCONDIDO OWNER LP,Escondido,San Diego,CMFA,"Loan / $100,000",,2022-04-15,,Standard Property Company,,Housing on Merit,False,196,157,0.8010204082,"2549 E. Valley Parkway, Escondido, CA 92027",15766,True,True,49668778,49157189,35807134.34,49157189,,0,,,,,,,,,117600,29400,-,#VALUE!,
1,Alvarado Streets Apartments,"Alvarado Affordable Associates, LP",Los Angeles,Los Angeles,CMFA,"Grant up to $10,000",23-204,2023-07-14,,Taylor Equities,,"Kingdom Development, Inc.",False,24,24,1,"1136 S. Alvarado Street, Los Angeles, CA",3600,True,True,4447710,4262686,4002939,4262686,0.0118738,50614.28103,50614.28103,,,,,,,,14400,4000,2,8000,True
4,Bernardine Apartments,"Castle Rock Bernardine Apartments, LP",San Bernardino,San Bernardino,CMFA,"Grant up to $10,000",23-222,2023-08-04,,Quest Capital Partners,,Affordable Rent Project,False,71,70,,"363 E. Gilbert St., San Bernardino, CA",10650,True,True,4156500,4156500,3688161.972,4156500,0.0113,46968.45,46968.45,,,,,,,,42600,10650,2,21300,True
2,2025 New Jersey Apartments,"2025 NJ, LP",Los Angeles,Los Angeles,CMFA,"Grant up to $10,000",23-223,2023-08-04,,"Eleos Ventures, LLC",,Step Forward Communities,False,15,14,0.9333333333,"2025 New Jersey St, Los Angeles, CA",2250,True,True,527950,527950,443478,527950,0.0118738,6268.77271,6268.77271,,,,2023,,,,10000,4000,2,8000,True
3,Mariposa Club Apartments,"Mariposa Club Apartments I, LP",Mountain View,Santa Clara,CMFA,"Grant up to $10,000",23-224,2023-08-04,,Prometheus Real Estate Group,,Hearthstone Housing Foundation,False,48,48,,"660 Mariposa Ave., Mountain View, CA",7500,True,True,17059601,16718409,15353640.9,16718409,0.011211,187430.0833,187430.0833,,,,,,,,28800,7200,2,14400,True
5,"City View aka Outlook at Mission Valley
Apartments",Mission Valley Preservation LP,San Diego,San Diego,CMFA,"Grant up to $10,000",23-275,2023-08-25,,Securities Properties,,Las Palmas Housing & Development,False,56,23,,"840 17th St, San Diego, CA 92101",8400,True,False,9316117,0,3443636.105,3443636.105,0.0125114,0,43084.70877,,,,,,,,33600,8400,2,16800,True
6,381 Turk Street Apartment,381 Turk Street Associates,San Francisco,San Francisco,CMFA,"Grant up to $10,000",23-307,2023-09-15,True,"Mosser Capital, LLC",,"Kingdom Development, Inc.",False,32,13,,"381 Turk St., San Francisco, CA",4800,True,False,7398189,0,2704962.853,2704962.853,0.012,0,32459.55424,,,,,,,,19200,4800,2,9600,
7,Townhomes at Gading Apartments,"SFF 2, LLC",Hayward,Alameda,CMFA,"Grant up to $10,000",23-370,2023-12-08,,The Sobrato Organization,,Sobrato Foundation,False,61,61,,"26409 Gading Rd, Hayward, CA 94544",9150,True,False,17313480,0,15582132,15582132,0.011724,0,182684.9156,,https://www.townhomesongadingapts.com/,,,,,,36600,9150,2,18300,
8,1317 S. Grand Apartments,"1317 SGA QOZB, LP or an affiliate thereof",Los Angeles,Los Angeles,CMFA,,23-371,2023-12-08,,Housing Diversity Corporation,,PEP Housing,False,147,147,1,"1317 S. Grand St, Los Angeles, CA 90015",22050,True,False,11783947,0,10605552.3,10605552.3,0.0118738,0,125928.2069,,,,,,,,88200,22050,2,44100,True
9,1411 S. Flower Apartments,Housing Diversity,Los Angeles,Los Angeles,CMFA,,23-372,2023-12-08,,Housing Diversity Corporation,Arctaris Impact Investors,PEP Housing,False,227,227,1,"1411 Flower St, Los Angeles, CA 90015",34050,True,False,9142457,0,8228211.3,8228211.3,0.0118738,0,97700.13533,,,,,,,,136200,34050,2,68100,
10,7518 Hoover St. Apartments,"BIF NON OZ 7518 S Hoover St, LP",Los Angeles,Los Angeles,CMFA,"Grant up to $10,000",24-041,2024-02-02,,"SoLa Impact, LLC",Black Impact Group,Housing on Merit,False,79,48,0.6075949367,"7518 S. Hoover, Los Angeles, CA 90044",11850,True,False,2856000,0,1561762.025,1561762.025,0.0118738,0,18544.04994,,,,,,,,47400,11850,2,23700,True
11,820 MacArthur Apartments,2019 Ozone Affordable Housing,Oakland,Alameda,CMFA,"Grant up to $10,000",24-052,2024-02-23,,"Riaz, Inc.",,AOF Pacific,False,166,166,,"820 W MacArthur Blvd, Oakland, CA 94608",24900,True,True,2013882,7089890,1812493.8,7089890,0.012779,90601.70431,90601.70431,,,YES,,,,,99600,24900,0,0,True
12,The Waterloo Apartments,"801 Waterloo Partners, LP",Los Angeles,Los Angeles,CMFA,"Grant up to $10,000",24-053,2024-02-23,,The Greg Scott Company,,"Kingdom Development, Inc.",False,154,154,1,"801-809 Waterloo Street, Los Angeles, CA",23250,True,False,1360000,0,1224000,1224000,0.0118738,0,14533.5312,,,,,,,,92400,23100,2,46200,True
14,Electric Lofts Apartments,"Electric Lofts, LP",Oakland,Alameda,CMFA,"Grant up to $10,000",24-074,2024-03-15,,Trestle Development LLC,,AOF / Pacific Affordable Housing Corp,False,89,40,,"2415 Valdez St, Oakland, CA 94612",13350,True,False,24257157,0,9811883.73,9811883.73,0.012779,0,125386.0622,,https://www.electriclofts.com/,,,,,,53400,13350,2,26700,True
13,275 Turk Street Apartments,RHI-Mosser 275 Turk LP,San Francisco,San Francisco,CMFA,"Grant up to $10,000",24-076,2024-03-15,True,"Mosser Capital, LLC",Stars Real Estate Investment,"Kingdom Development, Inc.",False,66,27,,"275 Turk St, San Francisco, CA",9900,True,False,17116303,0,6301911.559,6301911.559,0.012,0,75622.93871,,,,,,,,39600,9900,2,19800,
15,Premiere Hollywood Apartments,"OODB2, LP",Los Angeles,Los Angeles,CMFA,"Grant up to $10,000",24-178,2024-04-26,True,Housing Diversity Corporation,,PEP Housing,False,69,69,1,"6762 Hawthorn Ave, Los Angeles, CA 90028",10350,True,False,8706757,0,7836081.3,7836081.3,0.0118738,0,93044.06214,,,,2023,,,,41400,10350,2,20700,
17,4252 Crenshaw Apartments,4252 Crenshaw LP,Los Angeles,Los Angeles,CMFA,"Grant up to $10,000",24-199,2024-05-17,,Thrive Living,Magnum Real Estate Group,"Kingdom Development, Inc.",False,111,111,1,4252 S CRENSHAW BLVD LOS ANGELES CA 90008,16650,True,True,26914860,26914860,24223374,26914860,0.0118738,319581.6647,319581.6647,,,NO,2020,,,,66600,16650,2,33300,True
16,Montessa Apartments,"Affordable Housing Alliance II, Inc. dba Integrity Housing",Vacaville,Solano,CMFA,"Grant up to $10,000",24-200,2024-05-17,,Ascenda Capital,,Integrity Housing,False,169,58,,"343 Moon River Pl, Vacaville, CA 95687",8700,True,False,1333447,0,411869.4284,411869.4284,0.0117033,0,4820.231481,,,YES,,,,,101400,25350,0,0,
18,Fallbrook Trail Apartments,1735 South Mission LP,San Diego,San Diego,CMFA,"Grant up to $10,000",24-219,2024-06-07,,AOF,Pacific Affordable Housing Corp,Pacific Affordable Housing Corp,False,103,102,,"1735 S Mission Rd, Fallbrook, CA 92028",15300,True,False,32460480,0,28930796.74,28930796.74,0.010783,0,311960.7812,,,,2021,,,,61800,15450,2,30900,True
20,Pinetree Terrace Apartments,Hacienda Investors LP,Los Angeles,Los Angeles,CMFA,"Grant up to $10,000",24-220,2024-06-07,,GHC Housing Partners,,Foundation for Affordable Housing,False,58,58,1,"7940 Reseda Boulevard, Reseda, CA",8700,True,True,17952000,15786989,16156800,15786989,0.0118738,187451.55,187451.55,,,,,17600000,2024-06-28,,34800,8700,2,17400,True
21,Windmere Court Apartments,Hacienda Investors LP,Los Angeles,Los Angeles,CMFA,"Grant up to $10,000",24-221,2024-06-07,,GHC Housing Partners,,Foundation for Affordable Housing,False,52,52,1,"18325 Saticoy St, Reseda, CA 91335",7800,True,True,16626000,16306781,14963400,16306781,0.0118738,193623.4562,193623.4562,,,,,16300000,2024-06-13,,31200,7800,2,15600,True
19,The Arbors Apartments,Post Arbors Santa Ana LP,Santa Ana,Orange,CMFA,"Grant up to $10,000",24-222,2024-06-07,,Ascenda Capital,Post Investment Group,Integrity Housing,False,160,160,,"1100-1200 E. Fairhaven Avenue, Santa Ana, CA",24000,True,False,40750000,0,36675000,36675000,0.011195,0,410576.625,,,,1969,,,,96000,24000,2,48000,True
22,Seville Gardens Apartments,BG Apartments Investors LP,Huntington Park,Los Angeles,CMFA,"Grant up to $10,000",24-223,2024-06-07,,GHC Housing Partners,,Foundation for Affordable Housing,False,225,225,1,"2701 Randolph St., Huntington Park, CA",33750,True,True,34425000,31825913,30982500,31825913,0.01385148,440835.9974,440835.9974,,,,1989,,,,135000,33750,2,67500,True
23,Harbour Residences Apartments,"RMG Fee Avalon, LP",Los Angeles,Los Angeles,CMFA,"Grant up to $10,000",24-252,2024-07-19,True,RMG Housing,,DECRO Corporation,False,74,74,1,"445 N. Avalon Boulevard, Los Angeles, CA",11100,True,False,8899678,0,8009710.2,8009710.2,0.0118738,0,95105.69697,,,YES,,,,,44400,11100,0,0,
24,4209 Western Avenue Apartments,"BIF NON OZ 4209 WESTERN AVE, LP",Los Angeles,Los Angeles,CMFA,"Grant up to $10,000",24-253,2024-07-19,,"SoLa Impact, LLC",,Housing on Merit,False,25,24,0.96,"4209 S Western Ave, Los Angeles, CA 90062",3600,True,True,10924200,10903361,9438508.8,10903361,0.0118738,129464.3278,129464.3278,,,,,,,,15000,4000,1,4000,True
25,1130 Martin Luther King Jr. Blvd Apartments,"BIF NON OZ 1100 MLK BLK, LP",Los Angeles,Los Angeles,CMFA,,24-254,2024-07-19,,"SoLa Impact, LLC",,Housing on Merit,False,29,28,0.9655172414,"1130 W Martin Luther King Jr Blvd, Los Angeles, CA 90037",4200,True,True,12796920,12776081,11120082.21,12776081,0.0118738,151700.6306,151700.6306,,,,,,,,17400,4350,1,4350,True
34,Appian Terrace Apartments,APPIAN LP,El Sobrante,Contra Costa,CMFA,"Grant up to $10,000",24-277,2024-08-09,,Tesseract Capital Group,,Housing on Merit,False,41,41,,"4481 Appian Way, El Sobrante, CA 94803",6150,True,False,9977564,0,8979807.6,8979807.6,0.012792,0,114869.6988,,,,,,,,24600,6150,1,6150,True
35,Sierra Park Apartments,"Sierra Park LP, a California Limited Partnership",Unincorporated,Sacramento,CMFA,"Grant up to $10,000",24-278,2024-08-09,,Tesseract Capital Group,,Housing on Merit,False,104,104,,"4930 Polk St, North Highlands, CA 95660",15600,True,True,25646900,23179668,23082210,23179668,0.011785,273172.3874,273172.3874,,,,,,,,62400,15600,1,15600,True
33,7524 S. Hoover St. Apartments,"BIF NON OZ 7524 S HOOVER ST, LP",Los Angeles,Los Angeles,CMFA,"Grant up to $10,000",24-279,2024-08-09,,"SoLa Impact, LLC",,Housing on Merit,True,79,48,0.6075949367,"7518 S. Hoover, Los Angeles, CA",11850,True,False,0,0,0,0,0.0118738,0,0,,,YES,,,,,47400,11850,0,0,
27,Santa Monica Portfolio A Apartments,"GC 1422-1428 6th, LP",Santa Monica,Los Angeles,CMFA,"Grant up to $10,000",24-280,2024-08-09,,Gortikov Capital,,"Kingdom Development, Inc.",False,52,32,0.6153846154,"1422-1428 6th St., Santa Monica, CA",4800,True,True,17170000,4062807,9509538.462,4062807,0.01203757,48906.32366,48906.32366,https://www.1422on6th.com/,,NO,1997,17170000,2024-09-12,,31200,7800,1,7800,True
28,Santa Monica Portfolio B Apartments,"GC 1422-1432 7th, LP",Santa Monica,Los Angeles,CMFA,"Grant up to $10,000",24-281,2024-08-09,,Gortikov Capital,,"Kingdom Development, Inc.",False,72,49,0.6805555556,"1422-1432 7th, Santa Monica, CA",7350,True,True,23070000,10578326,14130375,10578326,0.01203757,127337.3397,127337.3397,,,,,,,,43200,10800,1,10800,True
29,Santa Monica Portfolio C Apartments,"GC 1423-1425 6th, LP",Santa Monica,Los Angeles,CMFA,"Grant up to $10,000",24-282,2024-08-09,,Gortikov Capital,,"Kingdom Development, Inc.",False,48,29,0.6041666667,"1423-1425 6th, Santa Monica, CA",4350,True,True,20900000,10886810,11364375,10886810,0.01203757,131050.7375,131050.7375,,,,,,,,28800,7200,1,7200,True
30,Santa Monica Portfolio D Apartments,"GC 1522 6th, LP",Santa Monica,Los Angeles,CMFA,"Grant up to $10,000",24-283,2024-08-09,,Gortikov Capital,,"Kingdom Development, Inc.",False,26,25,0.9615384615,"1522 6th St, Santa Monica, CA",3750,True,True,7050000,3659058,6100961.538,3659058,0.01203757,44046.16681,44046.16681,,,,2004,,,,15600,3900,1,3900,True
31,Santa Monica Portfolio E Apartments,"GC 1537 7th, LP",Santa Monica,Los Angeles,CMFA,"Grant up to $10,000",24-284,2024-08-09,,Gortikov Capital,,"Kingdom Development, Inc.",False,26,25,0.9615384615,"1537 7th, Santa Monica, CA",3750,True,True,6580000,4088045,5694230.769,4088045,0.01203757,49210.12785,49210.12785,,,,,5390000,2024-09-12,,15600,3900,1,3900,True
32,Santa Monica Portfolio F Apartments,"GC 2001-2029 Olympic, LP",Santa Monica,Los Angeles,CMFA,"Grant up to $10,000",24-285,2024-08-09,,Gortikov Capital,,"Kingdom Development, Inc.",False,165,98,0.5939393939,"2001-2029 Olympic Blvd, Santa Monica",14700,True,True,29350000,22352409,15688909.09,22352409,0.01203757,269068.688,269068.688,,,,2008,,,,99000,24750,1,24750,True
26,Harbor Terrace Apartments,"Post Harbor Terrace, LP",Los Angeles,Los Angeles,CMFA,"Grant up to $10,000",24-286,2024-08-09,,Ascenda Capital,,Integrity Housing,False,93,93,1,"441 W 3rd St, San Pedro, CA 90731",13950,True,True,24250000,16429375,21825000,16429375,0.0118738,195079.1129,195079.1129,,,,1987,,,,55800,13950,1,13950,True
36,Stadium Village Apartments,"SV INGLEWOOD HOLDINGS, L.P., a California limited partnership",Inglewood,Los Angeles,CMFA,"Grant up to $10,000",24-361,2024-08-30,,Community HousingWorks,,Community HousingWorks,False,80,80,1,"9301 – 9609 Crenshaw
Blvd, Inglewood, CA",12000,True,False,26900000,0,24210000,24210000,0.01280765,0,310073.2065,,,,,,,,48000,12000,1,12000,True
37,2330 E. 3rd Street Apartments,2330 3rd Street Apartments L.P.,Los Angeles,Los Angeles,CMFA,"Grant up to $10,000",24-363,2024-08-30,,Terra Capital Development Group LLC,,Pacific Housing,False,53,53,1,"2330 E. 3rd Street, Los Angeles, CA",7950,True,False,1275000,0,1147500,1147500,0.0118738,0,13625.1855,,,YES,,,,,31800,7950,0,0,True
39,6200 S. Broadway Apartments,"BIF NON OZ 6200 BROADWAY BLK, LP",Los Angeles,Los Angeles,CMFA,"Grant up to $10,000",24-379,2024-09-20,,"SoLa Impact, LLC",,Housing on Merit,False,66,51,0.7727272727,"6200 S Broadway, Los Angeles, CA",7950,True,False,1326510,0,922527.4091,922527.4091,0.0118738,0,10953.90595,,,YES,,,,,39600,9900,0,0,True
40,4228 Western Ave. Apartments,"BIF NON OZ 4228 WESTERN AVE, LP",Los Angeles,Los Angeles,CMFA,"Grant up to $10,000",24-380,2024-09-20,True,"SoLa Impact, LLC",,Housing on Merit,False,68,14,0.2058823529,"4228 Western Avenue, Los Angeles, CA",2500,True,False,17790840,0,3296538,3296538,0.0118738,0,39142.4329,,,YES,,,,,40800,10200,0,0,
41,4327 S. Vermont Apartments,"IF OZ 4300 S VERMONT AVE BLK LP, a Delaware limited partnership",Los Angeles,Los Angeles,CMFA,"Grant up to $10,000",24-381,2024-09-20,,"SoLa Impact, LLC",,Housing on Merit,False,188,111,0.5904255319,"4327 S Vermont, Los Angeles, CA",16650,True,False,3719558,0,1976509.81,1976509.81,0.0118738,0,23468.68218,,,YES,,,,,112800,28200,0,0,
42,2023 Imperial Apartments,"BIF NON OZ 2000 Imperial Hwy Blk, LP",Los Angeles,Los Angeles,CMFA,"Grant up to $10,000",24-382,2024-09-20,True,"SoLa Impact, LLC",,Housing on Merit,False,90,71,0.7888888889,"110 Imperial Highway, Los Angeles, CA",10650,True,False,429364,0,304848.44,304848.44,0.0118738,0,3619.709407,,,YES,,,,,54000,13500,0,0,
38,Marquee Apartments,"Post Marquee North Hollywood, LP",Los Angeles,Los Angeles,CMFA,"Grant up to $10,000",24-383,2024-09-20,,Ascenda Capital,,Integrity Housing,False,236,236,1,"12300 Sherman Way, North Hollywood, CA 91605",35400,True,False,43800000,0,39420000,39420000,0.0118738,0,468065.196,,,NO,1965,,,,141600,35400,1,35400,True
43,Meridian Apartments,"400 Meridian, LP, a California limited partnership",San Rafael,Marin,CMFA,"Grant up to $10,000",24-384,2024-09-20,True,Tesseract Capital Group,,Housing on Merit,False,99,99,,"400 Canal St, San Rafael, CA 94901",14850,True,False,33879341,0,30491406.9,30491406.9,0.01084,0,330526.8508,,,NO,,,,,59400,14850,1,14850,
46,4752 Main Street Apartments,"4752 Main, LP",Los Angeles,Los Angeles,CMFA,,24-399,2024-10-11,True,"Eleos Ventures, LLC",,Step Forward Communities,False,53,53,1,"4752 Main St, Los Angeles, CA 90037",,True,False,1298913,0,1169021.7,1169021.7,0.0118738,0,13880.72986,,,YES,,,,,31800,7950,0,0,
45,Horizon Apartments,"BWF II ETHOS CA HORIZON LP, a Delaware limited partnership",Santa Ana,Orange,CMFA,"Grant up to $10,000",24-410,2024-10-11,,Ethos Real Estate,Bridge Investment Group,Affordable Housing Access Inc,False,406,406,,"2414 N Tustin Ave, Santa Ana, CA 92705",60900,True,False,129200000,0,116280000,116280000,0.011195,0,1301754.6,,,NO,,,,,243600,60900,1,60900,True
48,Hillsdale Gardens Apartments,Hillsdale Property LP,San Mateo,San Mateo,CMFA,"Grant up to $10,000",24-411,2024-10-11,,Vistria Group,Ethos Real Estate,"Pacific Housing, Inc.",False,697,697,,"3500 Edison St, San Mateo, CA 94403",74775,True,True,252362500,28000,227126250,28000,0.011201,,313.628,,,NO,,,,,418200,104550,1,104550,True
47,6171 Mission Gorge Apartments,"6171 Mission Gorge Owner LP, a California limited partnership",San Diego,San Diego,CMFA,"Grant up to $10,000",24-412,2024-10-11,,Impact Housing,,Las Palmas Housing & Development Corporation,False,488,483,,"6171 Mission Gorge Rd, San Diego, CA 92120",72450,True,False,13362000,0,11902584.84,11902584.84,0.0125114,0,148917.9999,,,YES,,,,,292800,73200,0,0,True
44,Soto Apartments,"EV 228 Soto, LP, a California limited partnership",Los Angeles,Los Angeles,CMFA,"Grant up to $10,000",24-413,2024-10-11,,"Eleos Ventures, LLC",,Step Forward Comminities,False,41,40,0.9756097561,"228 N Soto Street, Los Angeles, CA",6000,True,False,2509100,0,2203112.195,2203112.195,0.0118738,0,26159.31358,,,YES,,,,,24600,6150,0,0,True
50,Market Street Village Apartments,699 14TH Street CSLC LP,San Diego,San Diego,CMFA,"Grant up to $10,000",24-427,2024-11-01,,Community Solutions,,Community Solutions,False,229,229,,"699 14th Street, San Diego, CA",34350,True,False,53339453,0,48005507.7,48005507.7,0.0125114,0,600616.109,,,NO,,,,,137400,34350,1,34350,True
52,The Carla Apartments,1201 Fulton Ave LP,Unincorporated,Sacramento,CMFA,"Grant up to $10,000",24-428,2024-11-01,True,"Trion Properties, Inc.",,Riverside Charitable Corporation,False,63,62,,"1201 Fulton Ave, Sacramento, CA 95825",9300,True,False,15111810,0,13384746,13384746,0.011454,0,153308.8807,,,NO,,,,,37800,9450,1,9450,
51,Creekside Villas Apartments,"Post Creekside, LP",San Diego,San Diego,CMFA,"Grant up to $10,000",24-429,2024-11-01,True,Post Investment Group,,Integrity Housing,False,145,144,,"220 47th St, San Diego, CA 92102",21600,True,False,5832864,0,5213373.617,5213373.617,0.0125114,0,65226.60267,,,NO,1984,,,,87000,21750,1,21750,
53,Skylark Place by Trion Living Apartments,"Trion Skylark Properties, LP",Unincorporated,Sacramento,CMFA,"Grant up to $10,000",24-430,2024-11-01,True,"Trion Properties, Inc.",,Integrity Housing,False,198,198,,"6930 Fair Oaks Blvd, Carmichael, CA 95608",29700,True,False,12145525,0,10930972.5,10930972.5,0.011873,0,129783.4365,,,NO,1973/1991,,,,118800,29700,1,29700,
54,Seaport Village Apartments,"Avanath Seaport, LP",Long Beach,Los Angeles,CMFA,"Grant up to $10,000",24-442,2024-11-22,,Avanath Capital,,"Pacific Housing, Inc.",False,356,144,0.404494382,"5601 North Paramount Boulevard, Long Beach, Los Angeles",21600,True,True,94978083,41642082,34576290.89,41642082,0.01206499,502411.3029,502411.3029,,,NO,,,,,213600,53400,1,53400,True
55,1457 Main Street Apartments,1457 Main Owner LP,Los Angeles,Los Angeles,CMFA,,24-443,2024-11-22,,Thrive Living,"Open House Group Co., Ltd","Kingdom Development, Inc.",False,377,151,0.400530504,"1457 N Main St, Los Angeles, CA 90012",22650,True,True,17293255,16976485,6233828.527,16976485,0.0118738,201575.3876,201575.3876,,,YES,,,,,226200,56550,0,0,True
56,Viewpoint Apartments,651 Addison LLC,Berkeley,Alameda,CMFA,"Grant up to $10,000",24-470,2024-12-13,,Bridge Housing,,Bridge Housing,False,94,71,,"651 Addison St, Berkeley, CA 94710",10650,True,False,31838150,0,21643167.93,21643167.93,0.012323,0,266708.7583,,https://bridgehousing.com/properties/viewpoint/,,,,,,56400,14100,1,14100,
59,Ventana Residences Apartments,99 Ocean Avenue LP,San Francisco,San Francisco,CMFA,"Grant up to $10,000",24-471,2024-12-13,,"Presidio Bay Ventures, LLC",,"Pacific Housing, Inc",False,193,100,,"99 OCEAN AVE SAN FRANCISCO, CA 94112-2548",15000,True,False,82453101,0,38449632.59,38449632.59,0.012,0,461395.5911,,,YES,2023,,,,115800,28950,0,0,True
57,SoFi Los Gatos Creek Apartments,BWF III Ethos CA Los Gatos Creek LP,San Jose,Santa Clara,CMFA,"Grant up to $10,000",24-472,2024-12-13,,Ethos Real Estate,Bridge Investment Group,"Casa Major, Inc.",False,193,193,,"2130 Southwest Expy, San Jose, CA 95126",28950,True,True,36559633,18850147,32903669.7,18850147,0.012401,233760.6729,233760.6729,https://www.ethos-re.com/news/sofi-at-los-gatos-creek-adam-siegman-comments-on-affordable-housing,https://www.losgatoslandingapts.com/,NO,1969,61.1,2024-12-31,,115800,28950,1,28950,True
58,Chaparral Apartments,"Post Chaparral, LP",Palmdale,Los Angeles,CMFA,"Grant up to $10,000",24-473,2024-12-13,,Post Investment Group,,Integrity Housing,False,296,296,1,"38441 5th St W, Palmdale, CA 93551",44400,True,True,14702565,4371074,13232308.5,4371074,0.01233086,53899.10154,53899.10154,,,NO,,,,,177600,44400,1,44400,True
60,HARKEN APARTMENTS,Prometheus Real Estate Group,Los Altos,Santa Clara,CMFA,,25-065,2025-01-31,,"Prometheus Real Estate Group, Inc.",,Hearthstone Housing Foundation,False,196,29,,"5150 El Camino Real, Los Altos, CA",4350,True,False,50937984,0,6783068.278,6783068.278,0.011268,0,76431.61335,,,YES,,,,,117600,29400,0,0,
64,333 Douglas Apartments,"333 Douglas Street, LP, a California limited partnership",Los Angeles,Los Angeles,CMFA,"Grant up to $10,000 (Charitable Affordable Housing)",25-080,2025-02-21,True,Visionary Development Enterprises LLC,,Housing on Merit,False,33,32,0.9696969697,"333 Douglas St, Los Angeles, CA",4800,True,False,1144440,0,998784,998784,0.0118738,0,11859.36146,,,,,,,,19800,4950,1,4950,
61,11422 Broadway Apartments,"BIF IMPACT OZ 1100 BROADWAY BLK, LP",Los Angeles,Los Angeles,CMFA,,25-081,2025-02-21,True,"SoLa Impact, LLC",,Housing on Merit,False,166,165,0.9939759036,"11422 S Broadway, Los Angeles, CA 90061",24750,True,False,2850591,0,2550076.889,2550076.889,0.0118738,0,30279.10296,,,YES,,,,,99600,24900,0,0,
63,The Enclave Apartments,"ENCLAVE LP, a California limited partnership",Walnut Creek,Contra Costa,CMFA,"Grant up to $10,000 (Charitable Affordable Housing)",25-082,2025-02-21,,Tesseract Capital Group,,Housing on Merit,False,32,32,,"3081 N Main St, Walnut Creek, CA 94597",4800,True,False,10616112,0,9554500.8,9554500.8,0.011015,0,105242.8263,,,,,,,,19200,4800,1,4800,True
62,Mansfield Micro Apartments,"2533 Mansfield Owner, L.P., a California limited partnership",Los Angeles,Los Angeles,CMFA,"Grant up to $10,000 (Charitable Affordable Housing)",25-084,2025-02-21,,"CIM Group, LLC",,"Pacific Housing, Inc.",False,116,115,0.9913793103,"2533 S Mansfield Ave, Los Angeles, CA 90016",17250,True,False,2065837,0,1843225.254,1843225.254,0.0118738,0,21886.08802,,,YES,,,,,69600,17400,0,0,True
67,Coronado Palms Apartments,"Coronado Owner, LP",Anaheim,Orange,CMFA,"Grant up to $10,000 (Charitable Affordable Housing)",25-102,2025-03-14,,TriWest Multifamily,,"Kingdom Development, Inc.",False,169,68,,"1250 S. Euclid St., Anaheim, CA",10200,True,False,60690000,0,21977680.47,21977680.47,0.011372,0,249930.1823,,,,,,,,101400,25350,1,25350,True
65,Casa La Palma Apartments,"7777 Valley View, L.P., a California limited partnership",La Palma,Orange,CMFA,"Grant up to $10,000 (Charitable Affordable Housing)",25-103,2025-03-14,,Mariman & Co.,,AOF/Pacific Affordable Housing Corporation,False,272,270,,"7777 Valley View Street, La Palma, CA",40500,True,True,53482929,53482929,47780704.95,53482929,0.011162,596976.4535,596976.4535,,,NO,1978,,,,163200,40800,1,40800,True
66,The Eaves Apartments,"920 Gramercy Upwell, LP, a Delaware limited partnership",Los Angeles,Los Angeles,CMFA,"Grant up to $10,000 (Charitable Affordable Housing)",25-104,2025-03-14,True,Treehouse Community,,Butterfly’s Haven,False,13,13,1,"920 S. Gramercy Place, Los Angeles, CA",2500,True,False,7802661,0,7022394.9,7022394.9,0.0118738,0,83382.51256,,,,,,,,10000,4000,1,4000,
69,Lindley Parc Apartments,10535 Lindley Affordable L.P.,Los Angeles,Los Angeles,CMFA,"Grant up to $10,000 (Charitable Affordable Housing)",25-116,2025-04-04,True,Taylor Equities,,Housing on Merit,False,50,50,1,"10535 Lindley Ave, Granada Hills, CA 91326",4800,True,False,14877720,0,13389948,13389948,0.0118738,0,158989.5646,,,,,,,,30000,7500,1,7500,
68,Candlewood North Apartments,"Post Candlewood North, LP",Los Angeles,Los Angeles,CMFA,"Grant up to $10,000 (Charitable Affordable Housing)",25-117,2025-04-04,,Post Investment Group,,Integrity Housing,False,189,189,1,"9830 Reseda Blvd, Northridge, CA 91324",28350,True,False,17292725,0,15563452.5,15563452.5,0.0118738,0,184797.3223,,,NO,1964,,,,113400,28350,1,28350,True
70,Terrace View Apartments,"SFF 4, LLC",Daly City,San Mateo,CMFA,"Grant up to $10,000 (Charitable Affordable Housing)",25-144,2025-04-25,,The Sobrato Organization,,"Pacific Housing, Inc.",False,122,,,"26 Terrace View Ct, Daly City, CA 94015",18300,True,False,34811784,0,0,0,0.011602,0,0,,,,,,,,73200,18300,1,18300,
71,SoFi Redwood Park Apartments,"SFF 3, LLC",Redwood City,San Mateo,CMFA,"Grant up to $10,000 (Charitable Affordable Housing)",25-145,2025-04-25,,The Sobrato Organization,,"Pacific Housing, Inc.",False,112,112,,"1212 Whipple Ave, Redwood City, CA 94062",16800,True,False,25240000,0,22716000,22716000,0.010941,0,248535.756,,https://www.theheltsley.com/,,,,2024-12-05,,67200,16800,1,16800,
72,Waterbend Apartments,AXIS FEE OWNER LP,San Francisco,San Francisco,CMFA,,25-219,2025-04-25,,TruAmerica Multifamily LLC,Angeleno Investments LP,Affordable Housing Access,False,136,136,,"5880 3rd St, San Francisco, CA 94124",20400,True,False,73513835,0,66162451.5,66162451.5,0.012,0,793949.418,,,NO,2016,,,,81600,20400,1,20400,
73,1540 W Court Apartments,"1540 W. Court Street, LP",Los Angeles,Los Angeles,CMFA,,25-207,2025-05-16,,Visionary Development Enterprises LLC,,Housing on Merit,False,189,148,0.7830687831,"1540 W Court St, Los Angeles, CA 90026",22200,True,False,3138751,0,2212072.133,2212072.133,0.0118738,0,26265.7021,,,YES,,,,,113400,28350,0,0,True
75,Palmilla Apartments,BWF III Ethos CA Palmilla LP,San Diego,San Diego,CMFA,"Grant up to $10,000 (Charitable Affordable Housing)",25-208,2025-05-16,,Ethos Real Estate,Bridge Investment Group,"Casa Major, Inc.",False,203,203,,"5474 Reservoir Dr, San Diego, CA 92120",30450,True,False,30350548,0,27315493.2,27315493.2,0.0125114,0,341755.0616,,,NO,,,,,121800,30450,1,30450,
74,Sol Haus Apartments,"Sol Haus Owner LP, California Limited Partnership",San Diego,San Diego,CMFA,"Grant up to $10,000 (Charitable Affordable Housing)",25-209,2025-05-16,,CONAM Management Corporation,,Las Palmas Housing & Development Corporation,False,147,145,,"5040 Logan Avenue, San Diego, CA 92113",22050,True,False,2804259,0,2489495.235,2489495.235,0.0125114,0,31147.07068,,,YES,,,,,88200,22050,0,0,True
76,1451 W. MLK Boulevard Apartments,1451 W. MLK Boulevard Apartments,Los Angeles,Los Angeles,CMFA,,Proposed,2025-06-06,,"SoLa Impact, LLC",,Housing on Merit,False,50,49,0.98,"1451 W. MLK Blvd, Los Angeles, CA",7350,True,False,1569525,0,1384321.05,1384321.05,0.0118738,0,16437.15128,,,YES,,,,,30000,7500,0,0,
78,Bella Vista at Hilltop Apartments,"Bella Vista Owner, LP",Richmond,Contra Costa,CMFA,"Grant up to $10,000 (Charitable Affordable Housing)",25-281,2025-06-27,,Kennedy Wilson,Vintage Housing Holdings,Hearthstone Housing Foundation,False,1008,1008,,"3400 Richmond Pkwy, Richmond, CA 94806",98100,True,False,222047798,0,199843018.2,199843018.2,0.014192,0,2836172.114,https://www.cmfa-ca.com/wp-content/uploads/2025/01/CMFA-Staff-Reports-01-10-25.pdf,,NO,,,,,604800,151200,1,151200,True
80,4101 Somerset Dr. Apartments,"6 SIOF 4101 Somerset Dr, LP",Los Angeles,Los Angeles,CMFA,"Grant up to $10,000 (Charitable Affordable Housing)",25-282,2025-06-27,,"SoLa Impact, LLC",,Housing on Merit,False,36,35,0.9722222222,"4101 Somerset Drive, Los Angeles, CA",5250,True,False,3451872,0,3020388,3020388,0.0118738,0,35863.48303,,,YES,,,,,21600,5400,0,0,
81,321 E. Florence Apartments,"3 SIOF 321 E Florence Ave, LP",Los Angeles,Los Angeles,CMFA,"Grant up to $10,000 (Charitable Affordable Housing)",25-283,2025-06-27,,"SoLa Impact, LLC",,Housing on Merit,False,31,30,0.9677419355,"321 E. Florence Ave, Los Angeles, CA",4500,True,False,5960901,0,5191752.484,5191752.484,0.0118738,0,61645.83064,,,YES,,,,,18600,4650,0,0,
82,9300 Compton Ave. Apartments,"6 SIOF 9300 Compton Ave, LP",Los Angeles,Los Angeles,CMFA,"Grant up to $10,000 (Charitable Affordable Housing)",25-284,2025-06-27,,"SoLa Impact, LLC",,Housing on Merit,False,20,19,0.95,"9300 Compton Ave., Los Angeles, CA",2850,True,False,595337,0,509013.135,509013.135,0.0118738,0,6043.920162,,,YES,,,,,12000,4000,0,0,
83,6401 S. Avalon Blvd. Apartments,"6 SIOF 6401 S Avalon Blvd, LP",Los Angeles,Los Angeles,CMFA,"Grant up to $10,000 (Charitable Affordable Housing)",25-285,2025-06-27,,"SoLa Impact, LLC",,Housing on Merit,False,28,27,0.9642857143,"6401 S. Avalon Blvd., Los Angeles, CA",4050,True,False,426520,0,370158.4286,370158.4286,0.0118738,0,4395.187149,,,YES,,,,,16800,4200,0,0,
84,9515 Compton Ave. Apartments,"6 SIOF 9515 Compton Ave, LP",Los Angeles,Los Angeles,CMFA,"Grant up to $10,000 (Charitable Affordable Housing)",25-286,2025-06-27,,"SoLa Impact, LLC",,Housing on Merit,False,21,20,0.9523809524,"9515 Compton Avenue, Los Angeles, CA",3000,True,False,1352393,0,1159194,1159194,0.0118738,0,13764.03772,,,YES,,,,,12600,4000,0,0,
79,10811 S. Compton Ave Apartments,10811 S. Compton Ave Apartments,Los Angeles,Los Angeles,CMFA,,25-287,2025-06-27,,"SoLa Impact, LLC",,Housing on Merit,False,29,28,0.9655172414,"10811 S. Compton Avenue, Los Angeles, CA",4200,True,False,689784,0,599398.5103,599398.5103,0.0118738,0,7117.138032,,,YES,,,,,17400,4350,0,0,
85,569 W. 6th Street Apartments,"SIOF 5 Properties, LP, California limited partnership",Los Angeles,Los Angeles,CMFA,"Grant up to $10,000 (Charitable Affordable Housing)",25-288,2025-06-27,,"SoLa Impact, LLC",,Housing on Merit,False,48,47,0.9791666667,"569 W. 6th Street, San Pedro, CA",7050,True,False,1363864,0,1201905.15,1201905.15,0.0118738,0,14271.18137,,,YES,,,,,28800,7200,0,0,
86,685 W. 4th St Apartments,"2 SIOF 685 W Fourth St, LP, Delaware limited partnership",Los Angeles,Los Angeles,CMFA,"Grant up to $10,000 (Charitable Affordable Housing)",25-289,2025-06-27,,"SoLa Impact, LLC",,Housing on Merit,False,28,27,0.9642857143,"685 W. 4th St., Los Angeles, CA",4050,True,False,3002337,0,2605599.611,2605599.611,0.0118738,0,30938.36866,,,YES,,,,,16800,4200,0,0,
87,Chadwick Apartments,"Chadwick Owner, LP",Los Angeles,Los Angeles,CMFA,"Grant up to $10,000 (Charitable Affordable Housing)",25-290,2025-06-27,,Vintage Housing Holdings,Kennedy Wilson,"Pacific Housing, Inc",False,687,687,1,"209 Westmoreland Ave, Los Angeles, CA 90004",74025,True,False,129082596,0,116174336.4,116174336.4,0.0118738,0,1379430.836,,,NO,,,,,412200,103050,1,103050,True
77,11630 S. Main Street Apartments,"4 SIOF 11630 S MAIN ST, LP",Los Angeles,Los Angeles,CMFA,,25-291,2025-06-27,,"SoLa Impact, LLC",,Housing on Merit,False,84,17,0.2023809524,"11630 Main St, Los Angeles, CA 90061",2550,True,False,0,0,0,0,0.0118738,0,0,,,YES,,,,,50400,12600,0,0,
90,Pacific Trails Apartments,"Pacific Trails, LP",Azusa,Los Angeles,CMFA,"Grant up to $10,000 (Charitable Affordable Housing)",25-304,2025-07-18,,Langdon Park Capital,,Housing on Merit,False,84,84,1,"18615 E Arrow Hwy, Covina, CA 91722",12600,True,False,21864168,0,19677751.2,19677751.2,0.01175703,0,231351.9112,,,NO,,,,,50400,12600,0,0,
89,LINQ Apartments,"Ethos GP I Venture, LP",San Jose,Santa Clara,CMFA,"Grant up to $10,000 (Charitable Affordable Housing)",25-305,2025-07-18,,Ethos Real Estate,,"Pacific Housing, Inc",False,230,230,,"1700 Newbury Park Dr, San Jose, CA 95133",34500,True,False,113197044,0,101877339.6,101877339.6,0.012401,0,1263380.888,,,,,,2025-09-03,,138000,34500,0,0,
158,Kalmia Apartments,"Kalmia Supportive Housing, LP",Los Angeles,Los Angeles,CMFA,,25-306,2025-07-18,True,A Community of Friends,,A Community of Friends,False,29,29,1,,4350,True,False,0,0,0,0,,0,0,,,YES,,,,,17400,4350,0,0,
88,Chatsworth Apartments,"Chatsworth Housing, LP",Los Angeles,Los Angeles,CMFA,"Grant up to $10,000 (Charitable Affordable Housing)",25-308,2025-07-18,,BMI Developments,,"Kingdom Development, Inc.",False,69,68,0.9855072464,"17188 Chatsworth St., Los Angeles, CA",10200,True,False,850000,0,753913.0435,753913.0435,0.0118738,0,8951.812696,,,YES,,,,,41400,10350,0,0,
97,Azusa Gardens Apartments,"Azusa Gardens Owner, LP",Azusa,Los Angeles,CMFA,"Grant up to $10,000 (Charitable Affordable Housing)",25-347,2025-08-08,,TriWest Multifamily,,"Kingdom Development, Inc.",False,112,112,1,"601 E 8th St, Azusa, CA 91702",16800,True,False,13224803,0,11902322.7,11902322.7,0.0116448,0,138600.1674,,,NO,,,,,67200,16800,0,0,
96,Park Kiely Apartments,"Standard Vistria Park Kiely Owner, LP",San Jose,Santa Clara,CMFA,"Grant up to $10,000 (Charitable Affordable Housing)",25-348,2025-08-08,,Standard Property Company,Vistria,Housing on Merit,False,948,948,1,"355 Kiely Blvd, San Jose, CA 95129",93600,True,False,297316740,0,267585066,267585066,0.012401,0,3318322.403,,,,1972,410,2025-08-27,,568800,142200,0,0,True
95,Fountain Park Apartments,"Fountain Park, L.P.",San Jose,Santa Clara,CMFA,"Grant up to $10,000 (Charitable Affordable Housing)",25-349,2025-08-08,,Sack Capital Partners,Belveron Partners,Las Palmas Housing & Development Corp.,False,164,164,,"1026 S De Anza Blvd, San Jose, CA 95129",24600,True,False,4853048,0,4367743.2,4367743.2,0.012401,0,54164.38342,https://rebusinessonline.com/sack-properties-belveron-partners-buy-164-unit-multifamily-property-in-san-jose-california/,,,,,2025-08-29,,98400,24600,0,0,True
92,The Parker Apartments,"Flag VII The Parker, L.P.",El Monte,Los Angeles,CMFA,"Grant up to $10,000 (Charitable Affordable Housing)",25-350,2025-08-08,,Belveron Partners,,Las Palmas Housing & Development Corporation,False,177,177,1,"4640 Arden Way, El Monte, CA 91731",26550,True,False,45003808,0,40503427.2,40503427.2,0.01323192,0,535938.1084,,,NO,,,,,106200,26550,0,0,True
93,Canyon Ridge at Napa Junction Apartments,"Canyon Ridge at Napa Junction, LP",American Canyon,Napa,CMFA,"Grant up to $10,000 (Charitable Affordable Housing)",25-351,2025-08-08,,BRIDGE Housing Corp.,,BRIDGE Housing Corp.,False,148,148,,"800 Reliant Wy, American Canyon, CA 94503",22200,True,False,46693244,0,42023919.6,42023919.6,0.010944,0,459909.7761,,,NO,,,,,88800,22200,0,0,
94,Canyon Villa Apartment Homes,"Post Canyon Villa, LP",Chula Vista,San Diego,CMFA,"Grant up to $10,000 (Charitable Affordable Housing)",25-352,2025-08-08,,Post Investment Group,,Integrity Housing,False,183,183,,"601 Telegraph Canyon Road, Chula Vista, CA 91910",27450,True,False,51548563,0,46393706.7,46393706.7,0.0118748,0,550915.9883,,,NO,1981,,,,109800,27450,0,0,True
91,Huston Affordable Housing Apartments,10910 Huston LP,Los Angeles,Los Angeles,CMFA,"Grant up to $10,000 (Charitable Affordable Housing)",25-353,2025-08-08,,"Angeleno Investments, LP",,Las Palmas Housing & Development Corporation,False,38,37,0.9736842105,"10910 Huston St, North Hollywood, CA 91601",5550,True,False,1417800,0,1242440.526,1242440.526,0.0118738,0,14752.49032,,,YES,,,,,22800,5700,0,0,
98,Camden Village Apartments,"Flag VII Camden Village, L.P.",Fremont,Alameda,CMFA,"Grant up to $10,000 (Charitable Affordable Housing)",25-423,2025-08-29,True,Belveron Partners,,Las Palmas Housing & Development Corporation,False,192,192,,"38000 Camden St, Fremont, CA 94536",28800,True,False,73418537,0,66076683.3,66076683.3,0.011741,0,775806.3386,,https://www.camdenvillageapts.com/,NO,,,,,115200,28800,0,0,
99,Passo Barrington Apartments,"Passo Barrington, LP",Los Angeles,Los Angeles,CMFA,"Grant up to $10,000 (Charitable Affordable Housing)",25-424,2025-08-29,,Glimcher Capital Group,,Housing on Merit,False,53,53,1,"1734 S. Barrington Ave., Los Angeles, CA, 90025",7800,True,False,2225000,0,2002500,2002500,0.0118738,0,23777.2845,,,YES,,,,,31800,7950,0,0,True
100,Passo Centinela I Apartments,"Passo Centinela, LP",Los Angeles,Los Angeles,CMFA,"Grant up to $10,000 (Charitable Affordable Housing)",25-425,2025-08-29,,Glimcher Capital Group,,Housing on Merit,False,72,71,0.9861111111,"4129 Centinela Avenue, Los Angeles, CA 90066",10650,True,False,1630000,0,1446625,1446625,0.0118738,0,17176.93593,,,YES,,,,,43200,10800,0,0,True
101,Passo Centinela II Apartments,"Passo Centinela 2, LP",Los Angeles,Los Angeles,CMFA,"Grant up to $10,000 (Charitable Affordable Housing)",25-426,2025-08-29,,Glimcher Capital Group,,Housing on Merit,False,73,72,0.9863013699,"4706 Centinela Avenue, Los Angeles, CA 90066",10800,True,False,2190000,0,1944000,1944000,0.0118738,0,23082.6672,,,YES,,,,,43800,10950,0,0,True
102,Passo Stoner Apartments,"Passo Stoner, LP",Los Angeles,Los Angeles,CMFA,"Grant up to $10,000 (Charitable Affordable Housing)",25-427,2025-08-29,,Glimcher Capital Group,,Housing on Merit,False,53,52,0.9811320755,"1747 Stoner Avenue, Los Angeles, CA 90025",7800,True,False,1845000,0,1629169.811,1629169.811,0.0118738,0,19344.43651,,,YES,,,,,31800,7950,0,0,True
103,4th Street Apartments,2025 E 4th Street LLLP,Los Angeles,Los Angeles,CMFA,"Approve application for proposed grant up to $10,000",25-448,2025-09-19,,K3 Holdings,,"Kingdom Development, Inc.",False,25,25,1,"2025 E. 4th Street, Los Angeles, CA",3750,True,False,4166030,0,3749427,3749427,0.0118738,0,44519.94631,,,NO,,,,,15000,4000,0,0,
104,Alexandria I Apartments,247 S Alexandria LLLP,Los Angeles,Los Angeles,CMFA,"Approve application for proposed grant up to $10,000",25-449,2025-09-19,,K3 Holdings,,"Kingdom Development, Inc.",False,27,27,1,"247 S. Alexandria Avenue, Los Angeles, CA",4050,True,False,4457073,0,4011365.7,4011365.7,0.0118738,0,47630.15405,,,NO,,,,,16200,4050,0,0,
105,Ashby Apartments,808 S Hobart LLLP,Los Angeles,Los Angeles,CMFA,"Approve application for proposed grant up to $10,000",25-450,2025-09-19,,K3 Holdings,,"Kingdom Development, Inc.",False,49,49,1,"808 S. Hobart Boulevard, Los Angeles, CA",7350,True,False,7984000,0,7185600,7185600,0.0118738,0,85320.37728,,,NO,,,,,29400,7350,0,0,
106,Catalina Apartments,454 Catalina LLLP,Los Angeles,Los Angeles,CMFA,"Approve application for proposed grant up to $10,000",25-451,2025-09-19,,K3 Holdings,,"Kingdom Development, Inc.",False,48,48,1,"454 S. Catalina Street, Los Angeles, CA",7200,True,False,7490880,0,6741792,6741792,0.0118738,0,80050.68985,,,NO,,,,,28800,7200,0,0,
107,Edgemont Apartments,103 S Edgemont LLLP,Los Angeles,Los Angeles,CMFA,"Approve application for proposed grant up to $10,000",25-452,2025-09-19,,K3 Holdings,,"Kingdom Development, Inc.",False,43,43,1,"103 S. Edgemont Street, Los Angeles, CA 90004",6450,True,False,10674504,0,9607053.6,9607053.6,0.0118738,0,114072.233,,,NO,,,,,25800,6450,0,0,
108,Gramercy Apartments,Carson Gramercy LLLP // 974 S Gramercy LLLP,Los Angeles,Los Angeles,CMFA,"Approve application for proposed grant up to $10,000",25-453,2025-09-19,,K3 Holdings,,"Kingdom Development, Inc.",False,38,38,1,"974 S. Gramercy Place, Los Angeles, CA",5700,True,False,7216214,0,6494592.6,6494592.6,0.0118738,0,77115.49361,,,NO,,,,,22800,5700,0,0,
109,Irolo Apartments,Irolo 16 LLLP,Los Angeles,Los Angeles,CMFA,"Approve application for proposed grant up to $10,000",25-454,2025-09-19,,K3 Holdings,,"Kingdom Development, Inc.",False,32,32,1,"832 Irolo Street, Los Angeles, CA",4800,True,False,7195628,0,6476065.2,6476065.2,0.0118738,0,76895.50297,,,NO,,,,,19200,4800,0,0,
110,Kenmore I Apartments,Kenmore 20 LLLP,Los Angeles,Los Angeles,CMFA,"Approve application for proposed grant up to $10,000",25-455,2025-09-19,,K3 Holdings,,"Kingdom Development, Inc.",False,42,42,1,"941 S. Kenmore Avenue, Los Angeles, CA",3600,True,False,4338468,0,3904621.2,3904621.2,0.0118738,0,46362.6912,,,NO,,,,,25200,6300,0,0,
111,Manhattan III Apartments,426 Manhattan LLLP,Los Angeles,Los Angeles,CMFA,"Approve application for proposed grant up to $10,000",25-456,2025-09-19,,K3 Holdings,,"Kingdom Development, Inc.",False,40,40,1,"426 S. Manhattan Place, Los Angeles, CA",6000,True,False,6897851,0,6208065.9,6208065.9,0.0118738,0,73713.33288,,,NO,,,,,24000,6000,0,0,
112,Mariposa II Apartments,260 S Mariposa LLLP,Los Angeles,Los Angeles,CMFA,"Approve application for proposed grant up to $10,000",25-457,2025-09-19,,K3 Holdings,,"Kingdom Development, Inc.",False,40,40,1,"260 S. Mariposa Avenue, Los Angeles, CA",6000,True,False,8388848,0,7549963.2,7549963.2,0.0118738,0,89646.75304,,,NO,,,,,24000,6000,0,0,
113,Normandie Apartments,739 Normandie LLLP,Los Angeles,Los Angeles,CMFA,"Approve application for proposed grant up to $10,000",25-458,2025-09-19,,K3 Holdings,,"Kingdom Development, Inc.",False,32,32,1,"739 S. Normandie Avenue, Los Angeles, CA",4800,True,False,4993920,0,4494528,4494528,0.0118738,0,53367.12657,,,NO,,,,,19200,4800,0,0,
114,Norton Apartments,1111 Norton LLLP,Los Angeles,Los Angeles,CMFA,"Approve application for proposed grant up to $10,000",25-459,2025-09-19,,K3 Holdings,,"Kingdom Development, Inc.",False,20,20,1,"1111 S. Norton Avenue, Los Angeles, CA 90019",3000,True,False,3121200,0,2809080,2809080,0.0118738,0,33354.4541,,,NO,,,,,12000,4000,0,0,
115,Oxford I Apartments,Oxford 19 LLLP,Los Angeles,Los Angeles,CMFA,"Approve application for proposed grant up to $10,000",25-460,2025-09-19,,K3 Holdings,,"Kingdom Development, Inc.",False,60,60,1,"975-985 S. Oxford Avenue, Los Angeles, CA",9000,True,False,10493522,0,9444169.8,9444169.8,0.0118738,0,112138.1834,,,NO,,,,,36000,9000,0,0,
116,Oxford III Apartments,960 S Oxford LLLP,Los Angeles,Los Angeles,CMFA,"Approve application for proposed grant up to $10,000",25-461,2025-09-19,,K3 Holdings,,"Kingdom Development, Inc.",False,73,73,1,"960 S. Oxford Avenue, Los Angeles, CA",10950,True,False,14206920,0,12786228,12786228,0.0118738,0,151821.114,,,NO,,,,,43800,10950,0,0,
117,Seven Lions Apartments,3715 W 1st Street LLLP,Los Angeles,Los Angeles,CMFA,"Approve application for proposed grant up to $10,000",25-462,2025-09-19,,K3 Holdings,,"Kingdom Development, Inc.",False,55,55,1,"3715 W. 1st Street, Los Angeles, CA",8250,True,False,11906753,0,10716077.7,10716077.7,0.0118738,0,127240.5634,,,NO,,,,,33000,8250,0,0,
118,St. Andrews I Apartments,515 S St. Andrews LLLP,Los Angeles,Los Angeles,CMFA,"Approve application for proposed grant up to $10,000",25-463,2025-09-19,,K3 Holdings,,"Kingdom Development, Inc.",False,40,40,1,"515 S. St. Andrews Place, Los Angeles, CA 90020",6000,True,False,10012496,0,9011246.4,9011246.4,0.0118738,0,106997.7375,,,NO,,,,,24000,6000,0,0,
119,St. Andrews II Apartments,516 St. Andrews LLLP,Los Angeles,Los Angeles,CMFA,"Approve application for proposed grant up to $10,000",25-464,2025-09-19,,K3 Holdings,,"Kingdom Development, Inc.",False,59,59,1,"516 S. St. Andrews Place, Los Angeles, CA 90020",8850,True,False,14209574,0,12788616.6,12788616.6,0.0118738,0,151849.4758,,,NO,,,,,35400,8850,0,0,
120,The Falls at Arden Apartments,"GB Falls, LP",Unincorporated,Sacramento,CMFA,"Grant up to $10,000",25-484,2025-10-10,,Jackson Square Properties,,Housing on Merit,False,272,272,,"2345 Northrop Ave, Sacramento, CA 95825",40800,True,False,51313873,0,46182485.7,46182485.7,0.011454,0,528974.1912,,,NO,,,,,163200,40800,0,0,True
131,Citrine Apartments,"Citrine Preservation, LP",Healdsburg,Sonoma,CMFA,"Grant up to $10,000",25-485,2025-10-10,,The Transcend Group,,Retail Store Employees Building Corporation,False,37,37,,"1260 Grove St, Healdsburg, CA 95448",5550,True,False,10140095,0,9126085.5,9126085.5,0.0115,0,104949.9833,,,NO,,,,,22200,5550,0,0,
160,12th Street Apartments,12th Street 19 LLLP,Los Angeles,Los Angeles,CMFA,,25-486,2025-10-10,,K3 Holdings,,"Kingdom Development, Inc.",False,16,16,1,"3048 W. 12th Street, CA 90006",2500,True,False,2688395,0,2419555.5,2419555.5,0.0118738,0,28729.3181,,,NO,,,,,9600,4000,0,0,
121,Alexandria II Apartments,130 Alexandria LLLP,Los Angeles,Los Angeles,CMFA,"Grant up to $10,000",25-487,2025-10-10,,K3 Holdings,,"Kingdom Development, Inc.",False,30,30,1,"130 S. Alexandria Avenue, Los Angeles, CA",4500,True,False,13742642,0,12368377.8,12368377.8,0.0118738,0,146859.6443,,,NO,,,,,18000,4500,0,0,
122,Fedora Apartments,861 Fedora LLLP,Los Angeles,Los Angeles,CMFA,"Grant up to $10,000",25-488,2025-10-10,,K3 Holdings,,"Kingdom Development, Inc.",False,39,39,1,"861 Fedora Street, Los Angeles, CA",5850,True,False,9710053,0,8739047.7,8739047.7,0.0118738,0,103765.7046,,,NO,,,,,23400,5850,0,0,
123,Kenmore II Apartments,Kenmore II 20 LLLP,Los Angeles,Los Angeles,CMFA,"Grant up to $10,000",25-489,2025-10-10,,K3 Holdings,,"Kingdom Development, Inc.",False,48,48,1,"200 S. Kenmore Avenue, Los Angeles, CA",7200,True,False,9200673,0,8280605.7,8280605.7,0.0118738,0,98322.25596,,,NO,,,,,28800,7200,0,0,
124,Kenmore III Apartments,915 S Kenmore LLLP,Los Angeles,Los Angeles,CMFA,"Grant up to $10,000",25-490,2025-10-10,,K3 Holdings,,"Kingdom Development, Inc.",False,18,18,1,"915 S. Kenmore Avenue, Los Angeles, CA",2700,True,False,2895505,0,2605954.5,2605954.5,0.0118738,0,30942.58254,,,NO,,,,,10800,4000,0,0,
125,Kingsley Apartments,530 Kingsley LLLP,Los Angeles,Los Angeles,CMFA,"Grant up to $10,000",25-491,2025-10-10,,K3 Holdings,,"Kingdom Development, Inc.",False,45,45,1,"530 Kingsley Drive, Los Angeles, CA",6750,True,False,10516571,0,9464913.9,9464913.9,0.0118738,0,112384.4947,,,NO,,,,,27000,6750,0,0,
126,Mariposa I Apartments,Mariposa 20 LLLP,Los Angeles,Los Angeles,CMFA,"Grant up to $10,000",25-492,2025-10-10,,K3 Holdings,,"Kingdom Development, Inc.",False,40,40,1,"727 S. Mariposa Avenue, Los Angeles, CA",6000,True,False,7089929,0,6380936.1,6380936.1,0.0118738,0,75765.95906,,,NO,,,,,24000,6000,0,0,
127,Mariposa III Apartments,750 Mariposa LLLP,Los Angeles,Los Angeles,CMFA,"Grant up to $10,000",25-493,2025-10-10,,K3 Holdings,,"Kingdom Development, Inc.",False,23,23,1,"750-752 S. Mariposa Avenue, Los Angeles, CA",3450,True,False,6547652,0,5892886.8,5892886.8,0.0118738,0,69970.95929,,,NO,,,,,13800,4000,0,0,
128,Mariposa IV Apartments,520 Mariposa LLLP,Los Angeles,Los Angeles,CMFA,"Grant up to $10,000",25-494,2025-10-10,,K3 Holdings,,"Kingdom Development, Inc.",False,48,48,1,"520 S. Mariposa Avenue, Los Angeles, CA",7200,True,False,11471658,0,10324492.2,10324492.2,0.0118738,0,122590.9555,,,NO,,,,,28800,7200,0,0,
129,Oxford II Apartments,Oxford 20 LLLP,Los Angeles,Los Angeles,CMFA,"Grant up to $10,000",25-495,2025-10-10,,K3 Holdings,,"Kingdom Development, Inc.",False,32,32,1,"207 N. Oxford Avenue, Los Angeles, CA",4800,True,False,6452506,0,5807255.4,5807255.4,0.0118738,0,68954.18917,,,NO,,,,,19200,4800,0,0,
130,Western Apartments,Western 19 LLLP,Los Angeles,Los Angeles,CMFA,"Grant up to $10,000",25-496,2025-10-10,,K3 Holdings,,"Kingdom Development, Inc.",False,76,76,1,"1057 S. Western Avenue, Los Angeles, CA",11400,True,False,14010916,0,12609824.4,12609824.4,0.0118738,0,149726.533,,,NO,,,,,45600,11400,0,,
135,236 Berendo Apartments,236 Berendo Holdings OZ LP,Los Angeles,Los Angeles,CMFA,"Grant up to $10,000",25-510,2025-10-24,,Terra Capital Development Group LLC,,"Pacific Housing, Inc.",False,52,52,1,"236 N. Berendo Street., Los Angeles, CA",7800,True,False,1387200,0,1248480,1248480,0.0118738,0,14824.20182,,,YES,,,,,31200,7800,0,0,
134,10705 Avalon Blvd Apartments,"PS 10705 Avalon Blvd, LP",Los Angeles,Los Angeles,CMFA,,25-512,2025-10-24,,California State Teachers’ Retirement System,,Housing on Merit,False,68,68,1,"10705 Avalon Blvd, Los Angeles, CA",10200,True,True,936360,936360,842724,936360,0.0118738,11118.15137,11118.15137,,,YES,,,,,40800,10200,0,0,
132,7524 S. Hoover St Apartments,"PS 7518 Hoover St, LP",Los Angeles,Los Angeles,CMFA,"Grant up to $10,000",25-513,2025-10-24,,California State Teachers’ Retirement System,,Housing on Merit,False,79,78,0.9873417722,"7524 S. Hoover St, Los Angeles, CA",11850,True,False,2856000,0,2537863.291,2537863.291,0.0118738,0,30134.08115,,,,,,,,47400,11850,0,0,
136,Ascent Apartments,"Ethos GP I Venture, LP",San Jose,Santa Clara,CSCDA,Governmental Grant,CSCDA,2025-11-20,,Ethos Real Estate,,,False,650,260,0.4,"5805 Charlotte Drive, San Jose, CA 95123",,True,False,269608107,0,97058918.52,97058918.52,0.012401,0,1203627.649,,,,,,,,285000,71250,0,0,
141,Renaissance Apartment Homes,"Post Renaissance Apartments, LP",Fresno,Fresno,CMFA,,25-551,2025-11-21,,Post Investment Group,,Foundation for Affordable Housing,False,278,278,,"5669 N Fresno St, Fresno, CA 93710",41700,True,False,30330305,0,27297274.5,27297274.5,0.0125,0,341215.9313,,,NO,1984,,,,166800,41700,0,0,
137,Kittridge Affordable Housing Apartments,"18337 Kittridge, LP",Los Angeles,Los Angeles,CMFA,,25-552,2025-11-21,,"Angeleno Investments, LP",,Las Palmas Housing & Development Corporation,False,41,41,1,"18337 Kittridge St, Reseda, CA 91335",6150,True,False,943500,0,849150,849150,0.0118738,0,10082.63727,,,YES,,,,,24600,6150,0,0,
142,9033 Ramsgate Apartments,9033 Ramsgate LP,Los Angeles,Los Angeles,CMFA,,25-553,2025-11-21,,Six Peak Capital,,Housing on Merit,False,116,116,1,"9033 Ramsgate Avenue, Westchester, CA",17400,True,False,1206999,0,1086299.1,1086299.1,0.0118738,0,12898.49825,,,,,,,,69600,17400,0,0,
143,Coliseum Transit Village,"Coliseum Transit Village One, LP",Oakland,Alameda,CMFA,,25-554,2025-11-21,,UrbanCore Development,,"Pacific Housing, Inc.",False,110,55,,"805 71st Avenue, Oakland, CA",8250,True,False,0,0,0,0,0.012779,0,0,,,NO,,,,,66000,16500,0,0,True
140,The Crossings Apartments,"Ethos GP I Venture, LP",Sunnyvale,Santa Clara,CMFA,,25-555,2025-11-21,,"Ethos GP I Venture, LP",,"Pacific Housing, Inc",True,148,148,,"1180 Lochinvar Ave, Sunnyvale, CA 94087",22200,True,False,70919811,0,63827829.9,63827829.9,0.011322,0,722658.6901,,,NO,,,,,88800,22200,0,0,
139,Thornbridge Apartments,"Thornbridge Holdings, L.P.",San Jose,Santa Clara,CMFA,,25-556,2025-11-21,True,Community HousingWorks,,Community HousingWorks,False,286,286,,"5210 Monterey Rd, San Jose, CA 95111",42900,True,True,60096598,60096598,54086938.2,60096598,0.012401,745257.9118,745257.9118,,,NO,,,,,171600,42900,0,0,
138,Montecito Apartments,"Flag VII Montecito, L.P.",San Jose,Santa Clara,CMFA,,25-557,2025-11-21,,Belveron Partners,,Las Palmas Housing & Development Corporation,False,114,114,,"3765 Tamarack Ln, Santa Clara, CA 95051",17100,True,False,27979060,0,25181154,25181154,0.011437,0,287996.8583,,,NO,,,,,68400,17100,0,0,True
146,San Pedro Apartments,"7655 San Pedro, LP",Los Angeles,Los Angeles,CMFA,,25-562,2025-12-12,,"Eleos Ventures, LLC",,Step Forward Communities,False,40,40,1,"7655 S San Pedro St, Los Angeles, CA 90003",6000,True,False,800000,0,720000,720000,0.0118738,0,8549.136,,,YES,,,,,24000,6000,0,0,
147,Coliseum Connections,"Coliseum Transit Village One, LP",Oakland,Alameda,CMFA,,25-563,2025-12-12,,UrbanCore Development,,"Pacific Housing, Inc.",True,110,55,,"805 71st Avenue, Oakland, CA",8250,True,False,0,0,0,0,0.012779,0,0,,,NO,,,,,66000,16500,0,0,True
148,Park Wilshire Apartments,Concord Park Wilshire LP,Los Angeles,Los Angeles,CMFA,,25-564,2025-12-12,True,Concord Companies,,"Pacific Housing, Inc.",False,170,170,1,"2424 Wilshire Blvd, Los Angeles, CA 90057",25500,True,False,3454142,0,3108727.8,3108727.8,0.01203757,0,37421.5285,,,NO,1929,,,,102000,25500,0,0,
149,Sir Francis Drake Villa Apartments,Concord Sir Francis Drake LP,Los Angeles,Los Angeles,CMFA,,25-565,2025-12-12,True,Concord Companies,,"Pacific Housing, Inc.",False,61,61,1,"841 S Serrano Ave, Los Angeles, CA 90005",9150,True,False,4558215,0,4102393.5,4102393.5,0.0118738,0,48710.99994,,,NO,,,,,36600,9150,0,0,
150,Langham Apartments,Concord Langham LP,Los Angeles,Los Angeles,CMFA,,25-566,2025-12-12,True,Concord Companies,,"Pacific Housing, Inc.",False,181,181,1,"715 Normandie Ave, Los Angeles, CA 90005",27150,True,False,5831313,0,5248181.7,5248181.7,0.0118738,0,62315.85987,,,NO,,,,,108600,27150,0,0,
151,Piccadilly Apartments,Concord Piccadilly LP,Los Angeles,Los Angeles,CMFA,,25-567,2025-12-12,True,Concord Companies,,"Pacific Housing, Inc.",False,74,74,1,"682 Irolo Street, Los Angeles, CA",11100,True,False,3524298,0,3171868.2,3171868.2,0.0118738,0,37662.12863,,,NO,,,,,44400,11100,0,0,
152,The Hive at Ackerfield Apartments,Ackerfield 2 LP,Long Beach,Los Angeles,CMFA,,25-568,2025-12-12,,Golden Bee Properties,,"Kingdom Development, Inc.",False,152,152,1,"5565 Ackerfield Avenue / 5700 Ackerfield Avenue, Long Beach, CA",22800,True,False,39317756,0,35385980.4,35385980.4,0.01206499,0,426931.4997,,,NO,,,,,91200,22800,0,0,
153,Hawaiian Terrace Senior Apartments,"RK Equity Group Limited Partnership, 12142 Oxnard Limited Partnership, HG Napa Equity Limited
Partnership, HG FSA Capital Limited Partnership",Hawaiian Gardens,Los Angeles,CMFA,,25-569,2025-12-12,,MKCR Capital LLC,,Foundation for Affordable Housing,False,101,101,1,"12100 226th St, Hawaiian Gardens, CA 90716",15150,True,False,23346575,0,21011917.5,21011917.5,0.01135572,0,238605.4518,,,NO,1990,,,,60600,15150,0,0,
154,Crystal Springs Terrace,"Crystal Springs Terrace Apartments, LP",San Bruno,San Mateo,CMFA,,25-570,2025-12-12,,Prometheus Real Estate Group,,Integrity Housing,False,482,216,0.4481327801,"2000 Crystal Springs Rd, San Bruno, CA 94066",32400,True,False,180060039,0,72621725.27,72621725.27,0.010941,0,794554.2962,,,NO/YES,,,,,289200,72300,0,0,
155,Trailview Apartments,TBD LP,Concord,Contra Costa,CMFA,,25-571,2025-12-12,,Kairos Investment Management Company,,"Pacific Housing, Inc.",False,120,120,1,"1070 San Miguel Road, Concord, CA",18000,True,False,34848175,0,31363357.5,31363357.5,0.010992,0,344746.0256,,,NO,1974,,,,72000,18000,0,,
156,Casa Serena Apartments,TBD LP,Fremont,Alameda,CMFA,,25-572,2025-12-12,,Kairos Investment Management Company,,"Pacific Housing, Inc.",False,170,170,1,"36000 Fremont Boulevard, Fremont, CA",25500,True,False,65613972,0,59052574.8,59052574.8,0.011741,0,693336.2807,,,NO,1969,,,,102000,25500,0,0,
145,Golden Gardens Apartments,Golden Gardens Housing Partners LP,Fresno,Fresno,CMFA,,Proposed,2025-12-12,True,"Islas Development, LLC",,"Pacific Housing, Inc.",False,110,110,,"2130 N Marks Ave, Fresno, CA 93722",16500,True,False,10673404,0,9606063.6,9606063.6,0.0125,0,120075.795,,,NO,,,,,66000,16500,0,0,
157,Hendrix and Hadley Apartments,"Hendrix EREP, LP & Hadley EREP, LP",Escondido,San Diego,CSCDA,,CSCDA,2025-12-18,,Eagle Partners,,,False,551,440,0.7985480944,"439 West El Norte Parkway / 1045 Morning View Drive, Escondido, CA",,True,False,85170741,0,61211639.63,61211639.63,0.0114011,0,697880.0246,,,,,,,,255300,63825,0,0,
159,1141 N. Vermont Avenue Apartments,1141 N. Vermont NH LP,Los Angeles,Los Angeles,CMFA,,,2026-01-09,,Thrive Living,,"Foundation Permanent Housing Fund, Inc.",False,290,290,1,"1141 N. Vermont Avenue, Los Angeles, CA 90029",43500,True,False,0,0,0,0,,0,,,,,,,,,174000,43500,0,0,
161,8th Street Apartments,2933 8th LLLP,Los Angeles,Los Angeles,CMFA,,,2026-01-09,,K3 Holdings,,"Kingdom Development, Inc.",False,40,40,1,"2933 W. 8th Street, Los Angeles, CA",6000,True,False,9082692,0,8174422.8,8174422.8,,0,,,,,,,,,24000,6000,0,0,
162,Alexandria II Apartments,130 Alexandria LLLP,Los Angeles,Los Angeles,CMFA,,,2026-01-09,,K3 Holdings,,"Kingdom Development, Inc.",False,30,30,1,"130 S. Alexandria Avenue, Los Angeles, CA",4500,True,False,0,0,0,0,,0,,,,,,,,,18000,4500,0,0,
163,Ardmore Apartments,Ardmore 19 LLLP,Los Angeles,Los Angeles,CMFA,,,2026-01-09,,K3 Holdings,,"Kingdom Development, Inc.",False,67,67,1,"437 N. Ardmore Avenue, Los Angeles, CA",10050,True,False,0,0,0,0,,0,,,,,,,,,40200,10050,0,0,
164,Avalon Apartments,Ave 55 19 LLLP,Los Angeles,Los Angeles,CMFA,,,2026-01-09,,K3 Holdings,,"Kingdom Development, Inc.",False,40,40,1,"249 S. Ave 55, Los Angeles, CA",6000,True,False,0,0,0,0,,0,,,,,,,,,24000,6000,0,0,
165,Fedora Apartments,861 Fedora LLLP,Los Angeles,Los Angeles,CMFA,,,2026-01-09,,K3 Holdings,,"Kingdom Development, Inc.",False,39,39,1,"861 Fedora Street, Los Angeles, CA",5850,True,False,0,0,0,0,,0,,,,,,,,,23400,5850,0,0,
166,Harvard Apartments,516 Harvard LLLP,Los Angeles,Los Angeles,CMFA,,,2026-01-09,,K3 Holdings,,"Kingdom Development, Inc.",False,40,40,1,"516 N. Harvard Boulevard, Los Angeles, CA",6000,True,False,0,0,0,0,,0,,,,,,,,,24000,6000,0,0,
167,Hollywood Apartments,5200 Hollywood LLLP,Los Angeles,Los Angeles,CMFA,,,2026-01-09,,K3 Holdings,,"Kingdom Development, Inc.",False,20,20,1,"5200 Hollywood Boulevard, Los Angeles, CA",3000,True,False,0,0,0,0,,0,,,,,,,,,12000,4000,0,0,
168,Kenmore II Apartments,Kenmore II 20 LLLP,Los Angeles,Los Angeles,CMFA,,,2026-01-09,,K3 Holdings,,"Kingdom Development, Inc.",False,48,48,1,"200 S. Kenmore Avenue, Los Angeles, CA",7200,True,False,0,0,0,0,,0,,,,,,,,,28800,7200,0,0,
169,Kenmore III Apartments,915 S Kenmore LLLP,Los Angeles,Los Angeles,CMFA,,,2026-01-09,,K3 Holdings,,"Kingdom Development, Inc.",False,18,18,1,"915 S. Kenmore Avenue, Los Angeles, CA",2700,True,False,0,0,0,0,,0,,,,,,,,,10800,4000,0,0,
170,Kinglsey Apartments,530 Kingsley LLLP,Los Angeles,Los Angeles,CMFA,,,2026-01-09,,K3 Holdings,,"Kingdom Development, Inc.",False,45,45,1,"530 Kingsley Drive, Los Angeles, CA",6750,True,False,0,0,0,0,,0,,,,,,,,,27000,6750,0,0,
171,Lexington Apartments,5406 Lexington LLLP,Los Angeles,Los Angeles,CMFA,,,2026-01-09,,K3 Holdings,,"Kingdom Development, Inc.",False,42,42,1,"5406 Lexington Avenue, Los Angeles, CA",6300,True,False,0,0,0,0,,0,,,,,,,,,25200,6300,0,0,
172,Manhattan I & II Apartments,Manhattan 20 LLLP,Los Angeles,Los Angeles,CMFA,,,2026-01-09,,K3 Holdings,,"Kingdom Development, Inc.",False,106,106,1,"410 S. Manhattan Place / 509 S. Manhattan Place, Los Angeles, CA",15900,True,False,0,0,0,0,,0,,,,,,,,,63600,15900,0,0,
173,Mariposa I Apartments,Mariposa 20 LLLP,Los Angeles,Los Angeles,CMFA,,,2026-01-09,,K3 Holdings,,"Kingdom Development, Inc.",False,40,40,1,"727 S. Mariposa Avenue, Los Angeles, CA",6000,True,False,0,0,0,0,,0,,,,,,,,,24000,6000,0,0,
174,Mariposa III Apartments,750 Mariposa LLLP,Los Angeles,Los Angeles,CMFA,,,2026-01-09,,K3 Holdings,,"Kingdom Development, Inc.",False,23,23,1,"750-752 S. Mariposa Avenue, Los Angeles, CA",3450,True,False,0,0,0,0,,0,,,,,,,,,13800,4000,0,0,
175,Mariposa IV Apartments,520 Mariposa LLLP,Los Angeles,Los Angeles,CMFA,,,2026-01-09,,K3 Holdings,,"Kingdom Development, Inc.",False,48,48,1,"520 S. Mariposa Avenue, Los Angeles, CA",7200,True,False,0,0,0,0,,0,,,,,,,,,28800,7200,0,0,
176,Monte Vista Apartments,Monte Vista 19 LLLP,Los Angeles,Los Angeles,CMFA,,,2026-01-09,,K3 Holdings,,"Kingdom Development, Inc.",False,31,31,1,"5635 Monte Vista Street, Los Angeles, CA",4650,True,False,0,0,0,0,,0,,,,,,,,,18600,4650,0,0,
177,Oxford II Apartments,Oxford 20 LLLP,Los Angeles,Los Angeles,CMFA,,,2026-01-09,,K3 Holdings,,"Kingdom Development, Inc.",False,32,32,1,"207 S. Oxford St, Los Angeles, CA",4800,True,False,0,0,0,0,,0,,,,,,,,,19200,4800,0,0,
178,Parkview Apartments,Highland 19 LLLP,Los Angeles,Los Angeles,CMFA,,,2026-01-09,,K3 Holdings,,"Kingdom Development, Inc.",False,40,40,1,"300 W. Avenue 37, Los Angeles, CA",6000,True,False,0,0,0,0,,0,,,,,,,,,24000,6000,0,0,
179,Western Apartments,Western 19 LLLP,Los Angeles,Los Angeles,CMFA,,,2026-01-09,,K3 Holdings,,"Kingdom Development, Inc.",False,76,76,1,"1057 S. Western Avenue, Los Angeles, CA",11400,True,False,0,0,0,0,,0,,,,,,,,,45600,11400,0,0,
180,Westmoreland Apartments,132 Westmoreland LLLP,Los Angeles,Los Angeles,CMFA,,,2026-01-09,,K3 Holdings,,"Kingdom Development, Inc.",False,20,20,1,"132 S. Westmoreland Avenue, Los Angeles, CA",3000,True,False,0,0,0,0,,0,,,,,,,,,12000,4000,0,0,
191,Highland Gardens Apartments,Crossings Property LP,Mountain View,Santa Clara,CSCDA,,,2026-01-22,,Ethos Real Estate,,,False,196,79,0.4030612245,"234 Escuela Avenue, Mountain View, CA",,True,False,104843965,0,38032683.22,38032683.22,,0,,,,,,,,,20000,5000,0,0,
189,The Colonnade Apartments,Post Colonnade Apartments LP,San Jose,Santa Clara,CMFA,,Proposed,2026-01-30,True,Post Investment Group,,Foothill Affordable Housing Foundation,False,221,221,1,"201 S 4th St, San Jose, CA 95112",33150,True,False,31718046,0,28546241.4,28546241.4,,0,,,,NO,1987,,,,132600,33150,0,0,
181,The Hive Apartments,Ackerfield 2 LP,Los Angeles,Los Angeles,CMFA,,,2026-01-30,,Golden Bee Properties,,"Kingdom Development, Inc.",True,152,152,1,"5565 & 5575 Ackerfield Avenue, Long Beach, CA",22800,True,False,0,0,0,0,,0,,,,,,,,,91200,22800,0,0,
182,1451 W MLK BLVD Apartments,"3 SIOF 1451 W MLK BLVD, LP",Los Angeles,Los Angeles,CMFA,,,2026-01-30,,"SoLa Impact, LLC",,Housing on Merit,True,50,50,1,"1451 W. Martin Luther King Boulevard, Los Angeles, CA",7350,True,False,0,0,0,0,,0,,,,YES,,,,,30000,7500,0,0,
183,4256 Whittier Blvd Apartments,"SIOF 4252 Whittier Blvd, LP",Los Angeles,Los Angeles,CMFA,,,2026-01-30,True,"SoLa Impact, LLC",,Housing on Merit,False,70,13,0.1857142857,"4256 Whittier Blvd Apartments, Los Angeles, CA",,True,False,0,0,0,0,,0,,,,,,,,,42000,10500,0,0,
184,225 W 25th Apartments,"2 SIOF 225 E 25th St, LP",Los Angeles,Los Angeles,CMFA,,,2026-01-30,,"SoLa Impact, LLC",,Housing on Merit,False,30,6,0.2,"225 W. 25th St, Los Angeles, CA",2500,True,False,0,0,0,0,,0,,,,YES,,,,,18000,4500,0,0,
185,9422 Firth Avenue Apartments,"6 SIOF 9416 FIRTH, LP",Los Angeles,Los Angeles,CMFA,,,2026-01-30,,"SoLa Impact, LLC",,Housing on Merit,False,39,8,0.2051282051,"9422 Firth Avenue, Los Angeles, CA",2500,True,False,0,0,0,0,,0,,,,YES,,,,,23400,5850,0,0,
186,4008 Martin Luther King Blvd Apartments,"SIOF 9 Properties, LP",Los Angeles,Los Angeles,CMFA,,,2026-01-30,,"SoLa Impact, LLC",,Housing on Merit,False,70,14,0.2,"4008 Martin Luther King Boulevard, Los Angeles, CA",2500,True,False,0,0,0,0,,0,,,,YES,,,,,42000,10500,0,0,
190,Highlands Point Apartments,"St. Anton Highland, LP",San Ramon,Contra Costa,CMFA,,,2026-01-30,,"Anton DevCo, Inc",,"Pacific Housing, Inc",False,293,102,0.3481228669,"2311 Ivy Hill Way, San Ramon, CA 94582",15300,True,True,69647731,46831134,21821371.01,46831134,,0,,,,NO,,,,,175800,43950,0,0,
144,La Vista Apartment Homes,"SM La Vista Owner, LP",Santa Maria,Santa Barbara,CMFA,,26-108,2026-02-20,,Farallon Capital Management L.L.C.,,Las Palmas Housing & Development Corporation,False,460,460,,"740 S. Western Avenue, Santa Maria, CA 93458",57000,True,False,22728000,0,20455200,20455200,0.010472,0,214206.8544,,,NO,,,,,276000,69000,0,,
195,1723 Corinth Apartments,"1723 Corinth, LP",Los Angeles,Los Angeles,CMFA,,26-109,2026-02-20,,Seachange Partners,,Foundation for Affordable Housing,False,41,41,1,"1723 Corinth Ave, Los Angeles, CA 90025",6300,,,0,0,0,0,,0,,,,YES,,,,,24600,6150,0,0,
194,3751 Delmas Terrace Apartments,3851 Delmas LP,Los Angeles,Los Angeles,CMFA,,26-110,2026-02-20,,Seachange Partners,,Foundation for Affordable Housing,False,37,36,0.972972973,"3751 Delmas Terrace, Los Angeles, CA 90034",5550,,,0,0,0,0,,0,,,,YES,,,,,22200,5550,0,0,
187,Bentley Parke Apartments,"Post Bentley Parke, LP",Santa Ana,Orange,CMFA,,Proposed,2026-02-20,,Post Investment Group,,Foothill Affordable Housing Foundation,False,232,232,1,"3200 W 5th St, Santa Ana, CA 92703",34800,True,False,26605309,0,23944778.1,23944778.1,,0,,,,,1987,,,,139200,34800,0,0,
196,The Dream Apartments,"Perseverance LAX Affordable, LP",Los Angeles,Los Angeles,CSCDA,,,2026-03-05,True,Capital Insight Holdings,,Integrity Housing,False,572,514,0.8986013986,"9750 Airport Blvd, Westchester, CA 90045",,,,0,0,0,0,,0,,,,,,,,,261600,65400,0,0,
200,1408 Jefferson Apartments,AH 1408 Jefferson LP,Los Angeles,Los Angeles,CMFA,,Application,2026-03-13,,Orion Capital LLC,,Foundation for Affordable Housing,False,70,70,1,"1408 W Jefferson Blvd, Los Angeles, CA 90007",10500,,,0,0,0,0,,0,,,,,,,,,42000,10500,0,,
197,12342 Osborne Place Apartments,N31GP LP,Los Angeles,Los Angeles,CMFA,,,2026-03-13,True,GHC Housing Partners,,Foundation for Affordable Housing,False,100,100,1,"12342 Osborne Pl, Pacoima, CA 91331",15000,,,0,0,0,0,,0,,,,YES,,,,,60000,15000,0,0,
198,220 Humboldt Ct. Apartments,"TAP BFR ACQUISITIONS, LLC",Sunnyvale,Santa Clara,CMFA,,,2026-03-13,,TruAmerica Multifamily LLC,,Affordable Housing Access,False,264,264,1,"220 Humboldt Ct. Sunnyvale, CA",39600,,,0,0,0,0,,0,,,,YES,,,,,158400,39600,0,0,
199,Baird Affordable Housing Apartments,6942 Baird LP,Los Angeles,Los Angeles,CMFA,,,2026-03-13,,"Angeleno Investments, LP",,Las Palmas Housing & Development Corporation,False,38,37,0.9736842105,,5500,,,0,0,0,0,,0,,,,,,,,,22800,5700,0,0,
201,Villa Del Sol Senior Apartments,,Santa Maria,Santa Barbara,CMFA,,,2026-03-27,True,"MKCR Capital, LLC",,Foundation for Affordable Housing,False,197,80,0.4060913706,"1311 W Battles Rd, Santa Maria, CA 93458",29550,,,0,0,0,0,,0,,,,,,,,,118200,29550,0,0,
207,Cullen Living Apartments,Cullen Living LLC,Los Angeles,Los Angeles,CSCDA,,,2026-04-02,True,Jenson Capital Group,,Integrity Housing,False,70,56,0.8,"2625 Cullen St, Los Angeles, CA 90034",,,,0,0,0,0,,0,,,,,,,,,20000,5000,0,0,
208,Sawtelle 2481 Apartments,Sawtelle 2481 LLC,Los Angeles,Los Angeles,CSCDA,,,2026-04-02,True,Jenson Capital Group,,Integrity Housing,False,42,34,0.8095238095,"2481 Sawtelle Blvd, Los Angeles, CA 90064",,,,0,0,0,0,,0,,,,,,,,,20000,5000,0,0,
49,Summerwood Apartments Homes Apartments,Standard Properties,Hayward,Alameda,CMFA,,26-176,2026-04-17,,Standard Properties,,Housing on Merit,False,162,162,,"21701 Foothill Blvd, Hayward, CA 94541",18450,True,False,38656726,0,34791053.4,34791053.4,0.011724,0,407890.3101,,,NO,,,,,97200,24300,0,0,
188,Del Norte Place Apartments,"MG Del Norte Place Apartments, L.P",El Cerrito,Contra Costa,CMFA,,,2026-04-17,True,MG Properties,,"Pacific Housing, Inc",False,135,27,0.2,"11720 San Pablo Ave, El Cerrito, CA 94530",4050,True,True,42750000,9419226,7695000,9419226,,0,,,,,,,,,81000,20250,0,0,
202,La Posada Apartments,"La Posada Preservation, L.P",Santa Cruz,Santa Cruz,CMFA,,,2026-04-17,,Jonathan Rose Companies,,Pacific Housing Inc.,False,150,150,1,"609 Frederick St, Santa Cruz, CA 95062",22500,,,0,0,0,0,,0,,,,NO,1980,,,,90000,22500,,,
205,Del Norte Place Apartments,MG Del Norte Place Apartments LP,El Cerrito,Contra Costa,CSCDA,,,2026-05-07,,MG Properties,,Pacific Housing Inc,True,135,54,0.4,"11720 San Pablo Avenue, El Cerrito, CA",,,,0,0,0,0,,0,,,,,,,,,20000,5000,0,0,
203,Bent Tree Apartments,"PR TIG BENT TREE, LP",Unincorporated,Sacramento,CMFA,,,2026-05-08,,Tailwind Investment Group,,Housing on Merit,False,208,208,1,"4350 Galbrath Dr, Sacramento, CA 95842",31200,,,0,0,0,0,,0,,,,,,,,,124800,31200,0,,
204,Hazelhurst Affordable Housing Apartments,6144 Hazelhurst LP,Los Angeles,Los Angeles,CMFA,,,2026-05-08,,"Angeleno Investments, LP",,Las Palmas Housing & Development Corporation,False,49,49,1,,7350,,,0,0,0,0,,0,,,,YES,,,,,29400,7350,0,,
206,Elan River Village Apartments,"River Village 1845, LP",Escondido,Los Angeles,CMFA,,,2026-05-08,True,"KDF Communities, LLC",,"Affordable Housing Access, Inc.",False,123,123,1,"1845 N Broadway, Escondido, CA 92026",,,,0,0,0,0,,0,,,,,,,,,73800,18450,0,0,
224,1454 Florence Apartments,1454 Florence LLC,Los Angeles,Los Angeles,CSCDA,,,2026-05-21,,Equitable Connections to Housing Opportunities (ECHO),,,False,31,31,,"1454 W Florence Ave, Los Angeles, CA 90047",,,,0,0,0,0,,0,,,,YES,,,,,20000,5000,0,0,
209,Bluwater Crossing Apartments,"6801 Embarcadero Lane, LP",Carlsbad,San Diego,CMFA,,,2026-05-29,,Red Stone Equity Partners,,San Diego Interfaith Housing Foundation,False,12,12,1,"6790 Embarcadero Ln, Carlsbad, CA 92011",2500,,,0,0,0,0,,0,,,,,,,,15,10000,4000,0,,
210,California Place Apartments,"PR TIG Cal Place, LP",Sacramento,Sacramento,CMFA,,,2026-05-29,,Tailwind Investment Group,,Housing on Merit,False,211,211,1,"6633 Valley Hi Drive, Sacramento, CA",,,,11438021,0,10294218.9,10294218.9,,0,,,,,,,,10,126600,31650,0,,
226,Maris at Martinez Apartments,MG Maris Martinez Apartments LP,Martinez,Contra Costa,CSCDA,,,2026-06-02,True,MG Properties,,Pacific Housing,False,168,134,,"142 Fig Tree Lane, Martinez, CA 94553",,,,0,0,0,0,,0,,,,,,,,10,20000,5000,0,,
228,Colden Oaks Apartments,Colden Oaks Apartments LP,Los Angeles,Los Angeles,CSCDA,,,2026-06-02,,"Positive Investments, Inc.",,Foundation for Affordable Housing,False,38,19,,"225 West Colden Avenue, Los Angeles, CA",,,,0,0,0,0,,0,,,,,,,,15,20000,5000,0,,
230,Hansen illage Apartments,Hansen Village Apartments LP,Los Angeles,Los Angeles,CSCDA,,,2026-06-02,,"Positive Investments, Inc.",,Foundation for Affordable Housing,False,116,29,,"11821 Foothill Blvd, Lake View Terrace, CA 91342",,,,0,0,0,0,,0,,,,NO,,,,,20000,5000,0,,
232,Crystal View Apartments,"EREP TVG Crystal View Owner, LP",Garden Grove,Orange,CSCDA,,,2026-06-02,,Eagle Partners,Vistria,Affordable Housing Access,False,402,120,,"12091 Bayport St, Garden Grove, CA 92840",,,,120178213,82808796,32286684.09,82808796,,0,,https://vistria.com/vistria-real-estate-acquires-orange-county-apartment-community/,,NO,,,,,210600,52650,0,0,
222,Bayfair Apartments,16077 Ashland Avenue LP,San Lorenzo,Alameda,CSCDA,,,2026-06-18,,Faulkner Capital Partners,,Integrity Housing,False,135,135,,"16077 Ashland Ave, San Lorenzo, CA 94580",,,,0,0,0,0,,0,,,,,,,,,20000,5000,0,0,
216,Guava Gardens Apartments,"Guava Gardens Senior Apartments, LP",La Mesa,San Diego,CMFA,,,2026-06-26,,Positive Investments Inc,,Foundation for Affordable Housing,False,81,81,1,"5035 Guava Ave, La Mesa, CA 91942",12000,,,0,0,0,0,,0,,,,NO,,,,,48600,12150,0,0,
217,Park View by Angeleno Apartments,"Angeleno Investment, LP",Los Angeles,Los Angeles,CMFA,,,2026-06-26,,Angeleno Investments LP,,Las Palmas Housing & Development Corporation,False,34,34,1,,5100,,,0,0,0,0,,0,,,,YES,,,,,20400,5100,0,0,
215,511 Hoover Street Apartments,511 Hoover Partnership LP,Los Angeles,Los Angeles,CSCDA,"Governmental Grant and Regulatory Agreement Creating Affordable Housing in a Rental Housing Project; $5,000 grant; 55-year regulatory term.",26H-[_],2026-07-02,,Category Company,,Housing on Merit,False,145,73,0.5034482759,"511 N. Hoover Street, Los Angeles, California",,,,0,0,0,0,,0,,https://cscda.org/wp-content/uploads/2026/06/CSCDA-Agenda-Packet-7.2.26.pdf,,YES,,,,,20000,5000,0,0,
211,Haven Warner Center,Heven LP,Los Angeles,Los Angeles,CSCDA,,,2026-07-16,,LA Apartments,,Central Valley Coalition for Affordable Housing,False,205,82,0.4,"6530 Independence Ave, Canoga Park, CA 91303",,,,0,0,0,0,,0,,,,,,,,,20000,5000,0,0,
212,The Arlo,The Arlo LP,Los Angeles,Los Angeles,CSCDA,,,2026-07-16,,KBX Investments,,Central Valley Coalition for Affordable Housing,False,100,50,0.5,"2075 W Jefferson BlvdLos Angeles, CA 90018",,,,0,0,0,0,,0,,,,YES,,,,,20000,5000,0,,
213,Sierra Village,Sierra Village Owner LP,Unincorporated,Sacramento,CSCDA,,,2026-07-16,,TriWest Development,,Foundation for Affordable Housing,False,185,74,0.4,"5416 Jackson St, North Highlands, CA 95660",,,,0,0,0,0,,0,,,,,,,,,20000,5000,0,,
214,Trails at San Dimas,Trails San Dimas LP,San Dimas,Los Angeles,CSCDA,,,2026-07-16,,The Korda Group,,AOF/Pacific Affordable Housing Corp.,False,288,72,0.25,"444 N Amelia Ave, San Dimas, CA 91773",,,,0,0,0,0,,0,,,,NO,,,,,20000,5000,-,,
218,1408 Jefferson Blvd Apartments,"AH 1408 Jefferson, LP",Los Angeles,Los Angeles,CMFA,,,2026-07-17,,Orion Capital LLC,,Foundation for Affordable Housing,False,70,70,,"1408 W Jefferson Blvd Los Angeles, California 90007",10500,,,0,0,0,0,,0,,,,YES,,,,,42000,10500,0,,
219,603 Mariposa Apartments,,Los Angeles,Los Angeles,CMFA,,,2026-07-17,,Housing Diversity Corporation,,PEP Housing,False,94,94,,"603 S Mariposa AveLos Angeles, CA 90005",14100,,,0,0,0,0,,0,,,,YES,,,,,56400,14100,0,,
220,236 Berendo Apartments,,Los Angeles,Los Angeles,CMFA,,,2026-07-17,,Terra Capital Development Group LLC,,Pacific Housing,False,52,52,,"236 N Berendo St, Los Angeles, CA 90004",7650,,,0,0,0,0,,0,,,,YES,,,,,31200,7800,0,,
221,Banner Avenue Apartments,,Los Angeles,Los Angeles,CMFA,,,2026-07-17,,Affirmed Housing,,Compass for Affordable Housing,False,64,58,,"6219 Banner Avenue, Los Angeles, CA 90038",9450,,,0,0,0,0,,0,,,,YES,,,,,38400,9600,0,,
229,Creekside Villas Apartments,"CGI Creekside Bliss, LP",San Diego,San Diego,CSCDA,,,2026-08-06,,CGI+,,Foothill Affordable Housing Foundation,False,144,144,,"220 47th St, San Diego, CA 92102",,,,0,0,0,0,,0,,,,,,,,20,20000,5000,0,,
231,Violet on Virgil,"Post Violet, LP",Los Angeles,Los Angeles,CSCDA,,,2026-08-06,,Post Real Estate Group,,Bedford Affordable Housing Foundation,False,302,302,,"160 S Virgil Ave, Los Angeles, CA 90004",,,,0,0,0,0,,0,,,,,,,,,180600,45150,-,,
233,926 S. Kingsley Apartments,"Kian Investments, LP",Los Angeles,Los Angeles,CSCDA,,,2026-08-06,,Keren Housing,,Integrity Housing,False,136,136,,"926 S Kingsley Dr, Los Angeles, CA 90006",,,,0,0,0,0,,0,,,,,,,,10,20000,5000,0,,
234,939 S. Kingsley Apartments,"Kingsley Project, LP",Los Angeles,Los Angeles,CSCDA,,,2026-08-06,,Keren Housing,,Integrity Housing,False,136,136,,"939 S Kingsley Dr, Los Angeles, CA 90006",,,,0,0,0,0,,0,,,,,,,,,20000,5000,-,,
235,3950 Ingraham Apartments,"Ingraham Investment Group, LP",Los Angeles,Los Angeles,CSCDA,,,2026-08-06,,Keren Housing,,Integrity Housing,False,59,59,,"3950 Ingraham St, San Diego, CA 92109",,,,0,0,0,0,,0,,,,,,,,55,20000,5000,0,,
236,Park Playa Apartments,"Park Playa, LP",Los Angeles,Los Angeles,CSCDA,,,2026-08-06,,Killefer Development,,Integrity Housing,False,108,108,,"6985 S. Centinela Avenue, Los Angeles, CA 90045",,,,0,0,0,0,,0,,,,YES,,,,55,20000,5000,0,,
237,Edgemont by Angeleno,1178 Edgemont LP,Los Angeles,Los Angeles,CSCDA,,,2026-08-06,,Angeleno Invesments,,Housing on Merit,False,34,27,,"1178 N Edgemont St, Los Angeles, CA 90029",,,,0,0,0,0,,0,,,,,,,,55,20000,5000,0,,
225,Bennington Apartments,"CG Bennington, LP / JSP Bennington, LP",Fairfield,Solano,CMFA,,,2026-08-07,,Jackson Square Properties,,Pacific Housing Inc,False,132,132,,"2780 N Texas St, Fairfield, CA 94533",19800,,,0,0,0,0,,0,,,,,,,,55,79200,19800,0,,
227,Westlake Apartments,Westlake Apts LP,Sacramento,Sacramento,CMFA,,,2026-08-07,,Tesseract Capital Group,,Housing on Merit,False,148,148,,"1 Shoal Ct, Sacramento, CA 95831",22200,,,41186542,0,37067887.8,37067887.8,,0,,,,,,,,55,88800,22200,0,,
223,2121 Wood St,,Oakland,Alameda,CMFA,,,,,,,,False,,,,2121 WOOD ST OAKLAND 94607,,,,0,0,#DIV/0!,60681517,,0,,,,,,,,15,,,,,True
