ain,apn,situs_address,input_address,property_name,tract_number,method,use_description,notes
5136019023,5136-019-023,1136 S ALVARADO ST LOS ANGELES CA 90006,"1136 S. Alvarado Street, Los Angeles, CA",Alvarado Streets Apartments,,manual_verified,"Auto, Recreation EQPT, Construction EQPT, Sales & Service",
5183001017,5183-001-017,2025 NEW JERSEY ST LOS ANGELES CA 90033,"2025 New Jersey St, Los Angeles, CA",2025 New Jersey Apartments,,manual_verified,Five or more apartments,
4291020005,4291-020-005,1422 7TH ST SANTA MONICA CA 90401,"1422-1432 7th, Santa Monica, CA",Santa Monica Portfolio B Apartments,,manual_verified_multi,Five or more apartments,Multi-parcel (3)
4291020006,4291-020-006,1430 7TH ST SANTA MONICA CA 90401,"1422-1432 7th, Santa Monica, CA",Santa Monica Portfolio B Apartments,,manual_verified_multi,Five or more apartments,Multi-parcel (3)
4291020007,4291-020-007,1432 7TH ST SANTA MONICA CA 90401,"1422-1432 7th, Santa Monica, CA",Santa Monica Portfolio B Apartments,,manual_verified_multi,Five or more apartments,Multi-parcel (3)
4291024007,4291-024-007,1522 6TH ST SANTA MONICA CA 90401,"1522 6th St, Santa Monica, CA",Santa Monica Portfolio D Apartments,,manual_verified,Five or more apartments,
4291022015,4291-022-015,1537 7TH ST SANTA MONICA CA 90401,"1537 7th, Santa Monica, CA",Santa Monica Portfolio E Apartments,,manual_verified,Five or more apartments,
4275024005,4275-024-005,2001 OLYMPIC BLVD SANTA MONICA CA 90404,"2001-2029 Olympic Blvd, Santa Monica",Santa Monica Portfolio F Apartments,,manual_verified_multi,Five or more apartments,Multi-parcel (2)
4275024015,4275-024-015,2029 OLYMPIC BLVD SANTA MONICA CA 90404,"2001-2029 Olympic Blvd, Santa Monica",Santa Monica Portfolio F Apartments,,manual_verified_multi,Five or more apartments,Multi-parcel (2)
2764001013,2764-001-013,9830 RESEDA BLVD LOS ANGELES CA 91324,"9830 Reseda Blvd, Northridge, CA 91324",Candlewood North Apartments,,manual_verified,Five or more apartments,
2731008014,2731-008-014,10535 LINDLEY AVE LOS ANGELES CA 91326,"10535 Lindley Ave, Granada Hills, CA 91326",Lindley Parc Apartments,,manual_verified,Five or more apartments,
5032015003,5032-015-003,4101 SOMERSET DR LOS ANGELES CA 90008,"4101 Somerset Drive, Los Angeles, CA",4101 Somerset Dr. Apartments,,manual_verified,Five or more apartments,
8608030071,8608-030-071,601 E 8TH ST AZUSA CA 91702,"601 E 8th St, Azusa, CA 91702",Azusa Gardens Apartments,,manual_verified,Five or more apartments,
5183012030,5183-012-030,2025 E 4TH ST LOS ANGELES CA 90033,"2025 E. 4th Street, Los Angeles, CA",4th Street Apartments,,manual_verified,Five or more apartments,
5502011009,5502-011-009,454 S CATALINA ST LOS ANGELES CA 90020,"454 S. Catalina Street, Los Angeles, CA",Catalina Apartments,,manual_verified,Five or more apartments,
5518013007,5518-013-007,103 S EDGEMONT ST LOS ANGELES CA 90004,"103 S. Edgemont Street, Los Angeles, CA 90004",Edgemont Apartments,,manual_verified,Five or more apartments,
5081032007,5081-032-007,974 S GRAMERCY PL LOS ANGELES CA 90019,"974 S. Gramercy Place, Los Angeles, CA",Gramercy Apartments,,manual_verified,Five or more apartments,
5094023030,5094-023-030,941 S KENMORE AVE LOS ANGELES CA 90006,"941 S. Kenmore Avenue, Los Angeles, CA",Kenmore I Apartments,,manual_verified,Five or more apartments,
5081006014,5081-006-014,1111 S NORTON AVE LOS ANGELES CA 90019,"1111 S. Norton Avenue, Los Angeles, CA 90019",Norton Apartments,,manual_verified,Five or more apartments,
5518027010,5518-027-010,3715 W 1ST ST LOS ANGELES CA 90004,"3715 W. 1st Street, Los Angeles, CA",Seven Lions Apartments,,manual_verified,Five or more apartments,
5094017020,5094-017-020,861 FEDORA ST LOS ANGELES CA 90005,"861 Fedora Street, Los Angeles, CA",Fedora Apartments,,manual_verified,Five or more apartments,
5518020021,5518-020-021,200 S KENMORE AVE LOS ANGELES CA 90004,"200 S. Kenmore Avenue, Los Angeles, CA",Kenmore II Apartments,,manual_verified,Five or more apartments,
5094023025,5094-023-025,915 S KENMORE AVE LOS ANGELES CA 90006,"915 S. Kenmore Avenue, Los Angeles, CA",Kenmore III Apartments,,manual_verified,Five or more apartments,
5094005005,5094-005-005,727 S MARIPOSA AVE LOS ANGELES CA 90005,"727 S. Mariposa Avenue, Los Angeles, CA",Mariposa I Apartments,,manual_verified,Five or more apartments,
5080006008,5080-006-008,1057 S WESTERN AVE LOS ANGELES CA 90006,"1057 S. Western Avenue, Los Angeles, CA",Western Apartments,,manual_verified,Five or more apartments,
5094002004,5094-002-004,682 IROLO ST LOS ANGELES CA 90005,"682 Irolo Street, Los Angeles, CA",Piccadilly Apartments,,manual_verified,Five or more apartments,
5134017016,5134-017-016,,"1317 S. Grand St, Los Angeles, CA 90015",1317 S. Grand Apartments,,parcel_in_transition,(pending),AIN not in DB
5134009008,5134-009-008,,"1411 Flower St, Los Angeles, CA 90015",1411 S. Flower Apartments,,parcel_in_transition,(pending),Multi-parcel (2). AIN not in DB.
5134009007,5134-009-007,,"1411 Flower St, Los Angeles, CA 90015",1411 S. Flower Apartments,,parcel_in_transition,(pending),Multi-parcel (2). AIN not in DB.
5402028023,5402-028-023,801 WATERLOO ST LOS ANGELES CA 90026,"801-809 Waterloo Street, Los Angeles, CA ",The Waterloo Apartments,,manual_verified,Five or more apartments,
2102015045,2102-015-045,7940 RESEDA BLVD LOS ANGELES CA 91335,"7940 Reseda Boulevard, Reseda, CA ",Pinetree Terrace Apartments,,manual_verified,Five or more apartments,
2119001222,2119-001-222,18325 SATICOY ST LOS ANGELES CA 91335,"18325 Saticoy St, Reseda, CA 91335",Windmere Court Apartments,,manual_verified,Five or more apartments,
5021028002,5021-028-002,4209 S WESTERN AVE LOS ANGELES CA 90062,"4209 S Western Ave, Los Angeles, CA 90062",4209 Western Avenue Apartments,,manual_verified,Store Combination,
7455002027,7455-002-027,441 W 3RD ST LOS ANGELES CA 90731,"441 W 3rd St, San Pedro, CA 90731",Harbor Terrace Apartments,,manual_verified,Five or more apartments,
4291019007,4291-019-007,1428 6TH ST SANTA MONICA CA 90401,"1422-1428 6th St., Santa Monica, CA",Santa Monica Portfolio A Apartments,,manual_verified_multi,Five or more apartments,Multi-parcel (2)
4291019006,4291-019-006,1422 6TH ST SANTA MONICA CA 90401,"1422-1428 6th St., Santa Monica, CA",Santa Monica Portfolio A Apartments,,manual_verified_multi,Store Combination,Multi-parcel (2)
4291020018,4291-020-018,1425 6TH ST SANTA MONICA CA 90401,"1423-1425 6th, Santa Monica, CA",Santa Monica Portfolio C Apartments,,manual_verified_multi,Five or more apartments,Multi-parcel (2)
4291020019,4291-020-019,1423 6TH ST SANTA MONICA CA 90401,"1423-1425 6th, Santa Monica, CA",Santa Monica Portfolio C Apartments,,manual_verified_multi,Five or more apartments,Multi-parcel (2)
6005021032,6005-021-032,6200 S BROADWAY LOS ANGELES CA 90003,"6200 S Broadway, Los Angeles, CA",6200 S. Broadway Apartments,,manual_verified,Commercial,
5021009036,5021-009-036,4238 S WESTERN AVE LOS ANGELES CA 90062,"4228 Western Avenue, Los Angeles, CA",4228 Western Ave. Apartments,,manual_verified,Stores,
5183013001,5183-013-001,,"2330 E. 3rd Street, Los Angeles, CA",2330 E. 3rd Street Apartments,,parcel_in_transition,(pending),AIN not in DB
5020025039,5020-025-039,4301 S VERMONT AVE LOS ANGELES CA 90037,"4327 S Vermont, Los Angeles, CA",4327 S. Vermont Apartments,,manual_verified,Stores,
6083001009,6083-001-009,110 E IMPERIAL HWY LOS ANGELES CA 90061,"110 Imperial Highway, Los Angeles, CA",2023 Imperial Apartments,,manual_verified,Lgt Manf.Sm. EQPT. Manuf Sm.Shps Instr.Manuf. Prnt Plnts,
5109003014,5109-003-014,4752 S MAIN ST LOS ANGELES CA 90037,"4752 Main St, Los Angeles, CA 90037",4752 Main Street Apartments,,manual_verified_multi,Parking Lots (Commercial Use Properties),Multi-parcel (2)
5109003001,5109-003-001,4760 S MAIN ST LOS ANGELES CA 90037,"4752 Main St, Los Angeles, CA 90037",4752 Main Street Apartments,,manual_verified_multi,Parking Lots (Commercial Use Properties),Multi-parcel (2)
6087002036,6087-002-036,11422 S BROADWAY LOS ANGELES CA 90061,"11422 S Broadway, Los Angeles, CA 90061",11422 Broadway Apartments,,manual_verified,"Warehousing, Distribution, Storage",
5049009082,5049-009-082,,"2533 S Mansfield Ave, Los Angeles, CA 90016",Mansfield Micro Apartments,,manual_verified,Single,
5160009020,5160-009-020,333 DOUGLAS ST LOS ANGELES CA 90026,"333 Douglas St, Los Angeles, CA",333 Douglas Apartments,,manual_verified,Single,
5092023021,5092-023-021,920 S GRAMERCY PL LOS ANGELES CA 90019,"920 S. Gramercy Place, Los Angeles, CA",The Eaves Apartments,,manual_verified,Five or more apartments,
5036031006,5036-031-006,1451 W MARTIN LUTHER KING JR BLVD LOS ANGELES CA 90062,"1451 W. MLK Blvd, Los Angeles, CA",1451 W. MLK Boulevard Apartments,,manual_verified,"Restaurants, Cocktail Lounges",
5159020012,5159-020-012,,"1540 W Court St, Los Angeles, CA 90026",1540 W Court Apartments,,parcel_in_transition,(pending),Multi-parcel (7). AIN not in DB.
5159020013,5159-020-013,,"1540 W Court St, Los Angeles, CA 90026",1540 W Court Apartments,,parcel_in_transition,(pending),Multi-parcel (7). AIN not in DB.
5159020014,5159-020-014,,"1540 W Court St, Los Angeles, CA 90026",1540 W Court Apartments,,parcel_in_transition,(pending),Multi-parcel (7). AIN not in DB.
5159020015,5159-020-015,,"1540 W Court St, Los Angeles, CA 90026",1540 W Court Apartments,,parcel_in_transition,(pending),Multi-parcel (7). AIN not in DB.
5159020011,5159-020-011,,"1540 W Court St, Los Angeles, CA 90026",1540 W Court Apartments,,parcel_in_transition,(pending),Multi-parcel (7). AIN not in DB.
5159020010,5159-020-010,1526 W COURT ST LOS ANGELES CA 90026,"1540 W Court St, Los Angeles, CA 90026",1540 W Court Apartments,,manual_verified_multi,Single,Multi-parcel (7)
5159020009,5159-020-009,1520 W COURT ST LOS ANGELES CA 90026,"1540 W Court St, Los Angeles, CA 90026",1540 W Court Apartments,,manual_verified_multi,Single,Multi-parcel (7)
6083010038,6083-010-038,,"11630 Main St, Los Angeles, CA 90061",11630 S. Main Street Apartments,,parcel_in_transition,(pending),AIN not in DB
6011008052,6011-008-052,325 E FLORENCE AVE LOS ANGELES CA 90003,"321 E. Florence Ave, Los Angeles, CA ",321 E. Florence Apartments,,manual_verified,Five or more apartments,
6048022067,6048-022-067,9300 COMPTON AVE XX LOS ANGELES CA 90002,"9300 Compton Ave., Los Angeles, CA",9300 Compton Ave. Apartments,,manual_verified,Single,
5501013028,5501-013-028,209 S WESTMORELAND AVE LOS ANGELES CA 90004,"209 Westmoreland Ave, Los Angeles, CA 90004",Chadwick Apartments,,manual_verified,Five or more apartments,
2695003001,2695-003-001,,"17188 Chatsworth St., Los Angeles, CA",Chatsworth Apartments,,parcel_in_transition,(pending),AIN not in DB
8630009026,8630-009-026,18615 E ARROW HWY AZUSA CA 91722,"18615 E Arrow Hwy, Covina, CA 91722",Pacific Trails Apartments,,manual_verified,Five or more apartments,
2421011010,2421-011-010,10910 HUSTON ST LOS ANGELES CA 91601,"10910 Huston St, North Hollywood, CA 91601",Huston Affordable Housing Apartments,,manual_verified,Single,
4262018026,4262-018-026,1734 S BARRINGTON AVE LOS ANGELES CA 90025,"1734 S. Barrington Ave., Los Angeles, CA, 90025",Passo Barrington Apartments,,manual_verified,Three Units (Any Combination),
4231018020,4231-018-020,4129 S CENTINELA AVE LOS ANGELES CA 90066,"4129 Centinela Avenue, Los Angeles, CA 90066",Passo Centinela I Apartments,,manual_verified,Stores,
4221007056,4221-007-056,4706 S CENTINELA AVE LOS ANGELES CA 90066,"4706 Centinela Avenue, Los Angeles, CA 90066",Passo Centinela II Apartments,,manual_verified,Five or more apartments,
4262016011,4262-016-011,1747 STONER AVE LOS ANGELES CA 90025,"1747 Stoner Avenue, Los Angeles, CA 90025",Passo Stoner Apartments,,manual_verified,Three Units (Any Combination),
5518008009,5518-008-009,247 S ALEXANDRIA AVE LOS ANGELES CA 90004,"247 S. Alexandria Avenue, Los Angeles, CA",Alexandria I Apartments,,manual_verified,Five or more apartments,
5094021028,5094-021-028,932 IROLO ST LOS ANGELES CA 90006,"832 Irolo Street, Los Angeles, CA",Irolo Apartments,,manual_verified,Five or more apartments,
5503015016,5503-015-016,426 S MANHATTAN PL LOS ANGELES CA 90020,"426 S. Manhattan Place, Los Angeles, CA",Manhattan III Apartments,,manual_verified,Five or more apartments,
5518008014,5518-008-014,260 S MARIPOSA AVE LOS ANGELES CA 90004,"260 S. Mariposa Avenue, Los Angeles, CA",Mariposa II Apartments,,manual_verified,Five or more apartments,
5094004004,5094-004-004,739 S NORMANDIE AVE LOS ANGELES CA 90005,"739 S. Normandie Avenue, Los Angeles, CA",Normandie Apartments,,manual_verified,Five or more apartments,
5080015003,5080-015-003,960 S OXFORD AVE LOS ANGELES CA 90006,"960 S. Oxford Avenue, Los Angeles, CA",Oxford III Apartments,,manual_verified,Five or more apartments,
5503017013,5503-017-013,516 S ST ANDREWS PL LOS ANGELES CA 90020,"516 S. St. Andrews Place, Los Angeles, CA 90020",St. Andrews II Apartments,,manual_verified,Five or more apartments,
5518013024,5518-013-024,130 S ALEXANDRIA AVE LOS ANGELES CA 90004,"130 S. Alexandria Avenue, Los Angeles, CA",Alexandria II Apartments,,manual_verified,Five or more apartments,
5094006003,5094-006-003,750 S MARIPOSA AVE LOS ANGELES CA 90005,"750-752 S. Mariposa Avenue, Los Angeles, CA",Mariposa III Apartments,,manual_verified,Five or more apartments,
5517005016,5517-005-016,207 N OXFORD AVE LOS ANGELES CA 90004,"207 S. Oxford Avenue, Los Angeles, CA",Oxford II Apartments,,manual_verified,Five or more apartments,
6063029029,6063-029-029,10705 AVALON BLVD LOS ANGELES CA 90061,"10705 Avalon Blvd, Los Angeles, CA",10705 Avalon Blvd Apartments,,manual_verified,Stores,
5518026004,5518-026-004,236 N BERENDO ST LOS ANGELES CA 90004,"236 N. Berendo Street., Los Angeles, CA",236 Berendo Apartments,,manual_verified,Single,
2125017014,2125-017-014,18337 KITTRIDGE ST LOS ANGELES CA 91335,"18337 Kittridge St, Reseda, CA 91335",Kittridge Affordable Housing Apartments,,manual_verified,Single,
4125011010,4125-011-010,,"9033 Ramsgate Avenue, Westchester, CA",9033 Ramsgate Apartments,,parcel_in_transition,(pending),AIN not in DB
6022014002,6022-014-002,7655 S SAN PEDRO ST LOS ANGELES CA 90003,"7655 S San Pedro St, Los Angeles, CA 90003",San Pedro Apartments,,manual_verified,Store Combination,
5094004007,5094-004-007,715 S NORMANDIE AVE LOS ANGELES CA 90005,"715 Normandie Ave, Los Angeles, CA 90005",Langham Apartments,,manual_verified,Five or more apartments,
4110025040,4110-025-040,7518 AGNEW AVE LOS ANGELES CA 90045,"7518 S. Hoover, Los Angeles, CA 90044",7518 Hoover St. Apartments,,manual_verified_multi,Single,Multi-parcel (2)
6020022025,6020-022-025,,"7518 S. Hoover, Los Angeles, CA 90044",7518 Hoover St. Apartments,,parcel_in_transition,(pending),Multi-parcel (2). AIN not in DB.
5547013021,5547-013-021,6762 HAWTHORN AVE LOS ANGELES CA 90028,"6762 Hawthorn Ave, Los Angeles, CA 90028",Premiere Hollywood Apartments,,manual_verified,Five or more apartments,
5024017036,5024-017-036,4252 S CRENSHAW BLVD LOS ANGELES CA 90008,4252 S CRENSHAW BLVD LOS ANGELES CA 90008,4252 Crenshaw Apartments,,manual_verified,Five or more apartments,
6320011041,6320-011-041,2701 RANDOLPH ST HUNTINGTON PARK CA 90255,"2701 Randolph St., Huntington Park, CA",Seville Gardens Apartments,,manual_verified,Five or more apartments,
7418014021,7418-014-021,445 N AVALON BLVD LOS ANGELES CA 90744,"445 N. Avalon Boulevard, Los Angeles, CA",Harbour Residences Apartments,,manual_verified,Stores,
5020017007,5020-017-007,1130 W MARTIN LUTHER KING JR BLVD LOS ANGELES CA 90037,"1130 W Martin Luther King Jr Blvd, Los Angeles, CA 90037",1130 Martin Luther King Jr. Blvd Apartments,,manual_verified,Store Combination,
2321001019,2321-001-019,12300 SHERMAN WAY LOS ANGELES CA 91605,"12300 Sherman Way, North Hollywood, CA 91605",Marquee Apartments,,manual_verified,Five or more apartments,
5180001013,5180-001-013,,"228 N Soto Street, Los Angeles, CA",Soto Apartments,,parcel_in_transition,(pending),AIN not in DB
5409005030,5409-005-030,1457 N MAIN ST LOS ANGELES CA 90012,"1457 N Main St, Los Angeles, CA 90012",1457 Main Street Apartments,,manual_verified,Food Processing Plants,
3004004033,3004-004-033,38441 5TH ST W PALMDALE CA 93551,"38441 5th St W, Palmdale, CA 93551",Chaparral Apartments,,manual_verified,Five or more apartments,
6070003038,6070-003-038,,"10811 S. Compton Avenue, Los Angeles, CA",10811 S. Compton Ave Apartments,,parcel_in_transition,(pending),AIN not in DB
6006018001,6006-018-001,6401 AVALON BLVD LOS ANGELES CA 90003,"6401 S. Avalon Blvd., Los Angeles, CA",6401 S. Avalon Blvd. Apartments,,manual_verified,Commercial,
6048004025,6048-004-025,9515 COMPTON AVE LOS ANGELES CA 90002,"9515 Compton Avenue, Los Angeles, CA",9515 Compton Ave. Apartments,,manual_verified,Five or more apartments,
7451026002,7451-026-002,685 W 4TH ST LOS ANGELES CA 90731,"685 W. 4th St., Los Angeles, CA ",685 W. 4th St Apartments,,manual_verified,Five or more apartments,
8576001024,8576-001-024,4608 ARDEN WAY EL MONTE CA 91731,"4640 Arden Way, El Monte, CA 91731",The Parker Apartments,,manual_verified,Five or more apartments,
5093017031,5093-017-031,808 S HOBART BLVD LOS ANGELES CA 90005,"808 S. Hobart Boulevard, Los Angeles, CA",Ashby Apartments,,manual_verified,Five or more apartments,
5080008006,5080-008-006,975 S OXFORD AVE LOS ANGELES CA 90006,"975-985 S. Oxford Avenue, Los Angeles, CA",Oxford I Apartments,,manual_verified_multi,Five or more apartments,Multi-parcel (3)
5080008007,5080-008-007,979 S OXFORD AVE LOS ANGELES CA 90006,"975-985 S. Oxford Avenue, Los Angeles, CA",Oxford I Apartments,,manual_verified_multi,Five or more apartments,Multi-parcel (3)
5080008008,5080-008-008,985 S OXFORD AVE LOS ANGELES CA 90006,"975-985 S. Oxford Avenue, Los Angeles, CA",Oxford I Apartments,,manual_verified_multi,Five or more apartments,Multi-parcel (3)
5504029006,5504-029-006,515 S ST ANDREWS PL LOS ANGELES CA 90020,"515 S. St. Andrews Place, Los Angeles, CA 90020",St. Andrews I Apartments,,manual_verified,Five or more apartments,
5503024012,5503-024-012,530 S KINGSLEY DR LOS ANGELES CA 90020,"530 Kingsley Drive, Los Angeles, CA",Kingsley Apartments,,manual_verified,Five or more apartments,
5502019004,5502-019-004,520 S MARIPOSA AVE LOS ANGELES CA 90020,"520 S. Mariposa Avenue, Los Angeles, CA",Mariposa IV Apartments,,manual_verified,Five or more apartments,
4276017047,4276-017-047,2424 WILSHIRE BLVD SANTA MONICA CA 90403,"2424 Wilshire Blvd, Los Angeles, CA 90057",Park Wilshire Apartments,,manual_verified,Office Buildings,
5093010009,5093-010-009,841 S SERRANO AVE LOS ANGELES CA 90005,"841 S Serrano Ave, Los Angeles, CA 90005",Sir Francis Drake Villa Apartments,,manual_verified,Five or more apartments,
7075020011,7075-020-011,12100 226TH ST HAWAIIAN GARDNS CA 90716,"12100 226th St, Hawaiian Gardens, CA 90716",Hawaiian Terrace Senior Apartments,,manual_verified_multi,Five or more apartments,Multi-parcel (2)
7075020012,7075-020-012,12100 226TH ST HAWAIIAN GARDENS CA 90716,"12100 226th St, Hawaiian Gardens, CA 90716",Hawaiian Terrace Senior Apartments,,manual_verified_multi,Five or more apartments,Multi-parcel (2)
4025014001,4025-014-001,9301 CRENSHAW BLVD INGLEWOOD CA 90305,"9301 – 9609 Crenshaw Blvd, Inglewood, CA",Stadium Village Apartments,,manual_verified_multi,Four Units (Any Combination),Multi-parcel (20)
4025014002,4025-014-002,9309 CRENSHAW BLVD INGLEWOOD CA 90305,"9301 – 9609 Crenshaw Blvd, Inglewood, CA",Stadium Village Apartments,,manual_verified_multi,Four Units (Any Combination),Multi-parcel (20)
4025014003,4025-014-003,9317 CRENSHAW BLVD INGLEWOOD CA 90305,"9301 – 9609 Crenshaw Blvd, Inglewood, CA",Stadium Village Apartments,,manual_verified_multi,Four Units (Any Combination),Multi-parcel (20)
4025014004,4025-014-004,9325 CRENSHAW BLVD INGLEWOOD CA 90305,"9301 – 9609 Crenshaw Blvd, Inglewood, CA",Stadium Village Apartments,,manual_verified_multi,Four Units (Any Combination),Multi-parcel (20)
4025014005,4025-014-005,9333 CRENSHAW BLVD INGLEWOOD CA 90305,"9301 – 9609 Crenshaw Blvd, Inglewood, CA",Stadium Village Apartments,,manual_verified_multi,Four Units (Any Combination),Multi-parcel (20)
4025014006,4025-014-006,9341 CRENSHAW BLVD INGLEWOOD CA 90305,"9301 – 9609 Crenshaw Blvd, Inglewood, CA",Stadium Village Apartments,,manual_verified_multi,Four Units (Any Combination),Multi-parcel (20)
4025014007,4025-014-007,9401 CRENSHAW BLVD INGLEWOOD CA 90305,"9301 – 9609 Crenshaw Blvd, Inglewood, CA",Stadium Village Apartments,,manual_verified_multi,Four Units (Any Combination),Multi-parcel (20)
4025014008,4025-014-008,9409 CRENSHAW BLVD INGLEWOOD CA 90305,"9301 – 9609 Crenshaw Blvd, Inglewood, CA",Stadium Village Apartments,,manual_verified_multi,Four Units (Any Combination),Multi-parcel (20)
4025014009,4025-014-009,9417 CRENSHAW BLVD INGLEWOOD CA 90305,"9301 – 9609 Crenshaw Blvd, Inglewood, CA",Stadium Village Apartments,,manual_verified_multi,Four Units (Any Combination),Multi-parcel (20)
4025014010,4025-014-010,9425 CRENSHAW BLVD INGLEWOOD CA 90305,"9301 – 9609 Crenshaw Blvd, Inglewood, CA",Stadium Village Apartments,,manual_verified_multi,Four Units (Any Combination),Multi-parcel (20)
4025014011,4025-014-011,9433 CRENSHAW BLVD INGLEWOOD CA 90305,"9301 – 9609 Crenshaw Blvd, Inglewood, CA",Stadium Village Apartments,,manual_verified_multi,Four Units (Any Combination),Multi-parcel (20)
4025014012,4025-014-012,9441 CRENSHAW BLVD INGLEWOOD CA 90305,"9301 – 9609 Crenshaw Blvd, Inglewood, CA",Stadium Village Apartments,,manual_verified_multi,Four Units (Any Combination),Multi-parcel (20)
4025014013,4025-014-013,9501 CRENSHAW BLVD INGLEWOOD CA 90305,"9301 – 9609 Crenshaw Blvd, Inglewood, CA",Stadium Village Apartments,,manual_verified_multi,Four Units (Any Combination),Multi-parcel (20)
4025014014,4025-014-014,9509 CRENSHAW BLVD INGLEWOOD CA 90305,"9301 – 9609 Crenshaw Blvd, Inglewood, CA",Stadium Village Apartments,,manual_verified_multi,Four Units (Any Combination),Multi-parcel (20)
4025014015,4025-014-015,9517 CRENSHAW BLVD INGLEWOOD CA 90305,"9301 – 9609 Crenshaw Blvd, Inglewood, CA",Stadium Village Apartments,,manual_verified_multi,Four Units (Any Combination),Multi-parcel (20)
4025014016,4025-014-016,9525 CRENSHAW BLVD INGLEWOOD CA 90305,"9301 – 9609 Crenshaw Blvd, Inglewood, CA",Stadium Village Apartments,,manual_verified_multi,Four Units (Any Combination),Multi-parcel (20)
4025014017,4025-014-017,9533 CRENSHAW BLVD INGLEWOOD CA 90305,"9301 – 9609 Crenshaw Blvd, Inglewood, CA",Stadium Village Apartments,,manual_verified_multi,Four Units (Any Combination),Multi-parcel (20)
4025014018,4025-014-018,9541 CRENSHAW BLVD INGLEWOOD CA 90305,"9301 – 9609 Crenshaw Blvd, Inglewood, CA",Stadium Village Apartments,,manual_verified_multi,Four Units (Any Combination),Multi-parcel (20)
4025015001,4025-015-001,9601 CRENSHAW BLVD INGLEWOOD CA 90305,"9301 – 9609 Crenshaw Blvd, Inglewood, CA",Stadium Village Apartments,,manual_verified_multi,Four Units (Any Combination),Multi-parcel (20)
4025015002,4025-015-002,9609 CRENSHAW BLVD INGLEWOOD CA 90305,"9301 – 9609 Crenshaw Blvd, Inglewood, CA",Stadium Village Apartments,,manual_verified_multi,Four Units (Any Combination),Multi-parcel (20)
7157031001,7157-031-001,2697 E 56TH WAY LONG BEACH CA 90805,"5601 North Paramount Boulevard, Long Beach, Los Angeles",Seaport Village Apartments,,manual_verified_multi,Five or more apartments,Multi-parcel (33)
7157031002,7157-031-002,2687 E 56TH WAY LONG BEACH CA 90805,"5601 North Paramount Boulevard, Long Beach, Los Angeles",Seaport Village Apartments,,manual_verified_multi,Five or more apartments,Multi-parcel (33)
7157031003,7157-031-003,2677 E 56TH WAY LONG BEACH CA 90805,"5601 North Paramount Boulevard, Long Beach, Los Angeles",Seaport Village Apartments,,manual_verified_multi,Five or more apartments,Multi-parcel (33)
7157031004,7157-031-004,2667 E 56TH WAY LONG BEACH CA 90805,"5601 North Paramount Boulevard, Long Beach, Los Angeles",Seaport Village Apartments,,manual_verified_multi,Five or more apartments,Multi-parcel (33)
7157031005,7157-031-005,2657 E 56TH WAY LONG BEACH CA 90805,"5601 North Paramount Boulevard, Long Beach, Los Angeles",Seaport Village Apartments,,manual_verified_multi,Five or more apartments,Multi-parcel (33)
7157031006,7157-031-006,5679 LANGPORT AVE LONG BEACH CA 90805,"5601 North Paramount Boulevard, Long Beach, Los Angeles",Seaport Village Apartments,,manual_verified_multi,Five or more apartments,Multi-parcel (33)
7157031007,7157-031-007,5649 LANGPORT AVE LONG BEACH CA 90805,"5601 North Paramount Boulevard, Long Beach, Los Angeles",Seaport Village Apartments,,manual_verified_multi,Five or more apartments,Multi-parcel (33)
7157031008,7157-031-008,5639 LANGPORT AVE LONG BEACH CA 90805,"5601 North Paramount Boulevard, Long Beach, Los Angeles",Seaport Village Apartments,,manual_verified_multi,Five or more apartments,Multi-parcel (33)
7157031009,7157-031-009,5599 LANGPORT AVE LONG BEACH CA 90805,"5601 North Paramount Boulevard, Long Beach, Los Angeles",Seaport Village Apartments,,manual_verified_multi,Five or more apartments,Multi-parcel (33)
7157031010,7157-031-010,5579 LANGPORT AVE LONG BEACH CA 90805,"5601 North Paramount Boulevard, Long Beach, Los Angeles",Seaport Village Apartments,,manual_verified_multi,Five or more apartments,Multi-parcel (33)
7157031011,7157-031-011,5549 LANGPORT AVE LONG BEACH CA 90805,"5601 North Paramount Boulevard, Long Beach, Los Angeles",Seaport Village Apartments,,manual_verified_multi,Five or more apartments,Multi-parcel (33)
7157031012,7157-031-012,5539 LANGPORT AVE LONG BEACH CA 90805,"5601 North Paramount Boulevard, Long Beach, Los Angeles",Seaport Village Apartments,,manual_verified_multi,Five or more apartments,Multi-parcel (33)
7157031013,7157-031-013,2656 E 55TH WAY LONG BEACH CA 90805,"5601 North Paramount Boulevard, Long Beach, Los Angeles",Seaport Village Apartments,,manual_verified_multi,Five or more apartments,Multi-parcel (33)
7157031014,7157-031-014,2666 E 55TH WAY LONG BEACH CA 90805,"5601 North Paramount Boulevard, Long Beach, Los Angeles",Seaport Village Apartments,,manual_verified_multi,Five or more apartments,Multi-parcel (33)
7157031015,7157-031-015,2676 E 55TH WAY LONG BEACH CA 90805,"5601 North Paramount Boulevard, Long Beach, Los Angeles",Seaport Village Apartments,,manual_verified_multi,Five or more apartments,Multi-parcel (33)
7157031016,7157-031-016,2686 E 55TH WAY LONG BEACH CA 90805,"5601 North Paramount Boulevard, Long Beach, Los Angeles",Seaport Village Apartments,,manual_verified_multi,Five or more apartments,Multi-parcel (33)
7157031017,7157-031-017,2696 E 55TH WAY LONG BEACH CA 90805,"5601 North Paramount Boulevard, Long Beach, Los Angeles",Seaport Village Apartments,,manual_verified_multi,Five or more apartments,Multi-parcel (33)
7157031018,7157-031-018,2666 E 56TH WAY LONG BEACH CA 90805,"5601 North Paramount Boulevard, Long Beach, Los Angeles",Seaport Village Apartments,,manual_verified_multi,Five or more apartments,Multi-parcel (33)
7157031019,7157-031-019,2676 E 56TH WAY LONG BEACH CA 90805,"5601 North Paramount Boulevard, Long Beach, Los Angeles",Seaport Village Apartments,,manual_verified_multi,Five or more apartments,Multi-parcel (33)
7157031020,7157-031-020,2686 E 56TH WAY LONG BEACH CA 90805,"5601 North Paramount Boulevard, Long Beach, Los Angeles",Seaport Village Apartments,,manual_verified_multi,Five or more apartments,Multi-parcel (33)
7157031021,7157-031-021,2696 E 56TH ST LONG BEACH CA 90805,"5601 North Paramount Boulevard, Long Beach, Los Angeles",Seaport Village Apartments,,manual_verified_multi,Five or more apartments,Multi-parcel (33)
7157031022,7157-031-022,2667 E 56TH ST LONG BEACH CA 90805,"5601 North Paramount Boulevard, Long Beach, Los Angeles",Seaport Village Apartments,,manual_verified_multi,Five or more apartments,Multi-parcel (33)
7157031023,7157-031-023,2677 E 56TH ST LONG BEACH CA 90805,"5601 North Paramount Boulevard, Long Beach, Los Angeles",Seaport Village Apartments,,manual_verified_multi,Five or more apartments,Multi-parcel (33)
7157031024,7157-031-024,2687 E 56TH ST LONG BEACH CA 90805,"5601 North Paramount Boulevard, Long Beach, Los Angeles",Seaport Village Apartments,,manual_verified_multi,Five or more apartments,Multi-parcel (33)
7157031025,7157-031-025,2697 E 56TH ST LONG BEACH CA 90805,"5601 North Paramount Boulevard, Long Beach, Los Angeles",Seaport Village Apartments,,manual_verified_multi,Five or more apartments,Multi-parcel (33)
7157031026,7157-031-026,2666 E 56TH ST LONG BEACH CA 90805,"5601 North Paramount Boulevard, Long Beach, Los Angeles",Seaport Village Apartments,,manual_verified_multi,Five or more apartments,Multi-parcel (33)
7157031027,7157-031-027,2676 E 56TH ST LONG BEACH CA 90805,"5601 North Paramount Boulevard, Long Beach, Los Angeles",Seaport Village Apartments,,manual_verified_multi,Five or more apartments,Multi-parcel (33)
7157031028,7157-031-028,2686 E 56TH ST LONG BEACH CA 90805,"5601 North Paramount Boulevard, Long Beach, Los Angeles",Seaport Village Apartments,,manual_verified_multi,Five or more apartments,Multi-parcel (33)
7157031029,7157-031-029,2696 E 56TH ST LONG BEACH CA 90805,"5601 North Paramount Boulevard, Long Beach, Los Angeles",Seaport Village Apartments,,manual_verified_multi,Five or more apartments,Multi-parcel (33)
7157031030,7157-031-030,2667 E 55TH WAY LONG BEACH CA 90805,"5601 North Paramount Boulevard, Long Beach, Los Angeles",Seaport Village Apartments,,manual_verified_multi,Five or more apartments,Multi-parcel (33)
7157031031,7157-031-031,2677 E 55TH WAY LONG BEACH CA 90805,"5601 North Paramount Boulevard, Long Beach, Los Angeles",Seaport Village Apartments,,manual_verified_multi,Five or more apartments,Multi-parcel (33)
7157031032,7157-031-032,2687 E 55TH WAY LONG BEACH CA 90805,"5601 North Paramount Boulevard, Long Beach, Los Angeles",Seaport Village Apartments,,manual_verified_multi,Five or more apartments,Multi-parcel (33)
7157031033,7157-031-033,2697 E 55TH WAY LONG BEACH CA 90805,"5601 North Paramount Boulevard, Long Beach, Los Angeles",Seaport Village Apartments,,manual_verified_multi,Five or more apartments,Multi-parcel (33)
7451037031,7451-037-031,575 W 6TH ST SAN PEDRO CA 90731,"569 W. 6th Street, San Pedro, CA",569 W. 6th Street Apartments,,manual_verified,Professional Buildings,
7157012023,7157-012-023,5700 ACKERFIELD AVE LONG BEACH CA 90805,"5565 Ackerfield Avenue / 5700 Ackerfield Avenue, Long Beach, CA",The Hive at Ackerfield Apartments,,manual_verified_multi,Five or more apartments,Multi-parcel (2)
7157012017,7157-012-017,5565 ACKERFIELD AVE LONG BEACH CA 90805,"5565 Ackerfield Avenue / 5700 Ackerfield Avenue, Long Beach, CA",The Hive at Ackerfield Apartments,,manual_verified_multi,Five or more apartments,Multi-parcel (2)
