project_id,ain,legacy_ain,apn,situs_address,situs_city,situs_zip,input_address,property_name,tract_number,method,use_description,use_type,use_code,year_built,units,bedrooms,bathrooms,sqft,roll_year,roll_land_value,roll_imp_value,roll_fixture_value,roll_pers_prop_value,roll_land_base_year,roll_imp_base_year,real_estate_exemp,tax_rate_area,tax_rate_city,latitude,longitude,legal_description,notes
1,5136019013,,5136-019-013,1136 S ALVARADO ST LOS ANGELES CA 90006,LOS ANGELES CA,90006-4138,"1136 S. Alvarado Street, Los Angeles, CA",Alvarado Streets Apartments,,manual_verified,Five or more apartments,Residential,0500,1912,24,0,24,16113,2025,2080800,2366910,,,2023,2023,4262686,00036,LOS ANGELES,34.0491403,-118.2810431,ALVARADO HEIGHTS LOT    4 BLK    6,Corrected from AIN 5136019023 (auto/equipment use) to 5136019013 (apartments)
2,5183001017,,5183-001-017,2025 NEW JERSEY ST LOS ANGELES CA 90033,LOS ANGELES CA,90033-2805,"2025 New Jersey St, Los Angeles, CA",2025 New Jersey Apartments,,manual_verified,Five or more apartments,Residential,050V,,,,,,2025,527950,0,,,2018,2018,527950,00004,LOS ANGELES,34.0480109,-118.21232372,SUBDN OF LOT 2 BLK 60 H S NW 20 FT OF LOT 3 AND SE 20 FT OF LOT    5 BLK    A,
28,4291020005,,4291-020-005,1422 7TH ST SANTA MONICA CA 90401,SANTA MONICA CA,90401-2653,"1422-1432 7th, Santa Monica, CA",Santa Monica Portfolio B Apartments,,manual_verified_multi,Five or more apartments,Residential,0500,1996,28,28,28,21437,2025,3000000,4650000,,,2025,2025,3491875,08004,SANTA MONICA,34.01797475,-118.4919757,SANTA MON1CA LOT    E BLK  168,Multi-parcel (3)
28,4291020006,,4291-020-006,1430 7TH ST SANTA MONICA CA 90401,SANTA MONICA CA,90401-2600,"1422-1432 7th, Santa Monica, CA",Santa Monica Portfolio B Apartments,,manual_verified_multi,Five or more apartments,Residential,0500,1996,28,28,28,21437,2025,3000000,4650000,,,2025,2025,3491875,08004,SANTA MONICA,34.01787626,-118.49186072,SANTA MON1CA LOT    F BLK  168,Multi-parcel (3)
28,4291020007,,4291-020-007,1432 7TH ST SANTA MONICA CA 90401,SANTA MONICA CA,90401-2612,"1422-1432 7th, Santa Monica, CA",Santa Monica Portfolio B Apartments,,manual_verified_multi,Five or more apartments,Residential,0500,2000,26,30,26,21878,2025,3000000,4770000,,,2025,2025,3594576,08004,SANTA MONICA,34.01777789,-118.49174558,SANTA MON1CA LOT    G BLK  168,Multi-parcel (3)
30,4291024007,,4291-024-007,1522 6TH ST SANTA MONICA CA 90401,SANTA MONICA CA,90401-2548,"1522 6th St, Santa Monica, CA",Santa Monica Portfolio D Apartments,,manual_verified,Five or more apartments,Residential,0550,2004,26,29,26,24573,2025,3600000,3450000,,,2025,2025,3659058,08004,SANTA MONICA,34.01587009,-118.49135637,SANTA MONICA LOT    E BLK  194,
31,4291022015,,4291-022-015,1537 7TH ST SANTA MONICA CA 90401,SANTA MONICA CA,90401-2672,"1537 7th, Santa Monica, CA",Santa Monica Portfolio E Apartments,,manual_verified,Five or more apartments,Residential,0540,2003,36,0,0,24738,2025,3600000,2980000,,,2025,2025,4088045,08004,SANTA MONICA,34.01678094,-118.48952249,SANTA MON1CA LOT    Q BLK  192,
32,4275024005,,4275-024-005,2001 OLYMPIC BLVD SANTA MONICA CA 90404,SANTA MONICA CA,90404-3942,"2001-2029 Olympic Blvd, Santa Monica",Santa Monica Portfolio F Apartments,,manual_verified_multi,Five or more apartments,Residential,0500,2008,100,0,99,51033,2025,2130000,6860000,,,2025,2025,8990000,08004,SANTA MONICA,34.02500078,-118.47521615,ERKENBRECHER SYNDICATE SANTA MONICA TRACT EX OF ST LOT    6 BLK   20,Multi-parcel (2)
32,4275024015,,4275-024-015,2029 OLYMPIC BLVD SANTA MONICA CA 90404,SANTA MONICA CA,90404-3922,"2001-2029 Olympic Blvd, Santa Monica",Santa Monica Portfolio F Apartments,,manual_verified_multi,Five or more apartments,Residential,0500,2009,29,0,29,13940,2025,5418000,14942000,,,2025,2025,13362409,08004,SANTA MONICA,34.02523075,-118.47475525,"MB 6-26-27 LOT 5 AND EX OF ST LOTS 7,9 AND 11",Multi-parcel (2)
68,2764001013,,2764-001-013,9830 RESEDA BLVD LOS ANGELES CA 91324,LOS ANGELES CA,91324-2060,"9830 Reseda Blvd, Northridge, CA 91324",Candlewood North Apartments,,manual_verified,Five or more apartments,Residential,0501,1964,68,74,86,66070,2025,8704392,8588333,,203288,2017,2017,0,00016,LOS ANGELES,34.2491338,-118.53552906,TRACT NO 27700 LOT    1,
69,2731008014,,2731-008-014,10535 LINDLEY AVE LOS ANGELES CA 91326,LOS ANGELES CA,91326-3267,"10535 Lindley Ave, Granada Hills, CA 91326",Lindley Parc Apartments,,manual_verified,Five or more apartments,Residential,0501,1964,50,95,87,49290,2025,4473720,10404000,,15575,2023,2023,0,00016,LOS ANGELES,34.26203526,-118.52794007,TRACT NO 21000 LOT 4 AND S 1/2 OF LOT    5,
80,5032015003,,5032-015-003,4101 SOMERSET DR LOS ANGELES CA 90008,LOS ANGELES CA,90008-3401,"4101 Somerset Drive, Los Angeles, CA",4101 Somerset Dr. Apartments,,manual_verified,Five or more apartments,Residential,0500,2023,36,27,48,0,2025,1584354,1867518,,280,2021,2023,0,00501,LOS ANGELES,34.01158755,-118.34157213,TRACT # 14989 LOT    1,
97,8608030071,,8608-030-071,601 E 8TH ST AZUSA CA 91702,AZUSA CA,91702-2546,"601 E 8th St, Azusa, CA 91702",Azusa Gardens Apartments,,manual_verified,Five or more apartments,Residential,0501,1987,112,99,99,96496,2025,1869289,11355514,,85600,1993,1993,0,08819,AZUSA,34.13601189,-117.90015303,PM 188-25-26     LOT 1,
103,5183012030,,5183-012-030,2025 E 4TH ST LOS ANGELES CA 90033,LOS ANGELES CA,90033-4364,"2025 E. 4th Street, Los Angeles, CA",4th Street Apartments,,manual_verified,Five or more apartments,Residential,0500,1912,24,24,24,11556,2025,2772309,1393721,,2700,2023,2023,0,00004,LOS ANGELES,34.04272247,-118.21570786,WORKMAN PARK TRACT LOT 11 AND SE 3 FT OF LOT   12 BLK    E,
106,5502011009,,5502-011-009,454 S CATALINA ST LOS ANGELES CA 90020,LOS ANGELES CA,90020-2476,"454 S. Catalina Street, Los Angeles, CA",Catalina Apartments,,manual_verified,Five or more apartments,Residential,0500,1928,48,8,48,26160,2025,5243616,2247264,,26400,2023,2023,0,00067,LOS ANGELES,34.06576573,-118.29502955,SCHMIDT HEIGHTS TRACT LOT   42,
107,5518013007,,5518-013-007,103 S EDGEMONT ST LOS ANGELES CA 90004,LOS ANGELES CA,90004-5551,"103 S. Edgemont Street, Los Angeles, CA 90004",Edgemont Apartments,,manual_verified,Five or more apartments,Residential,0500,1930,40,17,43,28769,2025,7282800,3391704,,11760,2023,2023,0,08830,LOS ANGELES,34.07249877,-118.29773261,TRACT # 4193 LOTS 43 AND LOT   44,
108,5081032007,,5081-032-007,974 S GRAMERCY PL LOS ANGELES CA 90019,LOS ANGELES CA,90019-2169,"974 S. Gramercy Place, Los Angeles, CA",Gramercy Apartments,,manual_verified,Five or more apartments,Residential,0500,1928,38,8,38,23063,2025,4244832,2971382,,10525,2022,2022,0,00067,LOS ANGELES,34.05337149,-118.31289247,TRACT # 1600 LOT   72,
110,5094023030,,5094-023-030,941 S KENMORE AVE LOS ANGELES CA 90006,LOS ANGELES CA,90006-1558,"941 S. Kenmore Avenue, Los Angeles, CA",Kenmore I Apartments,,manual_verified,Five or more apartments,Residential,0500,1923,24,0,24,13800,2025,2881908,1456560,,,2023,2023,0,06657,LOS ANGELES,34.05465623,-118.29683122,WEST NINTH STREET HEIGHTS LOT   63,
114,5081006014,,5081-006-014,1111 S NORTON AVE LOS ANGELES CA 90019,LOS ANGELES CA,90019-3363,"1111 S. Norton Avenue, Los Angeles, CA 90019",Norton Apartments,,manual_verified,Five or more apartments,Residential,0500,1928,20,2,20,10209,2025,2184840,936360,,3960,2023,2023,0,00067,LOS ANGELES,34.05126573,-118.3223903,BOULEVARD HEIGHTS LOT COM AT MOST E COR OF LOT 31 BLK 17 TH S 22¢54' W 50 FT TH NW 149.58 FT TO A LINE PARALLEL WITH AND DIST SE AT R/A 50 FT FROM NW LINE OF SD LOT TH N 24¢02' E 44.43 FT TH SE 149.32 FT TO BEG PART OF LOTS 31 AND LOT   32 BLK   17,
117,5518027010,,5518-027-010,3715 W 1ST ST LOS ANGELES CA 90004,LOS ANGELES CA,90004-5848,"3715 W. 1st Street, Los Angeles, CA",Seven Lions Apartments,,manual_verified,Five or more apartments,Residential,0550,1926,55,20,55,40183,2025,2164864,9741889,,23173,2021,2021,0,08830,LOS ANGELES,34.07294031,-118.29380464,TRACT # 3247 S 40 FT OF LOT 95 AND ALL OF LOT   96,
122,5094017020,,5094-017-020,861 FEDORA ST LOS ANGELES CA 90005,LOS ANGELES CA,90005-2162,"861 Fedora Street, Los Angeles, CA",Fedora Apartments,,manual_verified,Five or more apartments,Residential,0500,1930,39,3,39,24045,2025,7428456,2281597,,30262,2022,2022,0,06657,LOS ANGELES,34.05611472,-118.29793663,TRACT # 2140 S 40 FT EX OF ST OF LOT 59 AND EX OF ST LOT   60,
123,5518020021,,5518-020-021,200 S KENMORE AVE LOS ANGELES CA 90004,LOS ANGELES CA,90004-5650,"200 S. Kenmore Avenue, Los Angeles, CA",Kenmore II Apartments,,manual_verified,Five or more apartments,Residential,0500,1926,48,7,48,22400,2025,6765201,2435472,,9500,2021,2021,0,08830,LOS ANGELES,34.07114645,-118.29626698,TRACT # 4678 LOT COM AT NW COR OF LOT 13 TH S ON W LINE OF SD LOT 56.92 FT TH E TO E LINE OF SD LOT TH N THEREON 55.64 FT TH S 89¢47' W 142.31 FT TO BEG PART OF LOT   13,
124,5094023025,,5094-023-025,915 S KENMORE AVE LOS ANGELES CA 90006,LOS ANGELES CA,90006-1557,"915 S. Kenmore Avenue, Los Angeles, CA",Kenmore III Apartments,,manual_verified,Five or more apartments,Residential,0500,1923,18,0,18,7512,2025,2164864,730641,,,2021,2021,0,06657,LOS ANGELES,34.0553459,-118.29683318,WEST NINTH STREET HEIGHTS LOT   58,
126,5094005005,,5094-005-005,727 S MARIPOSA AVE LOS ANGELES CA 90005,LOS ANGELES CA,90005-2069,"727 S. Mariposa Avenue, Los Angeles, CA",Mariposa I Apartments,,manual_verified,Five or more apartments,Residential,0500,1925,40,12,40,24576,2025,5303917,1786012,,12000,2021,2021,0,06657,LOS ANGELES,34.05890716,-118.2990354,TRACT # 7502 LOT   16,
130,5080006008,,5080-006-008,1057 S WESTERN AVE LOS ANGELES CA 90006,LOS ANGELES CA,90006-2344,"1057 S. Western Avenue, Los Angeles, CA",Western Apartments,,manual_verified,Five or more apartments,Residential,0500,1926,76,74,74,51116,2025,11155189,2855727,,91200,2019,2019,0,06657,LOS ANGELES,34.05107618,-118.30939309,COUNTRY CLUB HEIGHTS LOTS 22 AND LOT   23,
151,5094002004,,5094-002-004,682 IROLO ST LOS ANGELES CA 90005,LOS ANGELES CA,90005-2367,"682 Irolo Street, Los Angeles, CA",Piccadilly Apartments,,manual_verified,Five or more apartments,Residential,0550,1929,74,0,0,62933,2025,1197304,2326994,,49987,2000,2000,0,06657,LOS ANGELES,34.06036012,-118.30057788,WILSHIRE HARVARD HEIGHTS N 6 FT OF LOT 91 AND ALL OF LOT 92 AND S 40 FT OF LOT   93,
8,5134017037,5134017016,5134-017-037,,,,"1317 S. Grand St, Los Angeles, CA 90015",1317 S. Grand Apartments,,parcel_in_transition,(pending),,,,,,,,,,,,,,,,,LOS ANGELES,34.03849628,-118.26502654,,AIN not in DB
9,5134009025,5134009008,5134-009-025,,,,"1411 Flower St, Los Angeles, CA 90015",1411 S. Flower Apartments,,parcel_in_transition,(pending),,,,,,,,,,,,,,,,,LOS ANGELES,34.03799902,-118.26860234,,Multi-parcel (2). AIN not in DB.
9,5134009024,5134009007,5134-009-024,,,,"1411 Flower St, Los Angeles, CA 90015",1411 S. Flower Apartments,,parcel_in_transition,(pending),,,,,,,,,,,,,,,,,LOS ANGELES,34.03799902,-118.26860234,,Multi-parcel (2). AIN not in DB.
12,5402028023,,5402-028-023,801 WATERLOO ST LOS ANGELES CA 90026,LOS ANGELES CA,90026-4039,"801-809 Waterloo Street, Los Angeles, CA ",The Waterloo Apartments,,manual_verified,Five or more apartments,Residential,0500,1917,4,4,4,3838,2025,985000,375000,,,2025,2025,0,00013,LOS ANGELES,34.07581866,-118.26848761,WATERLOO TRACT LOT   12 BLK    1,
20,2102015045,,2102-015-045,7940 RESEDA BLVD LOS ANGELES CA 91335,LOS ANGELES CA,91335-1927,"7940 Reseda Boulevard, Reseda, CA ",Pinetree Terrace Apartments,,manual_verified,Five or more apartments,Residential,0501,1978,58,8,8,63362,2025,7140000,10812000,,43500,2024,2024,15786989,08852,LOS ANGELES,34.2151477,-118.53553608,*TR=32921 LOT    1,
21,2119001222,,2119-001-222,18325 SATICOY ST LOS ANGELES CA 91335,LOS ANGELES CA,91335-2965,"18325 Saticoy St, Reseda, CA 91335",Windmere Court Apartments,,manual_verified,Five or more apartments,Residential,0501,1989,52,99,99,53440,2025,7140000,9486000,,,2024,2024,16306781,08852,LOS ANGELES,34.20888824,-118.53262522,TR=9035 POR OF LOT 32 AND ALL OF LOT 31,
24,5021028002,,5021-028-002,4209 S WESTERN AVE LOS ANGELES CA 90062,LOS ANGELES CA,90062-1643,"4209 S Western Ave, Los Angeles, CA 90062",4209 Western Avenue Apartments,,manual_verified,Store Combination,Commercial,1210,2022,25,11,25,21557,2025,6242400,4681800,,,2023,2023,10903361,00068,LOS ANGELES,34.00696453,-118.30925999,VERMONT AVE SQUARE LOT    2 BLK   65,
26,7455002027,,7455-002-027,441 W 3RD ST LOS ANGELES CA 90731,LOS ANGELES CA,90731-2650,"441 W 3rd St, San Pedro, CA 90731",Harbor Terrace Apartments,,manual_verified,Five or more apartments,Residential,0500,1987,93,78,93,55726,2025,2860000,21390000,,208373,2025,2025,16429375,13245,LOS ANGELES,33.74101739,-118.28695419,LOT A P M 179-44-45 AND E 130 FT OF LOT 2 BLK 4 TOWN OF SAN PEDRO,
27,4291019007,,4291-019-007,1428 6TH ST SANTA MONICA CA 90401,SANTA MONICA CA,90401-2592,"1422-1428 6th St., Santa Monica, CA",Santa Monica Portfolio A Apartments,,manual_verified_multi,Five or more apartments,Residential,0500,1998,24,30,36,20272,2025,2850000,5670000,,,2025,2025,1937646,08004,SANTA MONICA,34.01710974,-118.49280636,SANTA MON1CA LOT    F BLK  169,Multi-parcel (2)
27,4291019006,,4291-019-006,1422 6TH ST SANTA MONICA CA 90401,SANTA MONICA CA,90401-2542,"1422-1428 6th St., Santa Monica, CA",Santa Monica Portfolio A Apartments,,manual_verified_multi,Store Combination,Commercial,1210,1997,28,26,28,20618,2025,2850000,5800000,,,2025,2025,2125161,08004,SANTA MONICA,34.01720822,-118.49292135,SANTA MON1CA LOT    E BLK  169,Multi-parcel (2)
29,4291020018,,4291-020-018,1425 6TH ST SANTA MONICA CA 90401,SANTA MONICA CA,90401-2558,"1423-1425 6th, Santa Monica, CA",Santa Monica Portfolio C Apartments,,manual_verified_multi,Five or more apartments,Residential,0500,1998,24,33,30,20100,2025,6300000,4150000,,,2025,2025,5443405,08004,SANTA MONICA,34.01755051,-118.49226262,SANTA MON1CA LOT    S BLK  168,Multi-parcel (2)
29,4291020019,,4291-020-019,1423 6TH ST SANTA MONICA CA 90401,SANTA MONICA CA,90401-2593,"1423-1425 6th, Santa Monica, CA",Santa Monica Portfolio C Apartments,,manual_verified_multi,Five or more apartments,Residential,0500,1998,24,0,0,20100,2025,6300000,4150000,,,2025,2025,5443405,08004,SANTA MONICA,34.01764902,-118.49237759,SANTA MON1CA LOT    T BLK  168,Multi-parcel (2)
39,6005021032,,6005-021-032,6200 S BROADWAY LOS ANGELES CA 90003,LOS ANGELES CA,90003-1430,"6200 S Broadway, Los Angeles, CA",6200 S. Broadway Apartments,,manual_verified,Commercial,Commercial,100V,2012,1,0,1,1488,2025,1326510,0,,,2023,2023,0,06659,LOS ANGELES,33.98309442,-118.277933,WALTERS' MAIN ST AND MONETA AVE TRACT NO 2 EX OF ST LOTS 181 AND LOT  182,
40,5021009036,,5021-009-036,4238 S WESTERN AVE LOS ANGELES CA 90062,LOS ANGELES CA,90062-1642,"4228 Western Avenue, Los Angeles, CA",4228 Western Ave. Apartments,,manual_verified,Stores,Commercial,1100,2024,68,76,76,40081,2025,17790840,0,,,2023,2023,0,00212,LOS ANGELES,34.00635241,-118.30856925,"DARTMOUTH SQUARE LOTS 7, 8 AND 9",
37,5183013023,5183013001,5183-013-023,,,,"2330 E. 3rd Street, Los Angeles, CA",2330 E. 3rd Street Apartments,,parcel_in_transition,(pending),,,,,,,,,,,,,,,,,LOS ANGELES,34.04134208,-118.21155602,,Legacy AIN 5183013001 consolidated to 5183013023
41,5020025039,,5020-025-039,4301 S VERMONT AVE LOS ANGELES CA 90037,LOS ANGELES CA,90037-2411,"4327 S Vermont, Los Angeles, CA",4327 S. Vermont Apartments,,manual_verified,Stores,Commercial,1100,1968,11,0,0,10486,2025,3529071,190487,,,2023,2023,0,06660,LOS ANGELES,34.00491555,-118.29205355,P.M.6-70 LOT B,
42,6083001009,,6083-001-009,110 E IMPERIAL HWY LOS ANGELES CA 90061,LOS ANGELES CA,90061-2543,"110 Imperial Highway, Los Angeles, CA",2023 Imperial Apartments,,manual_verified,Lgt Manf.Sm. EQPT. Manuf Sm.Shps Instr.Manuf. Prnt Plnts,Industrial,3100,1951,0,0,0,7675,2025,213261,216103,,,2004,2004,0,06654,LOS ANGELES,33.93076254,-118.27311366,TRACT NO 3598 LOT COM AT MOST S COR OF LOT 9 TH N 54 DEG 17 M1N 2O SEC W 145.46 FT TH N ON A CURVE CONCAVE TO E RAD1US EQUALS 4O FT 37.51 FT TH N 44 DEG 38 M1N 56 SEC E 11.31 FT TH N 89 DEG 38 M1N 56 SEC E 126.42 FT TH S O DEG 33 M1N 3O SEC E 126.89 FT TO BEG PART OF LOT    9,
46,5109003014,,5109-003-014,4752 S MAIN ST LOS ANGELES CA 90037,LOS ANGELES CA,90037-3251,"4752 Main St, Los Angeles, CA 90037",4752 Main Street Apartments,,manual_verified_multi,Parking Lots (Commercial Use Properties),Commercial,2700,1955,1,0,0,5400,2025,599666,1081,,,2021,2021,0,06659,LOS ANGELES,33.99975865,-118.27360606,TRACT # 2816 LOT    1,Multi-parcel (2)
46,5109003001,,5109-003-001,4760 S MAIN ST LOS ANGELES CA 90037,LOS ANGELES CA,90037-3251,"4752 Main St, Los Angeles, CA 90037",4752 Main Street Apartments,,manual_verified_multi,Parking Lots (Commercial Use Properties),Commercial,2700,1955,1,0,0,5625,2025,697085,1081,,,2021,2021,0,06659,LOS ANGELES,33.99994304,-118.27370905,LINN HOME TRACT W 75 FT OF LOTS 1 AND LOT    2,Multi-parcel (2)
61,6087002036,,6087-002-036,11422 S BROADWAY LOS ANGELES CA 90061,LOS ANGELES CA,90061-1833,"11422 S Broadway, Los Angeles, CA 90061",11422 Broadway Apartments,,manual_verified,"Warehousing, Distribution, Storage",Industrial,33T0,1917,0,0,0,10608,2025,2382411,468180,,,2023,2023,0,06654,LOS ANGELES,33.93033691,-118.27760877,TR=3039 EX OF ST LOTS 23 THRU 29 AND POR OF LOT C BLK 20,
62,5049009082,,5049-009-082,, , ,"2533 S Mansfield Ave, Los Angeles, CA 90016",Mansfield Micro Apartments,,manual_verified,Single,Residential,010V,,,,,,2025,2065837,0,,,2017,2017,0,00401,LOS ANGELES,34.03322648,-118.35192845,"TR=1566 EX ALLEYS LOT 81, EX ST LOTS 82, 83, EX ST AND ALLEY LOTS 84 AND 85",
64,5160009020,,5160-009-020,333 DOUGLAS ST LOS ANGELES CA 90026,LOS ANGELES CA,90026-5632,"333 Douglas St, Los Angeles, CA",333 Douglas Apartments,,manual_verified,Single,Residential,0100,1906,1,2,1,858,2025,1040400,104040,,,2023,2023,0,00067,LOS ANGELES,34.0657437,-118.2579405,"L A IMP COS SUB OF PARTS OF LOTS 2,3,7 AND 8 BLK 39 H S LOT   34 BLK   15",
66,5092023021,,5092-023-021,920 S GRAMERCY PL LOS ANGELES CA 90019,LOS ANGELES CA,90019-2141,"920 S. Gramercy Place, Los Angeles, CA",The Eaves Apartments,,manual_verified,Five or more apartments,Residential,0550,2024,13,42,46,20594,2025,999261,6803400,,,2017,2024,0,00067,LOS ANGELES,34.05514057,-118.31289902,COUNTRY CLUB PARK LOT   11 BLK    8,
76,5036031006,,5036-031-006,1451 W MARTIN LUTHER KING JR BLVD LOS ANGELES CA 90062,LOS ANGELES CA,90062-1224,"1451 W. MLK Blvd, Los Angeles, CA",1451 W. MLK Boulevard Apartments,,manual_verified,"Restaurants, Cocktail Lounges",Commercial,2110,1948,0,0,0,1032,2025,1564113,5412,,,2021,2021,0,00210,LOS ANGELES,34.01108187,-118.30202644,DALTON AVENUE SQUARE LOT 34 AND EX OF ST LOT   35,
73,5159020026,5159020011-015,5159-020-026,, , ,"1540 W Court St, Los Angeles, CA 90026",1540 W Court Apartments,,parcel_in_transition,(pending),Residential,040V,1890,2,4,2,2957,,,,,,0000,0000,,00067,LOS ANGELES,34.06620778,-118.26124941,GLASSELL'S SUB OF LOT # 7 ETC BLOCK 39 HANCOCK SURVEY # 1 LOT 11 THRU 15 BLK G,Legacy AIN 5159020011-015 consolidated to 5159020026
73,5159020010,,5159-020-010,1526 W COURT ST LOS ANGELES CA 90026,LOS ANGELES CA,90026-5510,"1540 W Court St, Los Angeles, CA 90026",1540 W Court Apartments,,manual_verified_multi,Single,Residential,0100,1910,1,3,1,764,2025,133729,45953,,,2003,2003,0,00067,LOS ANGELES,34.06613047,-118.26116567,GLASSELL'S SUB OF LOT # 7 ETC BLOCK 39 HANCOCK SURVEY # 1 LOT   10 BLK    G,Multi-parcel (7)
73,5159020009,,5159-020-009,1520 W COURT ST LOS ANGELES CA 90026,LOS ANGELES CA,90026-5510,"1540 W Court St, Los Angeles, CA 90026",1540 W Court Apartments,,manual_verified_multi,Single,Residential,0100,1923,1,2,2,876,2025,90595,118474,,,2005,2005,0,00067,LOS ANGELES,34.06604793,-118.26108758,GLASSELL'S SUB OF LOT # 7 ETC BLOCK 39 HANCOCK SURVEY # 1 LOT    9 BLK    G,Multi-parcel (7)
77,6083010040,6083010038,6083-010-040,,,,"11630 Main St, Los Angeles, CA 90061",11630 S. Main Street Apartments,,parcel_in_transition,(pending),,,,,,,,,,,,,,,,,LOS ANGELES,33.92890665,-118.27353883,,Legacy AIN 6083010038 consolidated to 6083010040
81,6011008052,,6011-008-052,325 E FLORENCE AVE LOS ANGELES CA 90003,LOS ANGELES CA,90003-2259,"321 E. Florence Ave, Los Angeles, CA ",321 E. Florence Apartments,,manual_verified,Five or more apartments,Residential,0555,2023,31,28,31,18794,2025,635844,5325057,,,2019,2023,0,06659,LOS ANGELES,33.97496923,-118.26870178,TR=2395 EX OF ST LOTS 29 AND 30 BLK 3,
82,6048022067,,6048-022-067,9300 COMPTON AVE XX LOS ANGELES CA 90002,LOS ANGELES CA,90002-2324,"9300 Compton Ave., Los Angeles, CA",9300 Compton Ave. Apartments,,manual_verified,Single,Residential,010V,,,,,,2025,595337,0,,,2021,2021,0,00460,LOS ANGELES,33.95230524,-118.24563049,BOSSHARD TRACT 1/2 VAC ALLEY ADJ ON E AND (EX OF ST) LOT 34,
87,5501013028,,5501-013-028,209 S WESTMORELAND AVE LOS ANGELES CA 90004,LOS ANGELES CA,90004-6109,"209 Westmoreland Ave, Los Angeles, CA 90004",Chadwick Apartments,,manual_verified,Five or more apartments,Residential,0501,1968,0,0,0,24900,2025,64541298,64541298,,1118200,2010,2010,0,00067,LOS ANGELES,34.07069507,-118.28843033,"LOT (EX OF ST) COM AT SW COR OF LOT 110 FOREST PARK SUB NO 1 TH S 89¢49' W 233.68 FT TH S 0¢18' E 524.7 FT TH N 86¢29'35"" W 180.42 FT TH N 0¢18' W 432.77 FT TH S 89¢52'15"" W TO NE LINE OF JUANITA AVE TH NW THEREON 61.7 FT TH N 89¢36'30"" E 45.9 FT TH N 0¢22'50"" W 380.07 FT TH N 89¢03'10"" E TO W LINE OF SD TR TH S THEREON 369.85 FT TO BEG PART OF NW 1/4 OF SEC   19 T   1S R 13W",
88,2695003030,2695003001,2695-003-030,,LOS ANGELES CA,91344-5727,"17188 Chatsworth St., Los Angeles, CA",Chatsworth Apartments,,parcel_in_transition,(pending),Residential,0100,1958,1,2,1,756,2025,600000,250000,,,2025,2025,0,00016,LOS ANGELES,34.2644934,-118.50847655,TR=10126 LOTS 13 AND 14,Legacy AIN 2695003001 consolidated to 2695003030
90,8630009026,,8630-009-026,18615 E ARROW HWY AZUSA CA 91722,AZUSA CA,91722-1828,"18615 E Arrow Hwy, Covina, CA 91722",Pacific Trails Apartments,,manual_verified,Five or more apartments,Residential,0501,1977,82,0,0,57438,2025,14501745,7362423,,2300,2019,2019,0,03122,AZUSA,34.10774298,-117.88763744,*E 231 FT OF W 907.02 FT OF S 1/2 OF SW 1/4 OF SW 1/4 (EX OF ST) OF SEC    1 T   1S R 10W,
91,2421011010,,2421-011-010,10910 HUSTON ST LOS ANGELES CA 91601,LOS ANGELES CA,91601-4618,"10910 Huston St, North Hollywood, CA 91601",Huston Affordable Housing Apartments,,manual_verified,Single,Residential,0100,1929,1,2,1,1184,2025,1265310,152490,,,2024,2024,0,00013,LOS ANGELES,34.15965567,-118.36844507,TRACT NO 6O88 LOT   11,
99,4262018026,,4262-018-026,1734 S BARRINGTON AVE LOS ANGELES CA 90025,LOS ANGELES CA,90025-4010,"1734 S. Barrington Ave., Los Angeles, CA, 90025",Passo Barrington Apartments,,manual_verified,Three Units (Any Combination),Residential,0300,1950,3,6,3,2393,2025,1500000,725000,,,2025,2025,0,00067,LOS ANGELES,34.04060906,-118.45291067,LINDSEY ADDITION SE 50 FT OF NW 73 FT OF SW 147.5 FT OF LOT    4 BLK   15,
100,4231018020,,4231-018-020,4129 S CENTINELA AVE LOS ANGELES CA 90066,LOS ANGELES CA,90066-4908,"4129 Centinela Avenue, Los Angeles, CA 90066",Passo Centinela I Apartments,,manual_verified,Stores,Commercial,1100,1949,0,0,0,600,2025,1630000,0,,,2025,2025,0,00067,LOS ANGELES,33.99620301,-118.42798374,TRACT # 7358 LOTS 99 AND LOT  100,
101,4221007056,,4221-007-056,4706 S CENTINELA AVE LOS ANGELES CA 90066,LOS ANGELES CA,90066-6818,"4706 Centinela Avenue, Los Angeles, CA 90066",Passo Centinela II Apartments,,manual_verified,Five or more apartments,Residential,0500,,,,,,2025,2190000,0,,,2025,2025,0,00067,LOS ANGELES,33.99036746,-118.41963894,"TR=7428 LOTS 171,172 AND EX OF ALLEY LOT 173",
102,4262016011,,4262-016-011,1747 STONER AVE LOS ANGELES CA 90025,LOS ANGELES CA,90025-1812,"1747 Stoner Avenue, Los Angeles, CA 90025",Passo Stoner Apartments,,manual_verified,Three Units (Any Combination),Residential,0300,1927,1,0,0,987,2025,1745000,100000,,,2025,2025,0,00067,LOS ANGELES,34.0394714,-118.45421535,TRACT # 6180 LOT   11,
104,5518008009,,5518-008-009,247 S ALEXANDRIA AVE LOS ANGELES CA 90004,LOS ANGELES CA,90004-5549,"247 S. Alexandria Avenue, Los Angeles, CA",Alexandria I Apartments,,manual_verified,Five or more apartments,Residential,0500,1925,27,6,27,15789,2025,3183624,1273449,,,2022,2022,0,08830,LOS ANGELES,34.06978684,-118.29825809,KINGSBORO LOT   38,
109,5094021028,,5094-021-028,932 IROLO ST LOS ANGELES CA 90006,LOS ANGELES CA,90006-1371,"832 Irolo Street, Los Angeles, CA",Irolo Apartments,,manual_verified,Five or more apartments,Residential,0500,1927,32,8,32,18400,2025,4874458,2321170,,10124,2017,2017,0,06657,LOS ANGELES,34.05477834,-118.30056061,WILSHIRE HARVARD HEIGHTS LOT  366,
111,5503015016,,5503-015-016,426 S MANHATTAN PL LOS ANGELES CA 90020,LOS ANGELES CA,90020-4140,"426 S. Manhattan Place, Los Angeles, CA",Manhattan III Apartments,,manual_verified,Five or more apartments,Residential,0500,1928,40,0,41,24120,2025,4828496,2069355,,12000,2022,2022,0,06657,LOS ANGELES,34.06631529,-118.3099889,WESTMINISTER SQUARE EX OF ALLEY LOT   90,
112,5518008014,,5518-008-014,260 S MARIPOSA AVE LOS ANGELES CA 90004,LOS ANGELES CA,90004-5470,"260 S. Mariposa Avenue, Los Angeles, CA",Mariposa II Apartments,,manual_verified,Five or more apartments,Residential,0500,1927,40,18,40,21640,2025,5412160,2976688,,10174,2021,2021,0,08830,LOS ANGELES,34.06944146,-118.2987431,TRACT # 200 N 25 FT OF LOT 44 AND S 25 FT OF LOT   45,
113,5094004004,,5094-004-004,739 S NORMANDIE AVE LOS ANGELES CA 90005,LOS ANGELES CA,90005-2270,"739 S. Normandie Avenue, Los Angeles, CA",Normandie Apartments,,manual_verified,Five or more apartments,Residential,0500,1927,32,8,32,22394,2025,3329280,1664640,,24145,2023,2023,0,06657,LOS ANGELES,34.05857098,-118.30014212,TRACT # 7502 LOT   38,
116,5080015003,,5080-015-003,960 S OXFORD AVE LOS ANGELES CA 90006,LOS ANGELES CA,90006-1164,"960 S. Oxford Avenue, Los Angeles, CA",Oxford III Apartments,,manual_verified,Five or more apartments,Residential,0500,1923,73,0,73,48549,2025,9882605,4324315,,86400,2021,2021,0,06657,LOS ANGELES,34.05373902,-118.30709805,"LEWIS HEIGHTS LOTS 15,16 AND 17 AND LOT COM AT SW COR OF LOT 14 TH N 0¢06' W 12 FT TH N 89¢44' E 92.43 MORE OR LESS FT TH S 0¢02' E 12 FT TO S LINE OF SD LOT TH W THEREON 92.41 FT TO BEG PART OF LOT   14",
119,5503017013,,5503-017-013,516 S ST ANDREWS PL LOS ANGELES CA 90020,LOS ANGELES CA,90020-4462,"516 S. St. Andrews Place, Los Angeles, CA 90020",St. Andrews II Apartments,,manual_verified,Five or more apartments,Residential,0556,1928,59,59,59,39552,2025,748151,13461423,,53100,2022,2022,0,06657,LOS ANGELES,34.06483047,-118.31121175,WESTMINSTER PLACE LOT   13 BLK    B,
121,5518013024,,5518-013-024,130 S ALEXANDRIA AVE LOS ANGELES CA 90004,LOS ANGELES CA,90004-2791,"130 S. Alexandria Avenue, Los Angeles, CA",Alexandria II Apartments,,manual_verified,Five or more apartments,Residential,0500,1990,30,60,60,41181,2025,10054945,3687697,,,2022,2022,0,08830,LOS ANGELES,34.07169687,-118.29809817,TR=68920 LOT 1,
127,5094006003,,5094-006-003,750 S MARIPOSA AVE LOS ANGELES CA 90005,LOS ANGELES CA,90005-2039,"750-752 S. Mariposa Avenue, Los Angeles, CA",Mariposa III Apartments,,manual_verified,Five or more apartments,Residential,0500,1925,23,40,23,23352,2025,4849720,1697932,,6600,2022,2022,0,06657,LOS ANGELES,34.05825149,-118.29839004,TRACT # 7502 LOT    3,
129,5517005016,,5517-005-016,207 N OXFORD AVE LOS ANGELES CA 90004,LOS ANGELES CA,90004-4230,"207 S. Oxford Avenue, Los Angeles, CA",Oxford II Apartments,,manual_verified,Five or more apartments,Residential,0500,1927,32,25,32,21880,2025,4516755,1935751,,31961,2020,2020,0,06657,LOS ANGELES,34.07554201,-118.30830232,"*LAND DESC IN DOC 0169384, 77-2-16 *POR OF SEC 24 T 1S R 14W AND*TR=ONE *POR OF LOT  21 BLK 1",
134,6063029029,,6063-029-029,10705 AVALON BLVD LOS ANGELES CA 90061,LOS ANGELES CA,90061-2521,"10705 Avalon Blvd, Los Angeles, CA",10705 Avalon Blvd Apartments,,manual_verified,Stores,Commercial,1100,1924,0,0,0,2160,2025,936360,0,,,2023,2023,936360,00461,LOS ANGELES,33.93900434,-118.26552112,TR=5745 LOTS 481 AND 482,
135,5518026004,,5518-026-004,236 N BERENDO ST LOS ANGELES CA 90004,LOS ANGELES CA,90004-4704,"236 N. Berendo Street., Los Angeles, CA",236 Berendo Apartments,,manual_verified,Single,Residential,0100,1920,1,3,1,1706,2025,1020000,367200,,,2024,2024,0,08830,LOS ANGELES,34.0755716,-118.29381345,TRACT # 3247 LOT   77,
137,2125017014,,2125-017-014,18337 KITTRIDGE ST LOS ANGELES CA 91335,LOS ANGELES CA,91335-6108,"18337 Kittridge St, Reseda, CA 91335",Kittridge Affordable Housing Apartments,,manual_verified,Single,Residential,0100,1946,1,2,1,960,2025,864144,79356,,,2024,2024,0,08852,LOS ANGELES,34.19051576,-118.53307791,TRACT # 1875 E 61.5 FT OF W 123.20 FT OF S 150 FT OF LOT  169,
142,4125011053,4125011010,4125-011-053,,LOS ANGELES CA,90045-4633,"9033 Ramsgate Avenue, Westchester, CA",9033 Ramsgate Apartments,,parcel_in_transition,(pending),Residential,0400,1950,4,4,4,2948,,,,,,0000,0000,,00068,LOS ANGELES,33.95431377,-118.38296448,"TR=15283 LOTS 34, 35 AND 36",Legacy AIN 4125011010 consolidated to 4125011053
146,6022014002,,6022-014-002,7655 S SAN PEDRO ST LOS ANGELES CA 90003,LOS ANGELES CA,90003-2347,"7655 S San Pedro St, Los Angeles, CA 90003",San Pedro Apartments,,manual_verified,Store Combination,Commercial,1210,1934,0,0,0,1790,2025,800000,0,,,2025,2025,0,00007,LOS ANGELES,33.9701724,-118.26987591,TRACT NO 1889 EX OF ALLEY LOTS 152 AND LOT  153,
150,5094004007,,5094-004-007,715 S NORMANDIE AVE LOS ANGELES CA 90005,LOS ANGELES CA,90005-2267,"715 Normandie Ave, Los Angeles, CA 90005",Langham Apartments,,manual_verified,Five or more apartments,Residential,0551,1927,181,57,99,132210,2025,1079080,4752233,,114641,2002,2002,0,06657,LOS ANGELES,34.05931282,-118.30014436,LOT COM AT SW COR OF 7 ST 80 FT WIDE AND NORMANDIE AVE TH W ON S LINE OF SD ST 125.48 FT TH S 0¢05' E 220 FT TH E TO W LINE OF NORMANDIE AVE TH N THEREON 220 FT TO BEG PART OF NE 1/4 OF SEC   25 T   1S R 14W,
10,6020022027,6020022025,6020-022-027,,,,"7518 S. Hoover, Los Angeles, CA 90044",7518 Hoover St. Apartments,,parcel_in_transition,(pending),,,,,,,,,,,,,,,,,LOS ANGELES,33.97101635,-118.28678824,,Multi-parcel (2). AIN not in DB.
15,5547013021,,5547-013-021,6762 HAWTHORN AVE LOS ANGELES CA 90028,LOS ANGELES CA,90028-6108,"6762 Hawthorn Ave, Los Angeles, CA 90028",Premiere Hollywood Apartments,,manual_verified,Five or more apartments,Residential,0500,2022,69,0,69,34696,2025,4462074,4244683,,,2021,2022,0,00200,LOS ANGELES,34.10040297,-118.33729303,G F STEVENSON TR LOT 13,
17,5024017036,,5024-017-036,4252 S CRENSHAW BLVD LOS ANGELES CA 90008,LOS ANGELES CA,90008,4252 S CRENSHAW BLVD LOS ANGELES CA 90008,4252 Crenshaw Apartments,,manual_verified,Five or more apartments,Residential,0504,2019,111,99,99,49252,2025,4167019,22747841,,,2019,2020,26914860,08841,LOS ANGELES,34.00645295,-118.33415945,"TR=10023 LOTS 93, 94, 95, 96, 97 AND 98",
22,6320011041,,6320-011-041,2701 RANDOLPH ST HUNTINGTON PARK CA 90255,HUNTINGTON PARK CA,90255-3076,"2701 Randolph St., Huntington Park, CA",Seville Gardens Apartments,,manual_verified,Five or more apartments,Residential,0550,1989,255,0,0,121632,2025,6885000,27540000,,115259,2024,2024,31825913,00594,HUNTINGTON PARK,33.98550033,-118.22198948,TR=45269 LOT 1,
23,7418014021,,7418-014-021,445 N AVALON BLVD LOS ANGELES CA 90744,LOS ANGELES CA,90744-5803,"445 N. Avalon Boulevard, Los Angeles, CA",Harbour Residences Apartments,,manual_verified,Stores,Commercial,1100,,,,,,2025,3203998,5695680,,,2021,2024,0,00400,LOS ANGELES,33.77535388,-118.26245313,WILMINGTON RANGE 5 EX OF ST LOT 2 AND ALL OF LOT 6 BLK 12,
25,5020017007,,5020-017-007,1130 W MARTIN LUTHER KING JR BLVD LOS ANGELES CA 90037,LOS ANGELES CA,90037-1810,"1130 W Martin Luther King Jr Blvd, Los Angeles, CA 90037",1130 Martin Luther King Jr. Blvd Apartments,,manual_verified,Store Combination,Commercial,1210,2021,29,22,29,15451,2025,9155520,3641400,,,2023,2023,12776081,00212,LOS ANGELES,34.01052374,-118.29526244,WEST PARK TRACT NO 2 LOT   10 BLK    G,
38,2321001019,,2321-001-019,12300 SHERMAN WAY LOS ANGELES CA 91605,LOS ANGELES CA,91605-5527,"12300 Sherman Way, North Hollywood, CA 91605",Marquee Apartments,,manual_verified,Five or more apartments,Residential,0501,1965,236,99,99,135223,2025,29800000,14000000,,106200,2025,2025,0,00013,LOS ANGELES,34.19994479,-118.40139209,"LOT COM AT SW COR OF LOT 1 TR NO 28781 TH N 89¢56'39"" W TO SE LINE OF HOLLYWOOD FRWY TH NE THEREON TO W LINE OF SD LOT TH N AND FOLLOWING BDRY LINE OF SD LOT TO BEG   ALL OF LOT 1 TRACT NO 28781 AND PART OF LOT 7 TRACT NO 2514 AND PART OF LOT 14 TRACT NO 2198",
44,5180001024,5180001013,5180-001-024,,,,"228 N Soto Street, Los Angeles, CA",Soto Apartments,,parcel_in_transition,(pending),,,,,,,,,,,,,,,,,LOS ANGELES,34.04586647,-118.2079048,,Legacy AIN 5180001013 consolidated to 5180001024
55,5409005030,,5409-005-030,1457 N MAIN ST LOS ANGELES CA 90012,LOS ANGELES CA,90012-1914,"1457 N Main St, Los Angeles, CA 90012",1457 Main Street Apartments,,manual_verified,Food Processing Plants,Industrial,3420,,,,,,2025,13753255,3540000,,,2022,2025,16976485,00004,LOS ANGELES,34.06590217,-118.23009531,POR OF NEW DEPOT TR AND POR OF TR=3669 AND POR TR=10388 AND POR MR 2-504-505,
58,3004004033,,3004-004-033,38441 5TH ST W PALMDALE CA 93551,PALMDALE CA,93551-4262,"38441 5th St W, Palmdale, CA 93551",Chaparral Apartments,,manual_verified,Five or more apartments,Residential,0501,1987,296,99,99,207582,2025,1997155,12705410,,,1994,1994,4371074,02241,PALMDALE,34.58077104,-118.14079808,S 1/2 OF SE 1/4 OF NW 1/4 EX OF STS OF SEC 27 T6N R12W,
79,6070003041,6070003038,6070-003-041,,,,"10811 S. Compton Avenue, Los Angeles, CA",10811 S. Compton Ave Apartments,,parcel_in_transition,(pending),,,,,,,,,,,,,,,,,LOS ANGELES,33.93740358,-118.24659786,,Legacy AIN 6070003038 consolidated to 6070003041
83,6006018001,,6006-018-001,6401 AVALON BLVD LOS ANGELES CA 90003,LOS ANGELES CA,90003-1607,"6401 S. Avalon Blvd., Los Angeles, CA",6401 S. Avalon Blvd. Apartments,,manual_verified,Commercial,Commercial,100V,,,,,,2025,426520,0,,,2020,2020,0,06659,LOS ANGELES,33.98138241,-118.26552017,THE MCCARTHY COMPANY'S GREATER LOS ANGELES TRACT LOT    1 BLK    9,
84,6048004025,,6048-004-025,9515 COMPTON AVE LOS ANGELES CA 90002,LOS ANGELES CA,90002-2330,"9515 Compton Avenue, Los Angeles, CA",9515 Compton Ave. Apartments,,manual_verified,Five or more apartments,Residential,0500,,,,,,2025,655092,697301,,,2020,2021,0,00460,LOS ANGELES,33.95022837,-118.24653208,F1RTHS BLVD TR S 5O FT OF LOT   56,
86,7451026002,,7451-026-002,685 W 4TH ST LOS ANGELES CA 90731,LOS ANGELES CA,90731-2515,"685 W. 4th St., Los Angeles, CA ",685 W. 4th St Apartments,,manual_verified,Five or more apartments,Residential,0500,2024,28,28,28,9918,2025,595337,2407000,,,2021,2025,0,13245,LOS ANGELES,33.74032988,-118.29200537,ARCADIA PARK TRACT LOT    2 BLK   10,
92,8576001024,,8576-001-024,4608 ARDEN WAY EL MONTE CA 91731,EL MONTE CA,91731-1287,"4640 Arden Way, El Monte, CA 91731",The Parker Apartments,,manual_verified,Five or more apartments,Residential,0500,1963,63,0,0,38670,2025,13832435,31171373,,146710,2019,2019,0,03622,EL MONTE,34.08987818,-118.04105385,RANCHO SAN FRANCISQUITO 4.25 MORE OR LESS ACS COM AT MOST W COR OF LOT 55 TRACT NO 20457 TH NE ON NW LINE OF SD TR TO S LINE OF MULHALL ST TH W THEREON AND SW ON SE LINE OF ARDEN WAY TO NW PROLONGATION OF SW LINE OF SD TR TH SE THEREON TO NE LINE OF EMERY ST TH SE AND FOLLOWING SD EMERY ST TO BEG,
105,5093017031,,5093-017-031,808 S HOBART BLVD LOS ANGELES CA 90005,LOS ANGELES CA,90005-2777,"808 S. Hobart Boulevard, Los Angeles, CA",Ashby Apartments,,manual_verified,Five or more apartments,Residential,055G,1930,49,10,49,36925,2025,4784000,3200000,,,2021,2021,0,06657,LOS ANGELES,34.05741521,-118.30495473,POR OF N 1/2 OF SEC 25 T 15 R 14W AND LOT 203 TR=2189,
115,5080008006,,5080-008-006,975 S OXFORD AVE LOS ANGELES CA 90006,LOS ANGELES CA,90006-1167,"975-985 S. Oxford Avenue, Los Angeles, CA",Oxford I Apartments,,manual_verified_multi,Five or more apartments,Residential,0500,1922,20,0,20,8068,2025,2652090,768831,,5200,2020,2020,0,06657,LOS ANGELES,34.05339008,-118.30777259,"TRACT # 4867 LOT COM AT NE COR OF LOT 12 TH S 0¢06' E 55.19 FT TH S 89¢43' W 123 FT TH N 0¢06' W TO N LINE OF LOT 10 TH N 89¢43' E 123 FT TO BEG PART OF LOTS 10,11 AND LOT   12",Multi-parcel (3)
115,5080008007,,5080-008-007,979 S OXFORD AVE LOS ANGELES CA 90006,LOS ANGELES CA,90006-1165,"975-985 S. Oxford Avenue, Los Angeles, CA",Oxford I Apartments,,manual_verified_multi,Five or more apartments,Residential,0500,1920,20,0,20,8068,2025,2652090,883663,,5200,2020,2020,0,06657,LOS ANGELES,34.05324556,-118.30777207,TRACT # 4867 N 50 FT OF S 100 FT OF E 3 FT OF LOT 10 AND N 50 FT OF S 100 FT OF LOTS 11 AND LOT   12,Multi-parcel (3)
115,5080008008,,5080-008-008,985 S OXFORD AVE LOS ANGELES CA 90006,LOS ANGELES CA,90006-1166,"975-985 S. Oxford Avenue, Los Angeles, CA",Oxford I Apartments,,manual_verified_multi,Five or more apartments,Residential,0500,1922,20,0,20,8068,2025,2652090,884758,,5200,2020,2020,0,06657,LOS ANGELES,34.05310817,-118.30777157,TRACT # 4867 S 50 FT OF E 3 FT OF LOT 10 AND S 50 FT OF LOTS 11 AND LOT   12,Multi-parcel (3)
118,5504029006,,5504-029-006,515 S ST ANDREWS PL LOS ANGELES CA 90020,LOS ANGELES CA,90020-4470,"515 S. St. Andrews Place, Los Angeles, CA 90020",St. Andrews I Apartments,,manual_verified,Five or more apartments,Residential,0501,1957,40,36,47,26031,2025,6494592,3517904,,12060,2021,2021,0,06657,LOS ANGELES,34.06483036,-118.31195492,"WESTMINSTER PLACE LOTS 7,8 AND LOT    9 BLK    C",
125,5503024012,,5503-024-012,530 S KINGSLEY DR LOS ANGELES CA 90020,LOS ANGELES CA,90020-3541,"530 Kingsley Drive, Los Angeles, CA",Kingsley Apartments,,manual_verified,Five or more apartments,Residential,0500,1930,44,9,44,31575,2025,6367248,4149323,,22500,2022,2022,0,06657,LOS ANGELES,34.06454281,-118.30247205,WELLINGTON PLACE LOT   48,
128,5502019004,,5502-019-004,520 S MARIPOSA AVE LOS ANGELES CA 90020,LOS ANGELES CA,90020-2859,"520 S. Mariposa Avenue, Los Angeles, CA",Mariposa IV Apartments,,manual_verified,Five or more apartments,Residential,0500,1928,48,6,48,28472,2025,9879846,1591812,,14400,2022,2022,0,06657,LOS ANGELES,34.06444204,-118.29881977,CHAPMAN PARK TRACT # 2 LOT 6 AND S 10 FT OF LOT    7 BLK    A,
148,4276017047,,4276-017-047,2424 WILSHIRE BLVD SANTA MONICA CA 90403,SANTA MONICA CA,90403-5806,"2424 Wilshire Blvd, Los Angeles, CA 90057",Park Wilshire Apartments,,manual_verified,Office Buildings,Commercial,1700,1948,0,0,0,3676,2025,2888923,565219,,,2012,2012,0,08604,SANTA MONICA,34.03432369,-118.47895739,CHELSEA GREEN LOTS 6 AND LOT    7 BLK    5,
149,5093010009,,5093-010-009,841 S SERRANO AVE LOS ANGELES CA 90005,LOS ANGELES CA,90005-2730,"841 S Serrano Ave, Los Angeles, CA 90005",Sir Francis Drake Villa Apartments,,manual_verified,Five or more apartments,Residential,0550,1929,62,0,0,49243,2025,1092459,3465756,,33550,2001,2001,0,06657,LOS ANGELES,34.0564771,-118.30694704,TRACT # 2189 LOTS 106 AND LOT  107,
153,7075020011,,7075-020-011,12100 226TH ST HAWAIIAN GARDNS CA 90716,HAWAIIAN GARDNS CA,90716-1501,"12100 226th St, Hawaiian Gardens, CA 90716",Hawaiian Terrace Senior Apartments,,manual_verified_multi,Five or more apartments,Residential,0500,1990,100,0,0,86449,2025,5624402,13795704,,52500,2022,2022,0,02525,HAWAIIAN GARDENS,33.82378543,-118.07363673,O R M 7425-20-21 POR OF SW 1/4 OF SEC 18 T 4S R 11W,Multi-parcel (2)
153,7075020012,,7075-020-012,12100 226TH ST HAWAIIAN GARDENS CA 90716,HAWAIIAN GARDENS CA,90716-1501,"12100 226th St, Hawaiian Gardens, CA 90716",Hawaiian Terrace Senior Apartments,,manual_verified_multi,Five or more apartments,Residential,050V,,,,,,2025,3926469,0,,55500,2022,2022,0,02519,HAWAIIAN GARDENS,33.82354879,-118.07364078,O R M 7425-20-21 POR OF SW 14 OF SEC 18 T 4S R 11W,Multi-parcel (2)
36,4025014001,,4025-014-001,9301 CRENSHAW BLVD INGLEWOOD CA 90305,INGLEWOOD CA,90305-2943,"9301 – 9609 Crenshaw Blvd, Inglewood, CA",Stadium Village Apartments,,manual_verified_multi,Four Units (Any Combination),Residential,0400,1955,4,8,4,4073,2025,770000,575000,,,2025,2025,0,04569,INGLEWOOD,33.9521166,-118.32697547,TRACT NO 16139 LOT    1,Multi-parcel (20)
36,4025014002,,4025-014-002,9309 CRENSHAW BLVD INGLEWOOD CA 90305,INGLEWOOD CA,90305-2951,"9301 – 9609 Crenshaw Blvd, Inglewood, CA",Stadium Village Apartments,,manual_verified_multi,Four Units (Any Combination),Residential,0400,1955,4,8,4,4072,2025,770000,575000,,,2025,2025,0,04569,INGLEWOOD,33.95194519,-118.32697407,TRACT NO 16139 LOT    2,Multi-parcel (20)
36,4025014003,,4025-014-003,9317 CRENSHAW BLVD INGLEWOOD CA 90305,INGLEWOOD CA,90305-2959,"9301 – 9609 Crenshaw Blvd, Inglewood, CA",Stadium Village Apartments,,manual_verified_multi,Four Units (Any Combination),Residential,0400,1955,4,8,4,4072,2025,770000,575000,,,2025,2025,0,04569,INGLEWOOD,33.95178025,-118.32697379,TRACT NO 16139 LOT    3,Multi-parcel (20)
36,4025014004,,4025-014-004,9325 CRENSHAW BLVD INGLEWOOD CA 90305,INGLEWOOD CA,90305-2964,"9301 – 9609 Crenshaw Blvd, Inglewood, CA",Stadium Village Apartments,,manual_verified_multi,Four Units (Any Combination),Residential,0400,1955,4,8,4,4073,2025,770000,575000,,,2025,2025,0,04569,INGLEWOOD,33.95161543,-118.32697355,TRACT NO 16139 LOT    4,Multi-parcel (20)
36,4025014005,,4025-014-005,9333 CRENSHAW BLVD INGLEWOOD CA 90305,INGLEWOOD CA,90305-2969,"9301 – 9609 Crenshaw Blvd, Inglewood, CA",Stadium Village Apartments,,manual_verified_multi,Four Units (Any Combination),Residential,0400,1955,4,8,4,4038,2025,770000,575000,,,2025,2025,0,04569,INGLEWOOD,33.95145055,-118.32697342,TRACT NO 16139 LOT    5,Multi-parcel (20)
36,4025014006,,4025-014-006,9341 CRENSHAW BLVD INGLEWOOD CA 90305,INGLEWOOD CA,90305-2970,"9301 – 9609 Crenshaw Blvd, Inglewood, CA",Stadium Village Apartments,,manual_verified_multi,Four Units (Any Combination),Residential,0400,1955,4,8,4,4038,2025,770000,575000,,,2025,2025,0,04569,INGLEWOOD,33.95128566,-118.3269731,TRACT NO 16139 LOT    6,Multi-parcel (20)
36,4025014007,,4025-014-007,9401 CRENSHAW BLVD INGLEWOOD CA 90305,INGLEWOOD CA,90305-2979,"9301 – 9609 Crenshaw Blvd, Inglewood, CA",Stadium Village Apartments,,manual_verified_multi,Four Units (Any Combination),Residential,0400,1955,4,8,4,4073,2025,770000,575000,,,2025,2025,0,04569,INGLEWOOD,33.95112078,-118.32697297,TRACT NO 16139 LOT    7,Multi-parcel (20)
36,4025014008,,4025-014-008,9409 CRENSHAW BLVD INGLEWOOD CA 90305,INGLEWOOD CA,90305-2980,"9301 – 9609 Crenshaw Blvd, Inglewood, CA",Stadium Village Apartments,,manual_verified_multi,Four Units (Any Combination),Residential,0400,1955,4,8,4,4073,2025,770000,575000,,,2025,2025,0,04569,INGLEWOOD,33.9509559,-118.32697268,TRACT NO 16139 LOT    8,Multi-parcel (20)
36,4025014009,,4025-014-009,9417 CRENSHAW BLVD INGLEWOOD CA 90305,INGLEWOOD CA,90305-2981,"9301 – 9609 Crenshaw Blvd, Inglewood, CA",Stadium Village Apartments,,manual_verified_multi,Four Units (Any Combination),Residential,0400,1955,4,8,4,4038,2025,770000,575000,,,2025,2025,0,04569,INGLEWOOD,33.95079106,-118.3269725,TRACT NO 16139 LOT    9,Multi-parcel (20)
36,4025014010,,4025-014-010,9425 CRENSHAW BLVD INGLEWOOD CA 90305,INGLEWOOD CA,90305-2982,"9301 – 9609 Crenshaw Blvd, Inglewood, CA",Stadium Village Apartments,,manual_verified_multi,Four Units (Any Combination),Residential,0400,1955,4,8,4,4038,2025,770000,575000,,,2025,2025,0,04569,INGLEWOOD,33.95062617,-118.32697228,TRACT NO 16139 LOT   10,Multi-parcel (20)
36,4025014011,,4025-014-011,9433 CRENSHAW BLVD INGLEWOOD CA 90305,INGLEWOOD CA,90305-2983,"9301 – 9609 Crenshaw Blvd, Inglewood, CA",Stadium Village Apartments,,manual_verified_multi,Four Units (Any Combination),Residential,0400,1955,4,8,4,4073,2025,770000,575000,,,2025,2025,0,04569,INGLEWOOD,33.95046125,-118.32697208,TRACT NO 16139 LOT   11,Multi-parcel (20)
36,4025014012,,4025-014-012,9441 CRENSHAW BLVD INGLEWOOD CA 90305,INGLEWOOD CA,90305-2984,"9301 – 9609 Crenshaw Blvd, Inglewood, CA",Stadium Village Apartments,,manual_verified_multi,Four Units (Any Combination),Residential,0400,1955,4,8,4,4072,2025,770000,575000,,,2025,2025,0,04569,INGLEWOOD,33.95029636,-118.32697182,TRACT NO 16139 LOT   12,Multi-parcel (20)
36,4025014013,,4025-014-013,9501 CRENSHAW BLVD INGLEWOOD CA 90305,INGLEWOOD CA,90305-2985,"9301 – 9609 Crenshaw Blvd, Inglewood, CA",Stadium Village Apartments,,manual_verified_multi,Four Units (Any Combination),Residential,0400,1955,4,8,4,4072,2025,770000,575000,,,2025,2025,0,04569,INGLEWOOD,33.95013149,-118.32697164,TRACT NO 16139 LOT   13,Multi-parcel (20)
36,4025014014,,4025-014-014,9509 CRENSHAW BLVD INGLEWOOD CA 90305,INGLEWOOD CA,90305-2986,"9301 – 9609 Crenshaw Blvd, Inglewood, CA",Stadium Village Apartments,,manual_verified_multi,Four Units (Any Combination),Residential,0400,1955,4,8,4,4073,2025,770000,575000,,,2025,2025,0,04569,INGLEWOOD,33.94996661,-118.32697139,TRACT NO 16139 LOT   14,Multi-parcel (20)
36,4025014015,,4025-014-015,9517 CRENSHAW BLVD INGLEWOOD CA 90305,INGLEWOOD CA,90305-2987,"9301 – 9609 Crenshaw Blvd, Inglewood, CA",Stadium Village Apartments,,manual_verified_multi,Four Units (Any Combination),Residential,0400,1955,4,8,4,4038,2025,770000,575000,,,2025,2025,0,04569,INGLEWOOD,33.94980173,-118.32697118,TRACT NO 16139 LOT   15,Multi-parcel (20)
36,4025014016,,4025-014-016,9525 CRENSHAW BLVD INGLEWOOD CA 90305,INGLEWOOD CA,90305-2988,"9301 – 9609 Crenshaw Blvd, Inglewood, CA",Stadium Village Apartments,,manual_verified_multi,Four Units (Any Combination),Residential,0400,1955,4,8,4,4038,2025,770000,575000,,,2025,2025,0,04569,INGLEWOOD,33.94963686,-118.32697113,TRACT NO 16139 LOT   16,Multi-parcel (20)
36,4025014017,,4025-014-017,9533 CRENSHAW BLVD INGLEWOOD CA 90305,INGLEWOOD CA,90305-2989,"9301 – 9609 Crenshaw Blvd, Inglewood, CA",Stadium Village Apartments,,manual_verified_multi,Four Units (Any Combination),Residential,0400,1955,4,8,4,4072,2025,770000,575000,,,2025,2025,0,04569,INGLEWOOD,33.94947198,-118.32697116,TRACT NO 16139 LOT   17,Multi-parcel (20)
36,4025014018,,4025-014-018,9541 CRENSHAW BLVD INGLEWOOD CA 90305,INGLEWOOD CA,90305-2990,"9301 – 9609 Crenshaw Blvd, Inglewood, CA",Stadium Village Apartments,,manual_verified_multi,Four Units (Any Combination),Residential,0400,1955,4,8,4,4072,2025,770000,575000,,,2025,2025,0,04569,INGLEWOOD,33.94930432,-118.32697231,TRACT NO 16139 LOT   18,Multi-parcel (20)
36,4025015001,,4025-015-001,9601 CRENSHAW BLVD INGLEWOOD CA 90305,INGLEWOOD CA,90305-3142,"9301 – 9609 Crenshaw Blvd, Inglewood, CA",Stadium Village Apartments,,manual_verified_multi,Four Units (Any Combination),Residential,0400,1955,4,8,4,4073,2025,770000,575000,,,2025,2025,0,04569,INGLEWOOD,33.94898144,-118.32697785,TRACT NO 16139 LOT   19,Multi-parcel (20)
36,4025015002,,4025-015-002,9609 CRENSHAW BLVD INGLEWOOD CA 90305,INGLEWOOD CA,90305-3153,"9301 – 9609 Crenshaw Blvd, Inglewood, CA",Stadium Village Apartments,,manual_verified_multi,Four Units (Any Combination),Residential,0400,1955,4,8,4,4072,2025,770000,575000,,,2025,2025,0,04569,INGLEWOOD,33.94881707,-118.32697858,TRACT NO 16139 LOT   20,Multi-parcel (20)
54,7157031001,,7157-031-001,2697 E 56TH WAY LONG BEACH CA 90805,LONG BEACH CA,90805-5068,"5601 North Paramount Boulevard, Long Beach, Los Angeles",Seaport Village Apartments,,manual_verified_multi,Five or more apartments,Residential,0501,1963,10,21,16,9608,2025,857455,2000377,,,2022,2022,1693979,07211,LONG BEACH,33.85882359,-118.16026011,TRACT NO 27326 LOT    1,Multi-parcel (33)
54,7157031002,,7157-031-002,2687 E 56TH WAY LONG BEACH CA 90805,LONG BEACH CA,90805-7003,"5601 North Paramount Boulevard, Long Beach, Los Angeles",Seaport Village Apartments,,manual_verified_multi,Five or more apartments,Residential,0500,1963,11,19,16,9608,2025,779987,2000377,,,2022,2022,1263955,07211,LONG BEACH,33.85881999,-118.16060543,TRACT NO 27326 LOT    2,Multi-parcel (33)
54,7157031003,,7157-031-003,2677 E 56TH WAY LONG BEACH CA 90805,LONG BEACH CA,90805-5067,"5601 North Paramount Boulevard, Long Beach, Los Angeles",Seaport Village Apartments,,manual_verified_multi,Five or more apartments,Residential,0500,1963,11,19,16,9608,2025,779987,2000377,,,2022,2022,1516689,07211,LONG BEACH,33.85881736,-118.16093316,TRACT NO 27326 LOT    3,Multi-parcel (33)
54,7157031004,,7157-031-004,2667 E 56TH WAY LONG BEACH CA 90805,LONG BEACH CA,90805-5066,"5601 North Paramount Boulevard, Long Beach, Los Angeles",Seaport Village Apartments,,manual_verified_multi,Five or more apartments,Residential,0500,1963,11,19,16,9608,2025,806518,2000377,,,2022,2022,1276016,07211,LONG BEACH,33.85881516,-118.16126232,TRACT NO 27326 LOT    4,Multi-parcel (33)
54,7157031005,,7157-031-005,2657 E 56TH WAY LONG BEACH CA 90805,LONG BEACH CA,90805-5096,"5601 North Paramount Boulevard, Long Beach, Los Angeles",Seaport Village Apartments,,manual_verified_multi,Five or more apartments,Residential,0501,1963,21,33,25,16663,2025,1580138,4276668,,32221,2022,2022,2231444,07211,LONG BEACH,33.8588042,-118.16169206,TRACT NO 27326 LOT    5,Multi-parcel (33)
54,7157031006,,7157-031-006,5679 LANGPORT AVE LONG BEACH CA 90805,LONG BEACH CA,90805-7012,"5601 North Paramount Boulevard, Long Beach, Los Angeles",Seaport Village Apartments,,manual_verified_multi,Five or more apartments,Residential,0500,1963,10,20,16,9280,2025,702518,1931398,,,2022,2022,1580350,07211,LONG BEACH,33.85853736,-118.1617871,TRACT NO 27326 LOT    6,Multi-parcel (33)
54,7157031007,,7157-031-007,5649 LANGPORT AVE LONG BEACH CA 90805,LONG BEACH CA,90805-5064,"5601 North Paramount Boulevard, Long Beach, Los Angeles",Seaport Village Apartments,,manual_verified_multi,Five or more apartments,Residential,0500,1963,10,20,16,9280,2025,702518,1931398,,,2022,2022,790176,07211,LONG BEACH,33.85828173,-118.161799,TRACT NO 27326 LOT    7,Multi-parcel (33)
54,7157031008,,7157-031-008,5639 LANGPORT AVE LONG BEACH CA 90805,LONG BEACH CA,90805-7010,"5601 North Paramount Boulevard, Long Beach, Los Angeles",Seaport Village Apartments,,manual_verified_multi,Five or more apartments,Residential,0500,1963,10,20,16,9280,2025,702518,1931398,,,2022,2022,790176,07211,LONG BEACH,33.85803056,-118.16179713,TRACT NO 27326 LOT    8,Multi-parcel (33)
54,7157031009,,7157-031-009,5599 LANGPORT AVE LONG BEACH CA 90805,LONG BEACH CA,90805-7009,"5601 North Paramount Boulevard, Long Beach, Los Angeles",Seaport Village Apartments,,manual_verified_multi,Five or more apartments,Residential,0500,1963,10,20,16,9280,2025,702518,1931398,,,2022,2022,526784,07211,LONG BEACH,33.85777776,-118.16179606,TRACT NO 27326 LOT    9,Multi-parcel (33)
54,7157031010,,7157-031-010,5579 LANGPORT AVE LONG BEACH CA 90805,LONG BEACH CA,90805-5063,"5601 North Paramount Boulevard, Long Beach, Los Angeles",Seaport Village Apartments,,manual_verified_multi,Five or more apartments,Residential,0500,1963,10,20,16,9280,2025,702518,1931398,,,2022,2022,1316958,07211,LONG BEACH,33.8575211,-118.16179379,TRACT NO 27326 LOT   10,Multi-parcel (33)
54,7157031011,,7157-031-011,5549 LANGPORT AVE LONG BEACH CA 90805,LONG BEACH CA,90805-7007,"5601 North Paramount Boulevard, Long Beach, Los Angeles",Seaport Village Apartments,,manual_verified_multi,Five or more apartments,Residential,0500,1962,10,20,16,9280,2025,702518,1931398,,,2022,2022,1316958,07211,LONG BEACH,33.85726332,-118.16179233,TRACT NO 27326 LOT   11,Multi-parcel (33)
54,7157031012,,7157-031-012,5539 LANGPORT AVE LONG BEACH CA 90805,LONG BEACH CA,90805-5061,"5601 North Paramount Boulevard, Long Beach, Los Angeles",Seaport Village Apartments,,manual_verified_multi,Five or more apartments,Residential,0500,1962,10,20,16,9280,2025,727988,1931398,,,2022,2022,797817,07211,LONG BEACH,33.85700307,-118.1617762,TRACT NO 27326 LOT   12,Multi-parcel (33)
54,7157031013,,7157-031-013,2656 E 55TH WAY LONG BEACH CA 90805,LONG BEACH CA,90805-5079,"5601 North Paramount Boulevard, Long Beach, Los Angeles",Seaport Village Apartments,,manual_verified_multi,Five or more apartments,Residential,0501,1962,20,30,24,15036,2025,1299979,3173011,,32221,2022,2022,2343400,07211,LONG BEACH,33.85674802,-118.16167703,TRACT NO 27326 LOT   13,Multi-parcel (33)
54,7157031014,,7157-031-014,2666 E 55TH WAY LONG BEACH CA 90805,LONG BEACH CA,90805-5080,"5601 North Paramount Boulevard, Long Beach, Los Angeles",Seaport Village Apartments,,manual_verified_multi,Five or more apartments,Residential,0500,1962,10,21,16,9608,2025,727988,2000377,,,2022,2022,1091347,07211,LONG BEACH,33.85674328,-118.16124518,TRACT NO 27326 LOT   14,Multi-parcel (33)
54,7157031015,,7157-031-015,2676 E 55TH WAY LONG BEACH CA 90805,LONG BEACH CA,90805-5055,"5601 North Paramount Boulevard, Long Beach, Los Angeles",Seaport Village Apartments,,manual_verified_multi,Five or more apartments,Residential,0500,1962,10,21,16,9608,2025,727988,2000377,,,2022,2022,818511,07211,LONG BEACH,33.85674563,-118.16091751,TRACT NO 27326 LOT   15,Multi-parcel (33)
54,7157031016,,7157-031-016,2686 E 55TH WAY LONG BEACH CA 90805,LONG BEACH CA,90805-5084,"5601 North Paramount Boulevard, Long Beach, Los Angeles",Seaport Village Apartments,,manual_verified_multi,Five or more apartments,Residential,0501,1962,10,21,16,9608,2025,727988,2000377,,,2022,2022,545674,07211,LONG BEACH,33.8567476,-118.16059029,TRACT NO 27326 LOT   16,Multi-parcel (33)
54,7157031017,,7157-031-017,2696 E 55TH WAY LONG BEACH CA 90805,LONG BEACH CA,90805-5074,"5601 North Paramount Boulevard, Long Beach, Los Angeles",Seaport Village Apartments,,manual_verified_multi,Five or more apartments,Residential,0500,1962,10,21,16,9608,2025,806518,2000377,,,2022,2022,1403448,07211,LONG BEACH,33.85674922,-118.1602458,TRACT NO 27326 LOT   17,Multi-parcel (33)
54,7157031018,,7157-031-018,2666 E 56TH WAY LONG BEACH CA 90805,LONG BEACH CA,90805-5073,"5601 North Paramount Boulevard, Long Beach, Los Angeles",Seaport Village Apartments,,manual_verified_multi,Five or more apartments,Residential,0501,1963,11,19,16,9584,2025,727988,2000377,,,2022,2022,744299,07211,LONG BEACH,33.85835122,-118.16125983,TRACT NO 27326 LOT   18,Multi-parcel (33)
54,7157031019,,7157-031-019,2676 E 56TH WAY LONG BEACH CA 90805,LONG BEACH CA,90805-5072,"5601 North Paramount Boulevard, Long Beach, Los Angeles",Seaport Village Apartments,,manual_verified_multi,Five or more apartments,Residential,0500,1963,11,19,16,9608,2025,727988,2000377,,,2022,2022,2232349,07211,LONG BEACH,33.85835534,-118.16093556,TRACT NO 27326 LOT   19,Multi-parcel (33)
54,7157031020,,7157-031-020,2686 E 56TH WAY LONG BEACH CA 90805,LONG BEACH CA,90805-7002,"5601 North Paramount Boulevard, Long Beach, Los Angeles",Seaport Village Apartments,,manual_verified_multi,Five or more apartments,Residential,0500,1962,11,19,16,9608,2025,727988,2000377,,,2022,2022,992308,07211,LONG BEACH,33.85835784,-118.16060718,TRACT NO 27326 LOT   20,Multi-parcel (33)
54,7157031021,,7157-031-021,2696 E 56TH ST LONG BEACH CA 90805,LONG BEACH CA,90805-5058,"5601 North Paramount Boulevard, Long Beach, Los Angeles",Seaport Village Apartments,,manual_verified_multi,Five or more apartments,Residential,0500,1963,10,21,16,9608,2025,806518,2000377,,,2022,2022,1122759,07211,LONG BEACH,33.85835922,-118.16025866,TRACT NO 27326 LOT   21,Multi-parcel (33)
54,7157031022,,7157-031-022,2667 E 56TH ST LONG BEACH CA 90805,LONG BEACH CA,90805-5089,"5601 North Paramount Boulevard, Long Beach, Los Angeles",Seaport Village Apartments,,manual_verified_multi,Five or more apartments,Residential,0500,1963,11,21,16,9608,2025,727988,2000377,,,2022,2022,1736332,07211,LONG BEACH,33.85800741,-118.16125906,TRACT NO 27326 LOT   22,Multi-parcel (33)
54,7157031023,,7157-031-023,2677 E 56TH ST LONG BEACH CA 90805,LONG BEACH CA,90805-5071,"5601 North Paramount Boulevard, Long Beach, Los Angeles",Seaport Village Apartments,,manual_verified_multi,Five or more apartments,Residential,0501,1963,10,21,16,9608,2025,727988,2000377,,,2022,2022,1091347,07211,LONG BEACH,33.85800917,-118.16093487,TRACT NO 27326 LOT   23,Multi-parcel (33)
54,7157031024,,7157-031-024,2687 E 56TH ST LONG BEACH CA 90805,LONG BEACH CA,90805-5093,"5601 North Paramount Boulevard, Long Beach, Los Angeles",Seaport Village Apartments,,manual_verified_multi,Five or more apartments,Residential,0500,1963,10,21,16,9608,2025,727988,2000377,,470,2022,2022,818511,07211,LONG BEACH,33.85801184,-118.16060595,TRACT NO 27326 LOT   24,Multi-parcel (33)
54,7157031025,,7157-031-025,2697 E 56TH ST LONG BEACH CA 90805,LONG BEACH CA,90805-5095,"5601 North Paramount Boulevard, Long Beach, Los Angeles",Seaport Village Apartments,,manual_verified_multi,Five or more apartments,Residential,0501,1963,10,21,16,9608,2025,806518,2000377,,2500,2022,2022,2245517,07211,LONG BEACH,33.85801591,-118.16025654,TRACT NO 27326 LOT   25,Multi-parcel (33)
54,7157031026,,7157-031-026,2666 E 56TH ST LONG BEACH CA 90805,LONG BEACH CA,90805-5088,"5601 North Paramount Boulevard, Long Beach, Los Angeles",Seaport Village Apartments,,manual_verified_multi,Five or more apartments,Residential,0501,1963,10,21,16,9560,2025,727988,2000377,,,2022,2022,545674,07211,LONG BEACH,33.85754308,-118.1612564,TRACT NO 27326 LOT   26,Multi-parcel (33)
54,7157031027,,7157-031-027,2676 E 56TH ST LONG BEACH CA 90805,LONG BEACH CA,90805-5060,"5601 North Paramount Boulevard, Long Beach, Los Angeles",Seaport Village Apartments,,manual_verified_multi,Five or more apartments,Residential,0500,1963,10,21,16,9608,2025,727988,2000377,,,2022,2022,818511,07211,LONG BEACH,33.85754745,-118.16093277,TRACT NO 27326 LOT   27,Multi-parcel (33)
54,7157031028,,7157-031-028,2686 E 56TH ST LONG BEACH CA 90805,LONG BEACH CA,90805-5092,"5601 North Paramount Boulevard, Long Beach, Los Angeles",Seaport Village Apartments,,manual_verified_multi,Five or more apartments,Residential,0501,1963,10,21,16,9608,2025,727988,2000377,,,2022,2022,1364183,07211,LONG BEACH,33.85755009,-118.16060404,TRACT NO 27326 LOT   28,Multi-parcel (33)
54,7157031029,,7157-031-029,2696 E 56TH ST LONG BEACH CA 90805,LONG BEACH CA,90805-5058,"5601 North Paramount Boulevard, Long Beach, Los Angeles",Seaport Village Apartments,,manual_verified_multi,Five or more apartments,Residential,0501,1963,10,21,16,9608,2025,806518,2000377,,,2022,2022,1403448,07211,LONG BEACH,33.85755188,-118.16025406,TRACT NO 27326 LOT   29,Multi-parcel (33)
54,7157031030,,7157-031-030,2667 E 55TH WAY LONG BEACH CA 90805,LONG BEACH CA,90805-5081,"5601 North Paramount Boulevard, Long Beach, Los Angeles",Seaport Village Apartments,,manual_verified_multi,Five or more apartments,Residential,0500,1962,10,21,16,9560,2025,727988,2000377,,,2022,2022,1637020,07211,LONG BEACH,33.85719572,-118.16125246,TRACT NO 27326 LOT   30,Multi-parcel (33)
54,7157031031,,7157-031-031,2677 E 55TH WAY LONG BEACH CA 90805,LONG BEACH CA,90805-5083,"5601 North Paramount Boulevard, Long Beach, Los Angeles",Seaport Village Apartments,,manual_verified_multi,Five or more apartments,Residential,0501,1962,10,21,16,9608,2025,727988,2000377,,,2022,2022,1091347,07211,LONG BEACH,33.85719651,-118.16092894,TRACT NO 27326 LOT   31,Multi-parcel (33)
54,7157031032,,7157-031-032,2687 E 55TH WAY LONG BEACH CA 90805,LONG BEACH CA,90805-5057,"5601 North Paramount Boulevard, Long Beach, Los Angeles",Seaport Village Apartments,,manual_verified_multi,Five or more apartments,Residential,0500,1962,10,21,16,9608,2025,727988,2000377,,,2022,2022,1091347,07211,LONG BEACH,33.85719975,-118.1606007,TRACT NO 27326 LOT   32,Multi-parcel (33)
54,7157031033,,7157-031-033,2697 E 55TH WAY LONG BEACH CA 90805,LONG BEACH CA,90805-5087,"5601 North Paramount Boulevard, Long Beach, Los Angeles",Seaport Village Apartments,,manual_verified_multi,Five or more apartments,Residential,0501,1962,10,21,16,9608,2025,806518,2000377,,,2022,2022,1403448,07211,LONG BEACH,33.85720432,-118.16025148,TRACT NO 27326 LOT   33,Multi-parcel (33)
85,7451037031,,7451-037-031,575 W 6TH ST SAN PEDRO CA 90731,SAN PEDRO CA,90731-2521,"569 W. 6th Street, San Pedro, CA",569 W. 6th Street Apartments,,manual_verified,Professional Buildings,Commercial,1900,1919,1,1,1,472,2025,1363864,0,,,2021,2021,0,13245,LOS ANGELES,33.73850743,-118.28948148,ARCADIA PARK TRACT LOTS 22 AND 23 BLK 7,
152,7157012023,,7157-012-023,5700 ACKERFIELD AVE LONG BEACH CA 90805,LONG BEACH CA,90805-4916,"5565 Ackerfield Avenue / 5700 Ackerfield Avenue, Long Beach, CA",The Hive at Ackerfield Apartments,,manual_verified_multi,Five or more apartments,Residential,0501,1973,93,11,11,69530,2025,4669315,20162952,,12160,2022,2022,0,07211,LONG BEACH,33.85952316,-118.16254168,TRACT NO 29389 LOT    8,Multi-parcel (2)
152,7157012017,,7157-012-017,5565 ACKERFIELD AVE LONG BEACH CA 90805,LONG BEACH CA,90805-4953,"5565 Ackerfield Avenue / 5700 Ackerfield Avenue, Long Beach, CA",The Hive at Ackerfield Apartments,,manual_verified_multi,Five or more apartments,Residential,0501,1973,50,96,88,45092,2025,3873409,10612080,,8020,2022,2022,0,07211,LONG BEACH,33.85856516,-118.16367441,TRACT NO 29389 LOT    2,Multi-parcel (2)
159,5080011007,,5080-011-007,3048 W 12TH ST LOS ANGELES CA 90006,LOS ANGELES CA,90006-3150,"3048 W. 12th Street, CA 90006",12th Street Apartments,,manual_verified,Five or more apartments,Residential,0500,1928,16,4,16,9842,2025,2007932,680463,,2720,2019,2019,0,00067,LOS ANGELES,34.04875265,-118.30772673,COUNTRY CLUB BOULEVARD TRACT LOT    9,Added from LA County lookup
33,6020022027,6020022025,6020-022-027,(pending),,,"7518 S. Hoover, Los Angeles, CA",7524 S. Hoover St. Apartments,,parcel_in_transition,(pending),,,,,,,,,,,,,,,,,LOS ANGELES,33.97101635,-118.28678824,,Legacy AIN 6020022025 no longer exists. New AIN 6020022027 has no data yet.
132,6020022027,6020022025,6020-022-027,(pending),,,"7524 S. Hoover St, Los Angeles, CA",7524 S. Hoover St Apartments,,parcel_in_transition,(pending),,,,,,,,,,,,,,,,,LOS ANGELES,33.97101635,-118.28678824,,Legacy AIN 6020022025 no longer exists. New AIN 6020022027 has no data yet.
