tra,total_rate,city_rate,school_rate,other_rate
00004,1.18738,0.012232,0.168148,0.007
00007,1.18738,0.012232,0.168148,0.007
00013,1.18738,0.012232,0.168148,0.007
00016,1.18738,0.012232,0.168148,0.007
00036,1.18738,0.012232,0.168148,0.007
00067,1.18738,0.012232,0.168148,0.007
00068,1.18738,0.012232,0.168148,0.007
00200,1.18738,0.012232,0.168148,0.007
00210,1.18738,0.012232,0.168148,0.007
00212,1.18738,0.012232,0.168148,0.007
00400,1.18738,0.012232,0.168148,0.007
00401,1.18738,0.012232,0.168148,0.007
00460,1.18738,0.012232,0.168148,0.007
00461,1.18738,0.012232,0.168148,0.007
00501,1.18738,0.012232,0.168148,0.007
00594,1.385148,0.21,0.168148,0.007
02241,1.233086,0.0,0.162596,0.07049
02519,1.135572,0.0,0.128572,0.007
02525,1.135572,0.0,0.128572,0.007
03122,1.175703,0.0,0.168703,0.007
03622,1.323192,0.13,0.186192,0.007
04569,1.280765,0.146958,0.126807,0.007
06650,1.18738,0.012232,0.168148,0.007
06654,1.18738,0.012232,0.168148,0.007
06657,1.18738,0.012232,0.168148,0.007
06659,1.18738,0.012232,0.168148,0.007
06660,1.18738,0.012232,0.168148,0.007
07211,1.206499,0.0,0.199499,0.007
08004,1.203757,0.0,0.196757,0.007
08604,1.203757,0.0,0.196757,0.007
08819,1.16448,0.0,0.13448,0.03
08830,1.18738,0.012232,0.168148,0.007
08841,1.18738,0.012232,0.168148,0.007
08852,1.18738,0.012232,0.168148,0.007
12703,1.18738,0.012232,0.168148,0.007
13245,1.18738,0.012232,0.168148,0.007
13264,1.18738,0.012232,0.168148,0.007
Benicia,1.193723,0.0,0.163723,0.03
Dixon,1.127902,0.0,0.107902,0.02
Fairfield,1.132523,0.0023,0.110223,0.02
Rio Vista,1.0827,0.0,0.0627,0.02
Suisun,1.132673,0.00245,0.110223,0.02
Vacaville,1.17033,0.03035,0.11998,0.02
Vallejo,1.133439,0.0,0.113439,0.02
Los Altos,1.1656,0.0,0.1083,0.0185
Mountain View,1.1599,0.0,0.105,0.0161
San Jose,1.2789,0.0197,0.2057,0.0147
Sunnyvale,1.171,0.0,0.1161,0.0161
Campbell,1.191,0.017,0.1181,0.0171
Cupertino,1.1622,0.0,0.1063,0.0171
Gilroy,1.2186,0.0125,0.1502,0.0171
Los Altos Hills,1.153,0.0,0.0957,0.0185
Los Gatos,1.1459,0.0,0.091,0.0161
Milpitas,1.1389,0.0,0.083,0.0171
Monte Sereno,1.2013,0.0,0.144,0.0185
Morgan Hill,1.1297,0.0,0.0738,0.0171
Palo Alto,1.20135,0.00745,0.139,0.0161
Santa Clara,1.1825,0.0287,0.1003,0.0147
Saratoga,1.2049,0.0036,0.144,0.0185
Carlsbad,1.0783,0.0,0.0713,0.007
Chula Vista,1.18748,0.05714,0.12334,0.007
Coronado,1.05331,0.0,0.05331,0.0
Del Mar,1.06384,0.0,0.05684,0.007
El Cajon,1.17108,0.0,0.10045,0.07063
Encinitas,1.05702,0.0,0.03143,0.02559
Escondido,1.14011,0.03824,0.02868,0.07319
Imperial Beach,1.20381,0.0,0.12334,0.08047
La Mesa,1.19599,0.05365,0.10045,0.04189
Lemon Grove,1.27164,0.1443,0.10045,0.02689
National City,1.17402,0.0,0.12334,0.05068
Oceanside,1.11741,0.0,0.11041,0.007
Poway,1.12109,0.0,0.07106,0.05003
San Diego,1.25114,0.0,0.23914,0.012
San Marcos,1.14247,0.0,0.08544,0.05703
Santee,1.17129,0.04395,0.10045,0.02689
Solana Beach,1.06109,0.02266,0.03143,0.007
Vista,1.12952,0.0,0.10349,0.02603
Oakland,1.2779,0.12,0.1332,0.0247
Berkeley,1.2323,0.049,0.1586,0.0247
Hayward,1.1724,0.0,0.1289,0.0435
Fremont,1.1741,0.0032,0.1184,0.0525
Atherton,1.0913,0.0,0.0899,0.0014
Belmont,1.0913,0.0,0.0899,0.0014
Brisbane,1.156,0.0,0.1546,0.0014
Burlingame,1.1196,0.0,0.1182,0.0014
Colma,1.1602,0.0,0.1588,0.0014
Daly City,1.1602,0.0,0.1588,0.0014
East Palo Alto,1.1191,0.0,0.1177,0.0014
Foster City,1.086,0.0014,0.0832,0.0014
Half Moon Bay,1.1774,0.0,0.176,0.0014
Hillsborough,1.1602,0.0,0.1588,0.0014
Menlo Park,1.1602,0.0,0.1588,0.0014
Millbrae,1.0718,0.0092,0.0612,0.0014
Pacifica,1.1774,0.0,0.176,0.0014
Portola Valley,1.086,0.0,0.0846,0.0014
Redwood City,1.0941,0.0,0.0927,0.0014
San Bruno,1.0941,0.0,0.0927,0.0014
San Carlos,1.0831,0.0,0.0817,0.0014
San Mateo,1.1201,0.003,0.1157,0.0014
South San Francisco,1.1201,0.003,0.1157,0.0014
Woodside,1.0935,0.0,0.0921,0.0014
Anaheim,1.1372,0.0000,0.1302,0.0070
Brea,1.1309,0.0450,0.0789,0.0070
Fullerton,1.1508,0.0450,0.1058,0.0000
Huntington Beach,1.0914,0.0150,0.0694,0.0070
Laguna Beach,1.0159,0.0000,0.0089,0.0070
La Habra,1.1128,0.0000,0.1058,0.0070
Newport Beach,1.0477,0.0000,0.0407,0.0070
Orange,1.0593,0.0000,0.0523,0.0070
Placentia,1.0599,0.0000,0.0529,0.0070
San Clemente,1.0084,0.0000,0.0014,0.0070
Santa Ana,1.1195,0.0000,0.1125,0.0070
Seal Beach,1.1125,0.0000,0.1055,0.0070
Tustin,1.0915,0.0000,0.0845,0.0070
Buena Park,1.1372,0.0000,0.1302,0.0070
Costa Mesa,1.0477,0.0000,0.0407,0.0070
La Palma,1.1162,0.0000,0.1092,0.0070
Stanton,1.1333,0.0000,0.1263,0.0070
Garden Grove,1.1369,0.0000,0.1299,0.0070
Cypress,1.1132,0.0000,0.1062,0.0070
Westminster,1.0953,0.0000,0.0883,0.0070
Fountain Valley,1.0883,0.0000,0.0813,0.0070
Los Alamitos,1.1132,0.0000,0.1062,0.0070
San Juan Capistrano,1.0248,0.0164,0.0014,0.0070
Villa Park,1.0593,0.0000,0.0523,0.0070
Yorba Linda,1.0599,0.0000,0.0529,0.0070
Irvine,1.0599,0.0000,0.0529,0.0070
Mission Viejo,1.0265,0.0000,0.0195,0.0070
Dana Point,1.0265,0.0000,0.0195,0.0070
Laguna Niguel,1.0265,0.0000,0.0195,0.0070
Lake Forest,1.0084,0.0000,0.0014,0.0070
Laguna Hills,1.0265,0.0000,0.0195,0.0070
Laguna Woods,1.0265,0.0000,0.0195,0.0070
Rancho Santa Margarita,1.0084,0.0000,0.0014,0.0070
Aliso Viejo,1.0265,0.0000,0.0195,0.0070
Isleton,1.0644,0.0000,0.0644,0.0000
Sacramento,1.1454,0.0000,0.1454,0.0000
Folsom,1.0719,0.0000,0.0719,0.0000
Galt,1.0823,0.0000,0.0823,0.0000
Citrus Heights,1.1775,0.0000,0.1775,0.0000
Elk Grove,1.0457,0.0000,0.0457,0.0000
Rancho Cordova,1.0719,0.0000,0.0719,0.0000
Antioch,1.118,0,0.1,0.018
Brentwood,1.1084,0.0046,0.0858,0.018
Clayton,1.0992,0,0.0812,0.018
Concord,1.0992,0,0.0812,0.018
Danville,1.0824,0,0.0644,0.018
El Cerrito,1.2792,0,0.2612,0.018
Hercules,1.2792,0,0.2612,0.018
Lafayette,1.0886,0.004,0.0666,0.018
Martinez,1.1407,0,0.1044,0.0363
Moraga,1.1139,0,0.0959,0.018
Oakley,1.0898,0,0.0718,0.018
Orinda,1.1432,0,0.0955,0.0477
Pinole,1.2792,0,0.2612,0.018
Pittsburg,1.1114,0,0.0934,0.018
Pleasant Hill,1.1131,0,0.0812,0.0319
Richmond,1.4192,0.14,0.2612,0.018
San Pablo,1.2792,0,0.2612,0.018
San Ramon,1.0824,0,0.0644,0.018
Walnut Creek,1.1015,0,0.0835,0.018
Carmichael,1.1873,0.0,0.1775,0.0098
Fair Oaks,1.1873,0.0,0.1775,0.0098
Orangevale,1.1873,0.0,0.1775,0.0098
Gold River,1.1873,0.0,0.1775,0.0098
North Highlands,1.1785,0.0,0.1687,0.0098
Rio Linda,1.1785,0.0,0.1687,0.0098
Foothill Farms,1.1785,0.0,0.1687,0.0098
Arden-Arcade,1.1454,0.0,0.1454,0.0
Natomas (Unincorp),1.1424,0.0,0.1424,0.0
Vineyard,1.0457,0.0,0.0457,0.0
Laguna,1.0457,0.0,0.0457,0.0
El Sobrante,1.2792,0,0.2612,0.018
Rodeo,1.1183,0,0.1003,0.018
Crockett,1.1183,0,0.1003,0.018
Alamo,1.0824,0,0.0644,0.018
Blackhawk,1.0824,0,0.0644,0.018
Byron,1.0818,0,0.0638,0.018
Discovery Bay,1.0818,0,0.0638,0.018
Knightsen,1.0575,0,0.0395,0.018
Bay Point,1.0992,0,0.0812,0.018
