property_name,entity,city,county,resolution,meeting_date,item_type,minutes_confirmed,investor_1,nonprofit_partner,total_units,rent_restricted_pct,term_years,city_cut,grant_description
Bernardine Apartments,"Castle Rock Bernardine Apartments, LP",San Bernardino,San Bernardino,23-202,2023-07-14,authorize,True,,,,,,,"Grant up to $10,000 (Charitable Affordable Housing)"
2025 New Jersey Apartments,"2025 NJ, LP",Los Angeles,Los Angeles,23-203,2023-07-14,authorize,True,,,,,,,"Grant up to $10,000 (Charitable Affordable Housing)"
Alvarado Streets Apartments,"Alvarado Affordable Associates, L.P.",Los Angeles,Los Angeles,23-204,2023-07-14,authorize,True,Taylor Equities,Kingdom Development,24,100% at 80% AMI,20,3600.0,"Grant up to $10,000 (Charitable Affordable Housing)"
Bernardine Apartments,"Castle Rock Bernardine Apartments, LP",San Bernardino,San Bernardino,23-222,2023-08-04,authorize,True,,,,,,,"Grant up to $10,000 (Charitable Affordable Housing)"
2025 New Jersey Apartments,"2025 NJ, LP",Los Angeles,Los Angeles,23-223,2023-08-04,authorize,True,Oak Road,Step Forward Communities,15,100% at 80% AMI,20,2250.0,"Grant up to $10,000 (Charitable Affordable Housing)"
Mariposa Club Apartments,"Mariposa Club Apartments I, LP",Mountain View,Santa Clara,23-224,2023-08-04,authorize,True,Prometheus Real Estate Group,Hearthstone Housing Foundation,48,100% at 80% AMI,20,7500.0,"Grant up to $10,000 (Charitable Affordable Housing)"
City View aka Outlook at Mission Valley Apartments,"Mission Valley Preservation LP, a limited partnership",San Diego,San Diego,23-275,2023-08-25,authorize,True,,,,,,,"Grant up to $10,000 (Charitable Affordable Housing)"
381 Turk Street Apartments,"381 Turk Street Associates, a California limited partnership",,San Francisco,23-307,2023-09-15,authorize,True,Mosser Capital,"Kingdom Development, Inc.",32,41% at 80% AMI,55,,"Grant up to $10,000 (Charitable Affordable Housing)"
Townhomes at Gading Apartments,"SFF 2, LLC, a California limited liability company",Hayward,Alameda,23-370,2023-12-08,authorize,True,The Sobrato Organization,Sobrato Foundation,61,100% at 80% AMI,20,9150.0,"Grant up to $10,000 (Charitable Affordable Housing)"
1317 S. Grand Apartments,"1317 SGA QOZB, LP",Los Angeles,Los Angeles,23-371,2023-12-08,authorize,True,Housing Diversity Corporation,PEP Housing,147,100% at 80% AMI,20,22050.0,"Grant up to $10,000 (Charitable Affordable Housing)"
1411 S. Flower Apartments,Housing Diversity,Los Angeles,Los Angeles,23-372,2023-12-08,authorize,True,Housing Diversity Corporation,PEP Housing,227,100% at 80% AMI,20,34050.0,"Grant up to $10,000 (Charitable Affordable Housing)"
10705 Avalon Blvd Apartments,"BIF NON OZ 10705 Avalon Blvd, LP, a California limited partnership",Los Angeles,Los Angeles,24-040,2024-02-02,authorize,True,SoLa Impact,Housing On Merit,69,78% at 80% AMI,20,10350.0,"Grant up to $10,000 (Charitable Affordable Housing)"
7518 Hoover St. Apartments,"BIF NON OZ 7518 S Hoover St, LP, a Delaware limited partnership",Los Angeles,Los Angeles,24-041,2024-02-02,authorize,True,,,,,,,"Grant up to $10,000 (Charitable Affordable Housing)"
820 MacArthur Apartments,"2019 Ozone Affordable Housing – 820 MacArthur, LP",Oakland,Alameda,24-042,2024-02-02,authorize,True,,,,,,,"Grant up to $10,000 (Charitable Affordable Housing)"
820 MacArthur Apartments,"2019 Ozone Affordable Housing – 820 MacArthur, LP",Oakland,Alameda,24-052,2024-02-23,authorize,True,"Riaz, Inc.",AOF Pacific,166,100% at 80% AMI,20,24900.0,"Grant up to $10,000 (Charitable Affordable Housing)"
The Waterloo Apartments,"801 Waterloo Partners, LP",Los Angeles,Los Angeles,24-053,2024-02-23,authorize,True,The Greg Scott Company,"Kingdom Development, Inc.",154,12% at 50% AMI; 98% at 80% AMI,20,23250.0,"Grant up to $10,000 (Charitable Affordable Housing)"
Electric Lofts Apartments,"Electric Lofts, LP, a California limited partnership",Oakland,Alameda,24-074,2024-03-15,authorize,False,Trestle Development LLC,AOF / Pacific Affordable Housing Corp,89,100% at 80% AMI,30,13350.0,"Grant up to $10,000 (Charitable Affordable Housing)"
275 Turk Street Apartments,"RHI-Mosser 275 Turk, LP",San Francisco,San Francisco,24-076,2024-03-15,authorize,True,"Mosser Capital, LLC","Kingdom Development, Inc.",66,100% at 80% AMI,30,9900.0,"Grant up to $10,000 (Charitable Affordable Housing)"
Montessa Apartments,"Affordable Housing Alliance II, Inc., d/b/a Integrity Housing, a Colorado nonprofit corporation",Vacaville,Solano,24-176,2024-04-26,authorize,True,Ascenda Capital,Integrity Housing,169,34% at 80% AMI,30,8700.0,"Grant up to $10,000 (Charitable Affordable Housing)"
4252 Crenshaw Apartments,4252 Crenshaw LP,Los Angeles,Los Angeles,24-177,2024-04-26,authorize,True,Thrive Living,"Kingdom Development, Inc.",111,100% at 80% AMI,30,6570.0,"Grant up to $10,000 (Charitable Affordable Housing)"
Premiere Hollywood Apartments,"OODB2, LP, a Washington Limited Partnership",Los Angeles,Los Angeles,24-178,2024-04-26,authorize,True,Housing Diversity Corporation,PEP Housing,69,100% at 80% AMI,30,10350.0,"Grant up to $10,000 (Charitable Affordable Housing)"
Montessa Apartments,"Affordable Housing Alliance II, Inc., d/b/a Integrity Housing, a Colorado nonprofit corporation",Vacaville,Solano,24-200,2024-05-17,authorize,True,Ascenda Capital,Integrity Housing,169,34% at 80% AMI,30,8700.0,"Charitable Affordable Housing Grant for an Affordable Rental Housing Facility Located in the City of Vacaville, Solano County, California"
4252 Crenshaw Apartments,4252 Crenshaw LP,Los Angeles,Los Angeles,24-199,2024-05-17,authorize,True,Thrive Living,"Kingdom Development, Inc.",111,100% at 80% AMI,30,16650.0,"Grant up to $10,000 (Charitable Affordable Housing)"
Fallbrook Trail Apartments,1735 South Mission LP,,San Diego,24-219,2024-06-07,authorize,True,AOF / Pacific Affordable Housing Corp.,AOF / Pacific Affordable Housing Corp.,103,100% at 80% AMI,30,,"Grant up to $10,000 (Charitable Affordable Housing)"
Pinetree Terrace Apartments,Hacienda Investors LP,Los Angeles,Los Angeles,24-220,2024-06-07,authorize,True,GHC Housing Partners,Foundation for Affordable Housing,58,100% at 80% AMI,20,8700.0,"Grant up to $10,000 (Charitable Affordable Housing)"
Windmere Court Apartments,Hacienda Investors LP,Los Angeles,Los Angeles,24-221,2024-06-07,authorize,True,GHC Housing Partners,Foundation for Affordable Housing,52,100% at 80% AMI,30,7800.0,"Grant up to $10,000 (Charitable Affordable Housing)"
The Arbors Apartments,"Post Arbors Santa Ana, LP",Santa Ana,Orange,24-222,2024-06-07,authorize,True,Ascenda Capital,Integrity Housing,160,100% at 80% AMI,30,24000.0,"Grant up to $10,000 (Charitable Affordable Housing)"
Seville Gardens Apartments,BG Apartments Investors LP,Huntington Park,Los Angeles,24-223,2024-06-07,authorize,True,GHC Housing Partners,Foundation for Affordable Housing,225,100% at 80% AMI,20,33750.0,"Grant up to $10,000 (Charitable Affordable Housing)"
Harbour Residences Apartments,"RMG Fee Avalon, LP, a California limited partnership",Los Angeles,Los Angeles,24-252,2024-07-19,authorize,False,RMG Housing LLC,DECRO Corporation,74,100% at 80% AMI,30,11100.0,"Grant up to $10,000 (Charitable Affordable Housing)"
4209 Western Avenue Apartments,"BIF NON OZ 4209 WESTERN AVE, LP",Los Angeles,Los Angeles,,2024-07-19,authorize,False,"SoLa Impact, LLC",Housing on Merit,25,100% at 80% AMI,30,3600.0,"Grant up to $10,000 (Charitable Affordable Housing)"
1130 Martin Luther King Jr. Blvd Apartments,"BIF NON OZ 1100 MLK BLK, LP, a California limited partnership",Los Angeles,Los Angeles,24-254,2024-07-19,authorize,False,"SoLa Impact, LLC",Housing on Merit,29,100% at 80% AMI,30,4200.0,"Grant up to $10,000 (Charitable Affordable Housing)"
2330 3rd Street Apartments,"2330 3rd Street Apartments L.P., a California limited partnership",Los Angeles,Los Angeles,24-276,2024-08-09,authorize,True,Terra Capital Development Group LLC,"Pacific Housing, Inc.",53,100% at 80% AMI,30,7950.0,"Grant up to $10,000 (Charitable Affordable Housing)"
Appian Terrace Apartments,APPIAN LP,Los Angeles,Los Angeles,24-277,2024-08-09,authorize,True,Tesseract Capital Group,Housing on Merit,41,100% at 80% AMI,30,,"Grant up to $10,000 (Charitable Affordable Housing)"
Sierra Park Apartments,"Sierra Park LP, a California Limited Partnership",,Sacramento,,2024-08-09,authorize,False,Tesseract Capital Group,Housing on Merit,104,100% at 80% AMI,30,,"Grant up to $10,000 (Charitable Affordable Housing)"
7524 S. Hoover St. Apartments,"BIF NON OZ 7524 S HOOVER ST, LP",Los Angeles,Los Angeles,24-279,2024-08-09,authorize,True,SoLa Impact,Housing On Merit,79,61% at 80% AMI,30,11850.0,"Grant up to $10,000 (Charitable Affordable Housing)"
Santa Monica Portfolio A Apartments,"GC 1422-1428 6th, LP",Santa Monica,Los Angeles,24-280,2024-08-09,authorize,True,Gortikov Capital,"Kingdom Development, Inc.",24,60% at 80% AMI,26,4800.0,"Grant up to $10,000 (Charitable Affordable Housing)"
Santa Monica Portfolio B Apartments,"GC 1422-1432 7th, LP",Santa Monica,Los Angeles,24-281,2024-08-09,authorize,True,Gortikov Capital,"Kingdom Development, Inc.",22,60% at 80% AMI,26,7350.0,"Grant up to $10,000 (Charitable Affordable Housing)"
Santa Monica Portfolio C Apartments,"GC 1423-1425 6th, LP",Santa Monica,Los Angeles,24-282,2024-08-09,authorize,True,Gortikov Capital,"Kingdom Development, Inc.",24,60% at 80% AMI,27,4350.0,"Grant up to $10,000 (Charitable Affordable Housing)"
Santa Monica Portfolio D Apartments,"GC 1522 6th, LP",Santa Monica,Los Angeles,24-283,2024-08-09,authorize,True,Gortikov Capital,"Kingdom Development, Inc.",26,100% at 80% AMI,30,3750.0,"Grant up to $10,000 (Charitable Affordable Housing)"
Santa Monica Portfolio E Apartments,"GC 1537 7th, LP",Santa Monica,Los Angeles,24-284,2024-08-09,authorize,True,Gortikov Capital,"Kingdom Development, Inc.",26,100% at 80% AMI,30,3750.0,"Grant up to $10,000 (Charitable Affordable Housing)"
Santa Monica Portfolio F Apartments,"GC 2001-2029 Olympic, LP",Santa Monica,Los Angeles,24-285,2024-08-09,authorize,True,Gortikov Capital,"Kingdom Development, Inc.",65,60% at 80% AMI,30,14700.0,"Grant up to $10,000 (Charitable Affordable Housing)"
Harbor Terrace Apartments,"Post Harbor Terrace, LP",Los Angeles,Los Angeles,24-286,2024-08-09,authorize,True,Ascenda Capital,Integrity Housing,93,100% at 80% AMI,30,13950.0,"Grant up to $10,000 (Charitable Affordable Housing)"
2330 3rd Street Apartments,2330 3rd Street Apartments L.P.,Los Angeles,Los Angeles,,2024-08-30,authorize,False,Terra Capital Development Group LLC,"Pacific Housing, Inc.",53,100% at 80% AMI,30,7950.0,"Grant up to $10,000 (Charitable Affordable Housing)"
Stadium Village Apartments,"SV INGLEWOOD HOLDINGS, L.P., a California limited partnership",Inglewood,Los Angeles,,2024-08-30,authorize,False,Community HousingWorks,Community HousingWorks,80,100% at 80% AMI,30,12000.0,"Grant up to $10,000 (Charitable Affordable Housing)"
Hillsdale Gardens Apartments,Hillsdale Property LP,San Mateo,San Mateo,,2024-08-30,authorize,False,Ethos Real Estate,"Pacific Housing, Inc.",697,100% at 80% AMI,30,74775.0,"Grant up to $10,000 (Charitable Affordable Housing)"
Horizon Apartments,"BWF II ETHOS CA HORIZON LP, a Delaware limited partnership",Santa Ana,Orange,24-377,2024-09-20,authorize,True,Ethos Real Estate,"Affordable Housing Access, Inc.",406,100% at 80% AMI,30,60900.0,"Grant up to $10,000 (Charitable Affordable Housing)"
6171 Mission Gorge Apartments,6171 MISSION GORGE OWNER LP,San Diego,San Diego,24-378,2024-09-20,authorize,True,Impact Housing,Las Palmas Housing & Development Corporation,488,100% at 80% AMI,30,72450.0,"Grant up to $10,000 (Charitable Affordable Housing)"
6200 S. Broadway Apartments,"BIF NON OZ 6200 BROADWAY BLK, LP",Los Angeles,Los Angeles,,2024-09-20,authorize,False,"SoLa Impact, LLC",Housing on Merit,66,80% at 80% AMI,30,7950.0,"Grant up to $10,000 (Charitable Affordable Housing)"
4228 Western Ave. Apartments,"BIF NON OZ 4228 WESTERN AVE, LP",Los Angeles,Los Angeles,,2024-09-20,authorize,False,"SoLa Impact, LLC",Housing on Merit,68,21% at 80% AMI,30,2500.0,"Grant up to $10,000 (Charitable Affordable Housing)"
4327 S. Vermont Apartments,IF OZ 4300 S VERMONT AVE BLK LP a Delaware limited partnership,Los Angeles,Los Angeles,24-381,2024-09-20,authorize,True,"SoLa Impact, LLC",Housing on Merit,188,59% at 80% AMI,30,16650.0,"Grant up to $10,000 (Charitable Affordable Housing)"
2023 Imperial Apartments,"BIF NON OZ 2000 Imperial Hwy Blk, LP",Los Angeles,Los Angeles,24-382,2024-09-20,authorize,True,"SoLa Impact, LLC",Housing on Merit,90,79% at 80% AMI,30,10650.0,"Grant up to $10,000 (Charitable Affordable Housing)"
Marquee Apartments,"Post Marquee North Hollywood, LP",Los Angeles,Los Angeles,24-383,2024-09-20,authorize,True,Ascenda Capital,Integrity Housing,236,100% at 80% AMI,30,35400.0,"Grant up to $10,000 (Charitable Affordable Housing)"
Meridian Apartments,"400 Meridian, LP, a California limited partnership",San Rafael,Marin,24-384,2024-09-20,authorize,True,Tesseract Capital Group,Housing on Merit,99,100% at 80% AMI,35,,"Grant up to $10,000 (Charitable Affordable Housing)"
Hillsdale Gardens Apartments,Hillsdale Property LP,San Mateo,San Mateo,24-411,2024-10-11,authorize,True,Ethos Real Estate,"Pacific Housing, Inc.",697,100% at 80% AMI,30,74775.0,"Grant up to $10,000 (Charitable Affordable Housing)"
Horizon Apartments,"BWF II ETHOS CA HORIZON LP, a Delaware limited partnership",Santa Ana,Orange,24-410,2024-10-11,authorize,True,Ethos Real Estate,"Affordable Housing Access, Inc.",406,100% at 80% AMI,30,60900.0,"Grant up to $10,000 (Charitable Affordable Housing)"
6171 Mission Gorge Apartments,"6171 Mission Gorge Owner LP, a California limited partnership",San Diego,San Diego,24-412,2024-10-11,authorize,True,Impact Housing,Las Palmas Housing & Development Corporation,488,100% at 80% AMI,30,72450.0,"Grant up to $10,000 (Charitable Affordable Housing)"
4752 Main Street Apartments,"4752 Main, LP",Los Angeles,Los Angeles,24-399,2024-10-11,preliminary_only,True,"Eleos Ventures, LLC",Step Forward Communities,53,100% at 80% AMI,30,7950.0,"Grant up to $10,000 (Charitable Affordable Housing)"
Soto Apartments,"EV 228 Soto, LP, a California limited partnership",Los Angeles,Los Angeles,24-413,2024-10-11,authorize,True,"Eleos Ventures, LLC",Step Forward Communities,41,100% at 80% AMI,30,6000.0,"Grant up to $10,000 (Charitable Affordable Housing)"
Main Street Apartments,"4752 Main, LP",Los Angeles,Los Angeles,,2024-11-01,preliminary_only,False,"Eleos Ventures, LLC",Step Forward Communities,53,100% at 80% AMI,30,7950.0,"Grant up to $10,000 (Charitable Affordable Housing)"
Market Street Village Apartments,699 14TH Street CSLC LP,San Diego,San Diego,24-427,2024-11-01,authorize,True,Community Solutions,Community Solutions,229,100% at 80% AMI,30,,"Grant up to $10,000 (Charitable Affordable Housing)"
The Carla Apartments,1201 Fulton Ave LP,,Sacramento,24-428,2024-11-01,authorize,True,"Trion Properties, Inc.",Riverside Charitable Corporation,63,100% at 80% AMI,30,,"Grant up to $10,000 (Charitable Affordable Housing)"
Creekside Villas Apartments,"Post Creekside, LP",San Diego,San Diego,24-429,2024-11-01,authorize,True,Post Investment Group,Integrity Housing,144,100% at 80% AMI,30,21600.0,"Grant up to $10,000 (Charitable Affordable Housing)"
Skylark Place by Trion Living Apartments,"Trion Skylark Properties, LP",,Sacramento,24-430,2024-11-01,authorize,True,"Trion Properties, Inc.",Integrity Housing,198,100% at 80% AMI,30,,"Grant up to $10,000 (Charitable Affordable Housing)"
Seaport Village Apartments,"Avanath Seaport, LP, a Delaware limited partnership",Long Beach,Los Angeles,,2024-11-22,authorize,False,Avanath Capital,"Pacific Housing, Inc.",42,40% at 80% AMI,30,21600.0,"Grant up to $10,000 (Charitable Affordable Housing)"
1457 Main Street Apartments,1457 Main Owner LP,Los Angeles,Los Angeles,24-443,2024-11-22,authorize,True,Thrive Living,"Kingdom Development, Inc.",377,40% at 80% AMI,30,22650.0,"Grant up to $10,000 (Charitable Affordable Housing)"
Viewpoint Apartments,"651 Addison LLC, a California limited liability company",Berkeley,Alameda,24-470,2024-12-13,authorize,True,BRIDGE Housing Corporation,BRIDGE Housing Corporation,94,75% at 80% AMI,30,10650.0,"Grant up to $10,000 (Charitable Affordable Housing)"
Ventana Residences Apartments,"99 Ocean Avenue LP, a Delaware limited partnership",,San Francisco,,2024-12-13,authorize,False,"Presidio Bay Ventures, LLC","Pacific Housing, Inc.",193,52% at 80% AMI,30,15000.0,"Grant up to $10,000 (Charitable Affordable Housing)"
SoFi Los Gatos Creek Apartments,"BWF III Ethos CA Los Gatos Creek LP, a Delaware limited partnership",San Jose,Santa Clara,24-472,2024-12-13,authorize,True,Ethos Real Estate,"Casa Major, Inc.",193,100% at 80% AMI,30,28950.0,"Grant up to $10,000 (Charitable Affordable Housing)"
Chaparral Apartments,"Post Chaparral, LP, a Delaware limited partnership",Palmdale,Los Angeles,24-473,2024-12-13,authorize,True,Post Investment Group,Integrity Housing,296,100% at 80% AMI,30,44400.0,"Grant up to $10,000 (Charitable Affordable Housing)"
Elevate Long Beach Apartments,"Gelt on 3rd LB, LP",Long Beach,Los Angeles,,2025-01-10,preliminary_only,False,Gelt Ventures Partners,Integrity Housing,171,100% at 80% AMI,30,,"Grant up to $10,000 (Charitable Affordable Housing)"
2245 Amherst Apartments,2245 Amherst LLC,Los Angeles,Los Angeles,,2025-01-10,preliminary_only,False,HVN Development,Integrity Housing,38,100% at 80% AMI,30,,"Grant up to $10,000 (Charitable Affordable Housing)"
Bella Vista Apartments,"Vintage Housing Holdings, LLC",Richmond,Contra Costa,25-038,2025-01-10,authorize,True,"Vintage Housing Holdings, LLC",Hearthstone Housing Foundation,8,at 80% AMI,30,98100.0,"Grant up to $10,000 (Charitable Affordable Housing)"
Electric Lofts Apartments,"Electric Lofts, LP",Oakland,Alameda,25-066,2025-01-31,authorize,True,Trestle Development LLC,AOF / Pacific Affordable Housing Corp,89,10% at 60% AMI; 90% at 80% AMI,30,13350.0,"Grant up to $10,000 (Charitable Affordable Housing)"
Harken Apartments,"PREG 5150 ECR Los Altos, LP, a California limited partnership",Los Altos,Santa Clara,25-065,2025-01-31,authorize,True,Prometheus Real Estate Group,Hearthstone Housing Foundation,29,15% at 60% AMI,30,,"Grant up to $10,000 (Charitable Affordable Housing)"
Cherokee Avenue Apartments,1305 CherokeeOOZB LLC,Los Angeles,Los Angeles,,2025-01-31,preliminary_only,False,Uncommon Developers,Pacific Housing Inc.,52,100% at 80% AMI,30,7800.0,"Grant up to $10,000 (Charitable Affordable Housing)"
Oak Park Apartments,"Post Oak Park Monrovia, LP",Monrovia,Los Angeles,,2025-01-31,preliminary_only,False,Post Investment Group,Integrity Housing,156,100% at 80% AMI,30,23400.0,"Grant up to $10,000 (Charitable Affordable Housing)"
Meridian Apartments,"400 Meridian LP, a California limited partnership",San Rafael,Marin,25-083,2025-02-21,authorize,True,Tesseract Capital Group,Housing on Merit,99,100% at 80% AMI,30,,"Grant up to $10,000 (Charitable Affordable Housing)"
333 Douglas Apartments,"333 Douglas Street, LP, a California limited partnership",Los Angeles,Los Angeles,,2025-02-21,authorize,False,,,,,,,"Grant up to $10,000 (Charitable Affordable Housing)"
Mansfield Micro Apartments,"2533 Mansfield Owner, L.P., a California limited partnership.",Los Angeles,Los Angeles,25-084,2025-02-21,authorize,True,"CIM Group, LLC","Pacific Housing, Inc.",116,100% at 80% AMI,30,17250.0,"Grant up to $10,000 (Charitable Affordable Housing)"
The Enclave Apartments,"ENCLAVE LP, a California limited partnership",Walnut Creek,Contra Costa,,2025-02-21,authorize,False,Tesseract Capital Group,Housing on Merit,32,100% at 80% AMI,30,,"Grant up to $10,000 (Charitable Affordable Housing)"
501 S. Burlington Avenue Apartments,501 Burlington Owners L.P.,Los Angeles,Los Angeles,,2025-02-21,preliminary_only,False,Taylor Equities,"Kingdom Development, Inc.",42,100% at 80% AMI,30,6300.0,"Grant up to $10,000 (Charitable Affordable Housing)"
Brookhollow Apartments,"Post Brookhollow, LP",West Covina,Los Angeles,,2025-02-21,preliminary_only,False,Post Investment Group,Integrity Housing,188,100% at 80% AMI,30,28200.0,"Grant up to $10,000 (Charitable Affordable Housing)"
625 S. Burlington Avenue Apartments,625 Burlington Owners L.P.,Los Angeles,Los Angeles,,2025-02-21,preliminary_only,False,Taylor Equities,"Kingdom Development, Inc.",48,100% at 80% AMI,30,7200.0,"Grant up to $10,000 (Charitable Affordable Housing)"
The Groves at East Tabor Apartments,"Post Groves, LP",Fairfield,Solano,,2025-02-21,preliminary_only,False,Post Investment Group,Integrity Housing,148,100% at 80% AMI,30,22200.0,"Grant up to $10,000 (Charitable Affordable Housing)"
Shadowbrook Apartments,"Post Shadowbrook, LP",Selma,Fresno,,2025-02-21,preliminary_only,False,Post Investment Group,Integrity Housing,193,100% at 80% AMI,30,28950.0,"Grant up to $10,000 (Charitable Affordable Housing)"
River Court Apartments,"Post Rivercourt, LP",Sacramento,Sacramento,,2025-02-21,preliminary_only,False,Post Investment Group,Integrity Housing,160,100% at 80% AMI,30,24000.0,"Grant up to $10,000 (Charitable Affordable Housing)"
Emerald Pointe Apartments,"Post Emerald, LP",Modesto,Stanislaus,,2025-02-21,preliminary_only,False,Post Investment Group,Integrity Housing,250,100% at 80% AMI,30,37500.0,"Grant up to $10,000 (Charitable Affordable Housing)"
3901 Normandie Avenue Apartments,"BIF OZ 3905 NORMANDIE AVE, LP",Los Angeles,Los Angeles,,2025-02-21,preliminary_only,False,"SoLa Impact, LLC",Housing on Merit,84,100% at 80% AMI,30,12600.0,"Grant up to $10,000 (Charitable Affordable Housing)"
11422 Broadway Apartments,"BIF IMPACT OZ 1100 BROADWAY BLK, LP",Los Angeles,Los Angeles,,2025-02-21,authorize,False,,,,,,,"Grant up to $10,000 (Charitable Affordable Housing)"
Casa La Palma Apartments,"7777 Valley View, L.P., a California limited partnership",La Palma,Orange,25-103,2025-03-14,authorize,True,Mariman & Co.,AOF/Pacific Affordable Housing Corporation,272,100% at 80% AMI,30,40500.0,"Grant up to $10,000 (Charitable Affordable Housing)"
The Eaves Apartments,"920 Gramercy Upwell, LP, a Delaware limited partnership",Los Angeles,Los Angeles,25-104,2025-03-14,authorize,True,Treehouse Community,Butterfly’s Haven,13,100% at 80% AMI,30,2500.0,"Grant up to $10,000 (Charitable Affordable Housing)"
Coronado Palms Apartments,"Coronado Owner, LP",Anaheim,Orange,25-102,2025-03-14,authorize,True,TriWest Multifamily,"Kingdom Development, Inc.",169,40% at 80% AMI,30,10200.0,"Grant up to $10,000 (Charitable Affordable Housing)"
AVID South & Lime Apartments,"Avid South & Lime, LP",Long Beach,Los Angeles,,2025-03-14,preliminary_only,False,Avanath Capital,BRIDGE Housing Corporation,96,100% at 80% AMI,30,14400.0,"Grant up to $10,000 (Charitable Affordable Housing)"
569th W. 6th Street Apartments,"SIOF 5 Properties, LP",Los Angeles,Los Angeles,,2025-03-14,preliminary_only,False,"SoLa Impact, LLC",Housing on Merit,48,100% at 80% AMI,30,7200.0,"Grant up to $10,000 (Charitable Affordable Housing)"
Lindley Parc Apartments,10535 Lindley Affordable L.P.,Los Angeles,Los Angeles,25-116,2025-04-04,authorize,True,Taylor Equities,Housing on Merit,50,100% at 80% AMI,30,4800.0,"Grant up to $10,000 (Charitable Affordable Housing)"
Candlewood North Apartments,"Post Candlewood North, LP",Los Angeles,Los Angeles,25-117,2025-04-04,authorize,True,Post Investment Group,Integrity Housing,189,100% at 80% AMI,30,28350.0,"Grant up to $10,000 (Charitable Affordable Housing)"
Aspire Arden Apartments,Clear Capital or an affiliate,Sacramento,Sacramento,,2025-04-04,preliminary_only,False,"Clear Capital, LLC",Housing on Merit,250,40% at 80% AMI,30,15000.0,"Grant up to $10,000 (Charitable Affordable Housing)"
Terrace View Apartments,"SFF 4, LLC",Daly City,San Mateo,25-144,2025-04-25,authorize,True,The Sobrato Organization,"Pacific Housing, Inc.",122,20% at 60% AMI; 80% at 80% AMI,30,18300.0,"Grant up to $10,000 (Charitable Affordable Housing)"
SoFi Redwood Park Apartments,"SFF 3, LLC",Redwood City,San Mateo,25-145,2025-04-25,authorize,True,The Sobrato Organization,"Pacific Housing, Inc.",112,20% at 60% AMI; 80% at 80% AMI,30,16800.0,"Grant up to $10,000 (Charitable Affordable Housing)"
685 W 4th Apartments,2 SIOF 685 W Fourth St. LP,Los Angeles,Los Angeles,25-146,2025-04-25,authorize,True,"SoLa Impact, LLC",Housing on Merit,28,100% at 80% AMI,30,4050.0,"Grant up to $10,000 (Charitable Affordable Housing)"
Summer House Apartments,"The Michaels Development Company I, L.P. or an affiliate",Alameda,Alameda,,2025-04-25,preliminary_only,False,The Michaels Organization,"Pacific Housing, Inc.",615,100% at 80% AMI,30,68625.0,"Grant up to $10,000 (Charitable Affordable Housing)"
569 W 6th Apartments,"SIOF 5 Properties, LP",Los Angeles,Los Angeles,25-147,2025-04-25,authorize,True,"SoLa Impact, LLC",Housing on Merit,48,100% at 80% AMI,30,7050.0,"Grant up to $10,000 (Charitable Affordable Housing)"
1540 W Court Apartments,"1540 W. Court Street, LP",Los Angeles,Los Angeles,25-207,2025-05-16,authorize,True,Visionary Development Enterprises LLC,Housing on Merit,189,78% at 80% AMI,30,22200.0,"Grant up to $10,000 (Charitable Affordable Housing)"
Sol Haus Apartments,"Sol Haus Owner LP, California Limited Partnership",San Diego,San Diego,25-209,2025-05-16,authorize,True,CONAM Management Corporation,Las Palmas Housing & Development Corporation,147,100% at 80% AMI,30,,"Grant up to $10,000 (Charitable Affordable Housing)"
Palmilla Apartments,BWF III Ethos CA Palmilla LP,San Diego,San Diego,25-208,2025-05-16,authorize,True,Ethos Real Estate,"Casa Major, Inc.",203,100% at 80% AMI,30,,"Grant up to $10,000 (Charitable Affordable Housing)"
Waterbend Apartments,Axis Fee Owner LP,,San Francisco,25-219,2025-05-16,authorize,True,TruAmerica Multifamily LLC,Affordable Housing Access,136,15% at 55% AMI; 85% at 80% AMI,30,,"Grant up to $10,000 (Charitable Affordable Housing)"
Bella Vista at Hilltop Apartments,"Bella Vista Owner, LP",Richmond,Contra Costa,25-229,2025-05-30,authorize,True,"Vintage Housing Holdings, LLC / Kennedy Wilson","Pacific Housing, Inc.",8,at 80% AMI,30,98100.0,"Grant up to $10,000 (Charitable Affordable Housing)"
9750 Airport Blvd. Apartments,"Perseverance LAX Affordable, L.P.",Los Angeles,Los Angeles,,2025-05-30,preliminary_only,False,Capital Insight,"Kingdom Development, Inc.",,40% at 80% AMI,30,34350.0,"Grant up to $10,000 (Charitable Affordable Housing)"
Chadwick Apartments,"Chadwick Owner, LP",Los Angeles,Los Angeles,25-230,2025-05-30,authorize,True,"Vintage Housing Holdings, LLC / Kennedy Wilson","Pacific Housing, Inc.",687,100% at 80% AMI,30,74025.0,"Grant up to $10,000 (Charitable Affordable Housing)"
Bella Vista at Hilltop Apartments,"Bella Vista Owner, LP",Richmond,Contra Costa,25-247,2025-06-06,authorize,True,"Vintage Housing Holdings, LLC / Kennedy Wilson","Pacific Housing, Inc.",8,at 80% AMI,30,98100.0,"Grant up to $10,000 (Charitable Affordable Housing)"
Chadwick Apartments,"Chadwick Owner, LP",Los Angeles,Los Angeles,25-248,2025-06-06,authorize,True,"Vintage Housing Holdings, LLC / Kennedy Wilson","Pacific Housing, Inc.",687,100% at 80% AMI,30,74025.0,"Grant up to $10,000 (Charitable Affordable Housing)"
17188 Chatsworth St. Apartments,"Chatsworth Housing, LP",Los Angeles,Los Angeles,,2025-06-06,preliminary_only,False,BMI Developments,"Kingdom Development, Inc.",69,81% at 80% AMI,30,8400.0,"Grant up to $10,000 (Charitable Affordable Housing)"
Bella Vista at Hilltop Apartments,"Bella Vista Owner, LP",Richmond,Contra Costa,25-281,2025-06-27,authorize,True,"Vintage Housing Holdings, LLC / Kennedy Wilson","Pacific Housing, Inc.",8,at 80% AMI,30,98100.0,"Grant up to $10,000 (Charitable Affordable Housing)"
11630 S. Main Street Apartments,"4 SIOF 11630 S MAIN ST, LP",Los Angeles,Los Angeles,25-291,2025-06-27,authorize,True,"SoLa Impact, LLC",Housing on Merit,84,20% at 80% AMI,30,2550.0,"Grant up to $10,000 (Charitable Affordable Housing)"
685 W. 4th St Apartments,"2 SIOF 685 W Fourth St, LP, a Delaware limited partnership",Los Angeles,Los Angeles,25-289,2025-06-27,authorize,True,"SoLa Impact, LLC",Housing on Merit,28,100% at 80% AMI,30,4050.0,"Grant up to $10,000 (Charitable Affordable Housing)"
569 W. 6th Street. Apartments,"SIOF 5 Properties, LP, a California limited partnership",Los Angeles,Los Angeles,25-288,2025-06-27,authorize,True,"SoLa Impact, LLC",Housing on Merit,48,100% at 80% AMI,30,7050.0,"Grant up to $10,000 (Charitable Affordable Housing)"
Chadwick Apartments,"Chadwick Owner, LP",Los Angeles,Los Angeles,25-290,2025-06-27,authorize,True,"Vintage Housing Holdings, LLC / Kennedy Wilson","Pacific Housing, Inc.",687,100% at 80% AMI,30,74025.0,"Grant up to $10,000 (Charitable Affordable Housing)"
4101 Somerset Dr. Apartments,"6 SIOF 4101 Somerset Dr, LP",Los Angeles,Los Angeles,25-282,2025-06-27,authorize,True,"SoLa Impact, LLC",Housing on Merit,36,100% at 80% AMI,30,5250.0,"Grant up to $10,000 (Charitable Affordable Housing)"
321 E. Florence Apartments,"3 SIOF 321 E Florence Ave, LP",Los Angeles,Los Angeles,25-283,2025-06-27,authorize,True,"SoLa Impact, LLC",Housing on Merit,32,100% at 80% AMI,30,4650.0,"Grant up to $10,000 (Charitable Affordable Housing)"
6401 S. Avalon Blvd. Apartments,"6 SIOF 6401 S Avalon Blvd, LP",Los Angeles,Los Angeles,25-285,2025-06-27,authorize,True,"SoLa Impact, LLC",Housing on Merit,28,100% at 80% AMI,30,4050.0,"Grant up to $10,000 (Charitable Affordable Housing)"
9300 Compton Ave. Apartments,"6 SIOF 9300 Compton Ave, LP",Los Angeles,Los Angeles,25-284,2025-06-27,authorize,True,"SoLa Impact, LLC",Housing on Merit,20,100% at 80% AMI,30,2850.0,"Grant up to $10,000 (Charitable Affordable Housing)"
9515 Compton Ave. Apartments,"6 SIOF 9515 Compton Ave, LP",Los Angeles,Los Angeles,25-286,2025-06-27,authorize,True,"SoLa Impact, LLC",Housing on Merit,21,100% at 80% AMI,30,3000.0,"Grant up to $10,000 (Charitable Affordable Housing)"
10811 S. Compton Ave Apartments,"2 SIOF 10811 S Compton Ave, LP",Los Angeles,Los Angeles,25-287,2025-06-27,authorize,True,"SoLa Impact, LLC",Housing on Merit,29,100% at 80% AMI,30,4200.0,"Grant up to $10,000 (Charitable Affordable Housing)"
Violet on Virgil Apartments,"Post Violet, LP",Los Angeles,Los Angeles,,2025-06-27,preliminary_only,False,Post Investment Group,Integrity Housing,302,100% at 80% AMI,30,45150.0,"Grant up to $10,000 (Charitable Affordable Housing)"
Meridian Apartments,400 MERIDIAN LP,San Rafael,Marin,25-307,2025-07-18,authorize,True,Tesseract Capital Group,Housing on Merit,99,100% at 80% AMI,30,14850.0,"Grant up to $10,000 (Charitable Affordable Housing)"
Kalmia Apartments,"Kalmia Supportive Housing, L.P., a California limited partnership",Los Angeles,Los Angeles,25-306,2025-07-18,authorize,True,A Community of Friends,A Community of Friends,30,100% at 80% AMI,30,4350.0,"Grant up to $10,000 (Charitable Affordable Housing)"
Pacific Trails Apartments,"Pacific Trails, LP",Azusa,Los Angeles,25-304,2025-07-18,authorize,True,Langdon Park Capital,Housing on Merit,84,100% at 80% AMI,30,12600.0,"Grant up to $10,000 (Charitable Affordable Housing)"
LINQ Apartments,"Ethos GP I Venture, LP",San Jose,Santa Clara,25-305,2025-07-18,authorize,True,Ethos Real Estate,"Pacific Housing, Inc.",230,100% at 80% AMI,30,34500.0,"Grant up to $10,000 (Charitable Affordable Housing)"
Mosaic Apartments,"Pacific Housing, Inc. and Big 4 Properties, or an affiliate",Pittsburg,Contra Costa,,2025-07-18,preliminary_only,False,"Big 4 Properties, LLC","Pacific Housing, Inc.",208,100% at 80% AMI,30,31200.0,"Grant up to $10,000 (Charitable Affordable Housing)"
Ventana Rental Homes Apartments,"Pacific Housing, Inc. and Big 4 Properties, or an affiliate",Pittsburg,Contra Costa,,2025-07-18,preliminary_only,False,"Big 4 Properties, LLC","Pacific Housing, Inc.",148,100% at 80% AMI,30,22200.0,"Grant up to $10,000 (Charitable Affordable Housing)"
236 Berendo Street Apartments,"Terra Capital Development Group LLC and Pacific Housing, Inc., or an affiliate",Los Angeles,Los Angeles,,2025-07-18,preliminary_only,False,Terra Capital Development Group LLC,"Pacific Housing, Inc.",52,100% at 80% AMI,30,7800.0,"Grant up to $10,000 (Charitable Affordable Housing)"
Chatsworth Apartments,"Chatsworth Housing, LP",Los Angeles,Los Angeles,25-308,2025-07-18,authorize,True,BMI Developments,"Kingdom Development, Inc.",69,100% at 80% AMI,30,10200.0,"Grant up to $10,000 (Charitable Affordable Housing)"
Meridian Apartments,400 MERIDIAN LP,San Rafael,Marin,25-346,2025-08-08,authorize,True,Tesseract Capital Group,Housing on Merit,99,100% at 80% AMI,30,,"Grant up to $10,000 (Charitable Affordable Housing)"
Huston Affordable Housing Apartments,10910 Huston LP,Los Angeles,Los Angeles,25-353,2025-08-08,authorize,True,"Angeleno Investments, LP",Las Palmas Housing & Development Corporation,38,100% at 80% AMI,30,5550.0,"Grant up to $10,000 (Charitable Affordable Housing)"
Canyon Villa Apartment Homes,"Post Canyon Villa, LP",Chula Vista,San Diego,25-352,2025-08-08,authorize,True,Post Investment Group,Integrity Housing,183,100% at 80% AMI,30,27450.0,"Grant up to $10,000 (Charitable Affordable Housing)"
Azusa Gardens Apartments,"Azusa Gardens Owner, LP",Azusa,Los Angeles,25-347,2025-08-08,authorize,True,TriWest Multifamily,"Kingdom Development, Inc.",112,100% at 80% AMI,30,16800.0,"Grant up to $10,000 (Charitable Affordable Housing)"
Fountain Park Apartments,"Fountain Park, L.P., a California limited partnership",San Jose,Santa Clara,,2025-08-08,authorize,False,Belveron Partners,Las Palmas Housing & Development Corporation,164,100% at 80% AMI,30,24600.0,"Grant up to $10,000 (Charitable Affordable Housing)"
The Parker Apartments,"Flag VII The Parker, L.P.",El Monte,Los Angeles,25-350,2025-08-08,authorize,True,Belveron Partners,Las Palmas Housing & Development Corporation,177,100% at 80% AMI,30,26550.0,"Grant up to $10,000 (Charitable Affordable Housing)"
Canyon Ridge at Napa Junction Apartments,"Canyon Ridge at Napa Junction, LP",American Canyon,Napa,,2025-08-08,authorize,False,BRIDGE Housing Corporation,,148,100% at 80% AMI,30,22200.0,"Grant up to $10,000 (Charitable Affordable Housing)"
11001 S. Vermont Ave. Apartments,"5 SIOF 11001 S Vermont St, LP",Los Angeles,Los Angeles,,2025-08-08,preliminary_only,False,"SoLa Impact, LLC",Housing on Merit,84,100% at 80% AMI,30,12450.0,"Grant up to $10,000 (Charitable Affordable Housing)"
Park Kiely Apartments,"Standard Vistria Park Kiely Owner, LP",San Jose,Santa Clara,25-348,2025-08-08,authorize,True,Standard Property Company,Housing on Merit,948,100% at 80% AMI,30,93600.0,"Grant up to $10,000 (Charitable Affordable Housing)"
Citrine Apartments,"Citrine Preservation, LP",Healdsburg,Sonoma,25-428,2025-08-29,authorize,True,The Transcend Group,Retail Store Employees Building Corporation,37,100% at 80% AMI,30,5550.0,"Grant up to $10,000 (Charitable Affordable Housing)"
Camden Village Apartments,"Flag VII Camden Village, L.P.",Fremont,Alameda,25-423,2025-08-29,authorize,True,Belveron Partners,Las Palmas Housing & Development Corporation,192,100% at 80% AMI,30,28800.0,"Grant up to $10,000 (Charitable Affordable Housing)"
Passo Barrington Apartments,"Passo Barrington, LP",Los Angeles,Los Angeles,25-424,2025-08-29,authorize,True,Glimcher Capital Group,Housing on Merit,53,100% at 80% AMI,30,7800.0,"Grant up to $10,000 (Charitable Affordable Housing)"
Passo Centinela I Apartments,"Passo Centinela, LP",Los Angeles,Los Angeles,25-425,2025-08-29,authorize,True,Glimcher Capital Group,Housing on Merit,72,100% at 80% AMI,30,10650.0,"Grant up to $10,000 (Charitable Affordable Housing)"
Passo Centinela II Apartments,"Passo Centinela 2, LP",Los Angeles,Los Angeles,25-426,2025-08-29,authorize,True,Glimcher Capital Group,Housing on Merit,73,100% at 80% AMI,30,10800.0,"Grant up to $10,000 (Charitable Affordable Housing)"
Passo Stoner Apartments,"Passo Stoner, LP",Los Angeles,Los Angeles,25-427,2025-08-29,authorize,True,Glimcher Capital Group,Housing on Merit,53,100% at 80% AMI,30,7800.0,"Grant up to $10,000 (Charitable Affordable Housing)"
4th Street Apartments,2025 E 4th Street LLLP,Los Angeles,Los Angeles,25-448,2025-09-19,authorize,True,K3 Holdings,"Kingdom Development, Inc.",25,100% at 80% AMI,30,3750.0,"Grant up to $10,000 (Charitable Affordable Housing)"
Alexandria I Apartments,247 S Alexandria LLLP,Los Angeles,Los Angeles,25-449,2025-09-19,authorize,True,K3 Holdings,"Kingdom Development, Inc.",27,100% at 80% AMI,30,4050.0,"Grant up to $10,000 (Charitable Affordable Housing)"
Ashby Apartments,808 S Hobart LLLP,Los Angeles,Los Angeles,25-450,2025-09-19,authorize,True,K3 Holdings,"Kingdom Development, Inc.",49,100% at 80% AMI,30,7350.0,"Grant up to $10,000 (Charitable Affordable Housing)"
Catalina Apartments,454 Catalina LLLP,Los Angeles,Los Angeles,25-451,2025-09-19,authorize,True,K3 Holdings,"Kingdom Development, Inc.",48,100% at 80% AMI,30,7200.0,"Grant up to $10,000 (Charitable Affordable Housing)"
Edgemont Apartments,103 S Edgemont LLLP,Los Angeles,Los Angeles,25-452,2025-09-19,authorize,True,K3 Holdings,"Kingdom Development, Inc.",43,100% at 80% AMI,30,6450.0,"Grant up to $10,000 (Charitable Affordable Housing)"
Gramercy Apartments,Carson Gramercy LLLP // 974 S Gramercy LLLP,Los Angeles,Los Angeles,25-453,2025-09-19,authorize,True,K3 Holdings,"Kingdom Development, Inc.",38,100% at 80% AMI,30,5700.0,"Grant up to $10,000 (Charitable Affordable Housing)"
Irolo Apartments,Irolo 16 LLLP,Los Angeles,Los Angeles,25-454,2025-09-19,authorize,True,K3 Holdings,"Kingdom Development, Inc.",32,100% at 80% AMI,30,4800.0,"Grant up to $10,000 (Charitable Affordable Housing)"
Kenmore I Apartments,Kenmore 20 LLLP,Los Angeles,Los Angeles,25-455,2025-09-19,authorize,True,K3 Holdings,"Kingdom Development, Inc.",24,100% at 80% AMI,30,3600.0,"Grant up to $10,000 (Charitable Affordable Housing)"
Manhattan III Apartments,426 Manhattan LLLP,Los Angeles,Los Angeles,25-456,2025-09-19,authorize,True,,,,,,,"Grant up to $10,000 (Charitable Affordable Housing)"
Mariposa II Apartments,260 S Mariposa LLLP,Los Angeles,Los Angeles,25-457,2025-09-19,authorize,True,K3 Holdings,"Kingdom Development, Inc.",40,100% at 80% AMI,30,6000.0,"Grant up to $10,000 (Charitable Affordable Housing)"
Sandpiper Cove Apartments,Sandpiper Cove Apartments,Yuba City,Sutter,,2025-09-19,preliminary_only,False,Cahill Realty,Central Valley Coalition for Affordable Housing,90,100% at 80% AMI,30,13500.0,"Grant up to $10,000 (Charitable Affordable Housing)"
Normandie Apartments,739 Normandie LLLP,Los Angeles,Los Angeles,25-458,2025-09-19,authorize,True,K3 Holdings,"Kingdom Development, Inc.",32,100% at 80% AMI,30,4800.0,"Grant up to $10,000 (Charitable Affordable Housing)"
Norton Apartments,1111 Norton LLLP,Los Angeles,Los Angeles,25-459,2025-09-19,authorize,True,K3 Holdings,"Kingdom Development, Inc.",20,100% at 80% AMI,30,3000.0,"Grant up to $10,000 (Charitable Affordable Housing)"
Oxford I Apartments,Oxford 19 LLLP,Los Angeles,Los Angeles,25-460,2025-09-19,authorize,True,K3 Holdings,"Kingdom Development, Inc.",60,100% at 80% AMI,30,9000.0,"Grant up to $10,000 (Charitable Affordable Housing)"
Oxford III Apartments,960 S Oxford LLLP,Los Angeles,Los Angeles,25-461,2025-09-19,authorize,True,K3 Holdings,"Kingdom Development, Inc.",73,100% at 80% AMI,30,10950.0,"Grant up to $10,000 (Charitable Affordable Housing)"
Seven Lions Apartments,3715 W 1st Street LLLP,Los Angeles,Los Angeles,25-462,2025-09-19,authorize,True,K3 Holdings,"Kingdom Development, Inc.",55,100% at 80% AMI,30,8250.0,"Grant up to $10,000 (Charitable Affordable Housing)"
St. Andrews I Apartments,515 S St. Andrews LLLP,Los Angeles,Los Angeles,25-463,2025-09-19,authorize,True,K3 Holdings,"Kingdom Development, Inc.",40,100% at 80% AMI,30,6000.0,"Grant up to $10,000 (Charitable Affordable Housing)"
St. Andrews II Apartments,516 St. Andrews LLLP,Los Angeles,Los Angeles,25-464,2025-09-19,authorize,True,,,,,,,"Grant up to $10,000 (Charitable Affordable Housing)"
12th Street Apartments,12th Street 19 LLLP,Los Angeles,Los Angeles,25-486,2025-10-10,authorize,True,K3 Holdings,"Kingdom Development, Inc.",16,100% at 80% AMI,30,2500.0,"Grant up to $10,000 (Charitable Affordable Housing)"
Alexandria II Apartments,130 Alexandria LLLP,Los Angeles,Los Angeles,25-487,2025-10-10,authorize,True,,,,,,,"Grant up to $10,000 (Charitable Affordable Housing)"
Fedora Apartments,861 Fedora LLLP,Los Angeles,Los Angeles,25-488,2025-10-10,authorize,True,K3 Holdings,"Kingdom Development, Inc.",39,100% at 80% AMI,30,5850.0,"Grant up to $10,000 (Charitable Affordable Housing)"
Kenmore II Apartments,Kenmore II 20 LLLP,Los Angeles,Los Angeles,25-489,2025-10-10,authorize,True,K3 Holdings,"Kingdom Development, Inc.",48,100% at 80% AMI,30,7200.0,"Grant up to $10,000 (Charitable Affordable Housing)"
Kenmore III Apartments,915 S Kenmore LLLP,Los Angeles,Los Angeles,25-490,2025-10-10,authorize,True,K3 Holdings,"Kingdom Development, Inc.",18,100% at 80% AMI,30,2700.0,"Grant up to $10,000 (Charitable Affordable Housing)"
Kinglsey Apartments,530 Kingsley LLLP,Los Angeles,Los Angeles,25-491,2025-10-10,authorize,True,K3 Holdings,"Kingdom Development, Inc.",45,100% at 80% AMI,30,6750.0,"Grant up to $10,000 (Charitable Affordable Housing)"
Mariposa I Apartments,Mariposa 20 LLLP,Los Angeles,Los Angeles,25-492,2025-10-10,authorize,True,K3 Holdings,"Kingdom Development, Inc.",40,100% at 80% AMI,30,6000.0,"Grant up to $10,000 (Charitable Affordable Housing)"
The Falls at Arden Apartments,"GB Falls, LP",Sacramento,Sacramento,25-484,2025-10-10,authorize,True,Jackson Square Properties,Housing on Merit,272,100% at 80% AMI,30,,"Grant up to $10,000 (Charitable Affordable Housing)"
Citrine Apartments,"Citrine Preservation, LP",Healdsburg,Sonoma,25-485,2025-10-10,authorize,True,The Transcend Group,Retail Store Employees Building Corporation,37,100% at 80% AMI,30,5550.0,"Grant up to $10,000 (Charitable Affordable Housing)"
Mariposa III Apartments,750 Mariposa LLLP,Los Angeles,Los Angeles,25-493,2025-10-10,authorize,True,K3 Holdings,"Kingdom Development, Inc.",23,100% at 80% AMI,30,3450.0,"Grant up to $10,000 (Charitable Affordable Housing)"
Mariposa IV Apartments,520 Mariposa LLLP,Los Angeles,Los Angeles,25-494,2025-10-10,authorize,True,K3 Holdings,"Kingdom Development, Inc.",48,100% at 80% AMI,30,7200.0,"Grant up to $10,000 (Charitable Affordable Housing)"
Oxford II Apartments,Oxford 20 LLLP,Los Angeles,Los Angeles,25-495,2025-10-10,authorize,True,K3 Holdings,"Kingdom Development, Inc.",32,100% at 80% AMI,30,4800.0,"Grant up to $10,000 (Charitable Affordable Housing)"
Western Apartments,Western 19 LLLP,Los Angeles,Los Angeles,25-496,2025-10-10,authorize,True,K3 Holdings,"Kingdom Development, Inc.",76,100% at 80% AMI,30,11400.0,"Grant up to $10,000 (Charitable Affordable Housing)"
10705 Avalon Blvd Apartments,"PS 10705 Avalon Blvd, LP",Los Angeles,Los Angeles,25-512,2025-10-24,authorize,True,California State Teachers’ Retirement System,Housing On Merit,69,100% at 80% AMI,20,10200.0,"Grant up to $10,000 (Charitable Affordable Housing)"
7524 S. Hoover St Apartments,"PS 7518 Hoover St, LP",Los Angeles,Los Angeles,25-513,2025-10-24,authorize,True,California State Teachers’ Retirement System,Housing On Merit,79,100% at 80% AMI,20,11850.0,"Grant up to $10,000 (Charitable Affordable Housing)"
236 Berendo Apartments,236 Berendo Holdings OZ LP,Los Angeles,Los Angeles,25-510,2025-10-24,authorize,True,Terra Capital Development Group LLC,"Pacific Housing, Inc.",52,100% at 80% AMI,30,7800.0,"Grant up to $10,000 (Charitable Affordable Housing)"
4228 Western Apartments,"PS 4228 Western Ave, LP, a Delaware limited partnership",Healdsburg,Sonoma,25-511,2025-10-24,authorize,True,,,,,,,"Grant up to $10,000 (Charitable Affordable Housing)"
4228 Western Ave Apartments,"PS 4228 Western Ave, LP",Los Angeles,Los Angeles,25-531,2025-11-07,authorize,True,California State Teachers’ Retirement System,Housing on Merit,68,21% at 80% AMI,30,2500.0,"Grant up to $10,000 (Charitable Affordable Housing)"
Kittridge Affordable Housing Apartments,"18337 Kittridge, LP",Los Angeles,Los Angeles,25-552,2025-11-21,authorize,True,"Angeleno Investments, LP",Las Palmas Housing & Development Corporation,42,100% at 80% AMI,30,6150.0,"Grant up to $10,000 (Charitable Affordable Housing)"
9033 Ramsgate Apartments,9033 Ramsgate LP,Los Angeles,Los Angeles,25-553,2025-11-21,authorize,True,Six Peak Capital,Housing on Merit,116,100% at 80% AMI,30,17400.0,"Grant up to $10,000 (Charitable Affordable Housing)"
Renaissance Apartment Homes,"Post Renaissance Apartments, LP",Fresno,Fresno,25-551,2025-11-21,authorize,True,Post Investment Group,Foundation for Affordable Housing,278,100% at 80% AMI,30,41700.0,"Grant up to $10,000 (Charitable Affordable Housing)"
Montecito Apartments,"Flag VII Montecito, L.P.",Santa Clara,Santa Clara,25-557,2025-11-21,authorize,True,Belveron Partners,Las Palmas Housing & Development Corporation,114,100% at 80% AMI,30,17100.0,"Grant up to $10,000 (Charitable Affordable Housing)"
Thornbridge Apartments,"Thornbridge Holdings, L.P.",San Jose,Santa Clara,25-556,2025-11-21,authorize,True,Community HousingWorks,,286,100% at 80% AMI,30,42900.0,"Grant up to $10,000 (Charitable Affordable Housing)"
The Crossings Apartments,"Ethos GP I Venture, LP",Sunnyvale,Santa Clara,25-555,2025-11-21,authorize,True,"Ethos GP I Venture, LP","Pacific Housing, Inc",148,100% at 80% AMI,30,22200.0,"Grant up to $10,000 (Charitable Affordable Housing)"
Hawaiian Gardens Senior Apartments,"MKCR Capital, LLC",Hawaiian Gardens,Los Angeles,,2025-11-21,preliminary_only,False,"MKCR Capital, LLC",Foundation for Affordable Housing,101,40% at 80% AMI,30,15150.0,"Grant up to $10,000 (Charitable Affordable Housing)"
Coliseum Connections Transit Village Apartments,"Coliseum Transit Village One, LP",Oakland,Alameda,25-554,2025-11-21,authorize,True,UrbanCore Development,"Pacific Housing, Inc.",110,20% at 50% AMI; 30% at 60% AMI,30,8250.0,"Grant up to $10,000 (Charitable Affordable Housing)"
The Hive at Ackerfield Apartments,"Ackerfield 2 LP, a Delaware limited partnership",Long Beach,Los Angeles,25-568,2025-12-12,authorize,True,Golden Bee Properties,"Kingdom Development, Inc.",52,100% at 80% AMI,30,22800.0,"Grant up to $10,000 (Charitable Affordable Housing)"
Crystal Springs Terrace Apartments,"Crystal Springs Terrace Apartments, LP, a limited partnership",San Bruno,San Mateo,25-570,2025-12-12,authorize,True,Prometheus Real Estate Group,Integrity Housing,482,45% at 80% AMI,30,32400.0,"Grant up to $10,000 (Charitable Affordable Housing)"
Casa Serena Apartments,A limited partnership to be formed by Kairos Investment Management and Pacific Housing,Fremont,Alameda,25-572,2025-12-12,authorize,True,Kairos Investment Management Company,"Pacific Housing, Inc.",170,100% at 80% AMI,30,25500.0,"Grant up to $10,000 (Charitable Affordable Housing)"
Trailview Apartments,A limited partnership to be formed by Kairos Investment Management and Pacific Housing,Concord,Contra Costa,25-571,2025-12-12,authorize,True,Kairos Investment Management Company,"Pacific Housing, Inc.",120,100% at 80% AMI,30,18000.0,"Grant up to $10,000 (Charitable Affordable Housing)"
Park Wilshire Apartments,Concord Park Wilshire LP,Los Angeles,Los Angeles,25-564,2025-12-12,authorize,True,Concord Companies,"Pacific Housing, Inc.",170,100% at 80% AMI,30,25500.0,"Grant up to $10,000 (Charitable Affordable Housing)"
Sir Francis Drake Villa Apartments,Concord Sir Francis Drake LP,Los Angeles,Los Angeles,25-565,2025-12-12,authorize,True,Concord Companies,"Pacific Housing, Inc.",61,100% at 80% AMI,30,9150.0,"Grant up to $10,000 (Charitable Affordable Housing)"
The Langham Apartments,Concord Langham LP,Los Angeles,Los Angeles,25-566,2025-12-12,authorize,True,Concord Companies,"Pacific Housing, Inc.",181,100% at 80% AMI,30,27150.0,"Grant up to $10,000 (Charitable Affordable Housing)"
The Piccadilly Apartments,Concord Piccadilly LP,Los Angeles,Los Angeles,25-567,2025-12-12,authorize,True,Concord Companies,"Pacific Housing, Inc.",74,100% at 80% AMI,30,11100.0,"Grant up to $10,000 (Charitable Affordable Housing)"
San Pedro Apartments,"7655 San Pedro, LP",Los Angeles,Los Angeles,25-562,2025-12-12,authorize,True,"Eleos Ventures, LLC",Step Forward Communities,40,100% at 80% AMI,30,6000.0,"Grant up to $10,000 (Charitable Affordable Housing)"
Coliseum Connections Transit Village Apartments,"Coliseum Transit Village One, LP",Oakland,Alameda,25-563,2025-12-12,authorize,True,UrbanCore Development,"Pacific Housing, Inc.",110,20% at 50% AMI; 30% at 60% AMI,30,8250.0,"Grant up to $10,000 (Charitable Affordable Housing)"
Golden Gardens Apartments,"Golden Gardens Housing Partners, L.P.",Fresno,Fresno,,2025-12-12,preliminary_only,False,"Islas Development, LLC","Pacific Housing, Inc.",110,100% at 80% AMI,30,16500.0,"Grant up to $10,000 (Charitable Affordable Housing)"
Hawaiian Terrace Senior Apartments,"RK Equity Group Limited Partnership, 12142 Oxnard Limited Partnership, HG Napa Equity Limited Partnership, HG FSA Capital Limited Partnership",Hawaiian Gardens,Los Angeles,25-569,2025-12-12,authorize,True,"MKCR Capital, LLC",Foundation for Affordable Housing,101,100% at 80% AMI,30,15150.0,"Grant up to $10,000 (Charitable Affordable Housing)"
12th Street Apartments,12th Street 19 LLLP,Los Angeles,Los Angeles,26-004,2026-01-09,authorize,True,K3 Holdings,"Kingdom Development, Inc.",16,100% at 80% AMI,55,2500.0,"Grant up to $10,000 (Charitable Affordable Housing)"
8th Street Apartments,2933 8th LLLP,Los Angeles,Los Angeles,26-003,2026-01-09,authorize,True,K3 Holdings,"Kingdom Development, Inc.",40,100% at 80% AMI,55,6000.0,"Grant up to $10,000 (Charitable Affordable Housing)"
Alexandria II Apartments,130 Alexandria LLLP,Los Angeles,Los Angeles,26-005,2026-01-09,authorize,True,,,,,,,"Grant up to $10,000 (Charitable Affordable Housing)"
Ardmore Apartments,Ardmore 19 LLLP,Los Angeles,Los Angeles,26-006,2026-01-09,authorize,True,K3 Holdings,"Kingdom Development, Inc.",67,100% at 80% AMI,55,10050.0,"Grant up to $10,000 (Charitable Affordable Housing)"
Avalon Apartments,Ave 55 19 LLLP,Los Angeles,Los Angeles,26-007,2026-01-09,authorize,True,K3 Holdings,"Kingdom Development, Inc.",40,100% at 80% AMI,55,6000.0,"Grant up to $10,000 (Charitable Affordable Housing)"
Fedora Apartments,861 Fedora LLLP,Los Angeles,Los Angeles,26-008,2026-01-09,authorize,True,K3 Holdings,"Kingdom Development, Inc.",39,100% at 80% AMI,55,5850.0,"Grant up to $10,000 (Charitable Affordable Housing)"
Harvard Apartments,516 Harvard LLLP,Los Angeles,Los Angeles,26-009,2026-01-09,authorize,True,K3 Holdings,"Kingdom Development, Inc.",40,100% at 80% AMI,55,6000.0,"Grant up to $10,000 (Charitable Affordable Housing)"
Hollywood Apartments,5200 Hollywood LLLP,Los Angeles,Los Angeles,26-010,2026-01-09,authorize,True,K3 Holdings,"Kingdom Development, Inc.",20,100% at 80% AMI,55,3000.0,"Grant up to $10,000 (Charitable Affordable Housing)"
Kenmore II Apartments,Kenmore II 20 LLLP,Los Angeles,Los Angeles,26-011,2026-01-09,authorize,True,K3 Holdings,"Kingdom Development, Inc.",48,100% at 80% AMI,55,7200.0,"Grant up to $10,000 (Charitable Affordable Housing)"
Kenmore III Apartments,915 S Kenmore LLLP,Los Angeles,Los Angeles,26-012,2026-01-09,authorize,True,K3 Holdings,"Kingdom Development, Inc.",18,100% at 80% AMI,55,2700.0,"Grant up to $10,000 (Charitable Affordable Housing)"
Kinglsey Apartments,530 Kingsley LLLP,Los Angeles,Los Angeles,26-013,2026-01-09,authorize,True,K3 Holdings,"Kingdom Development, Inc.",45,100% at 80% AMI,55,6750.0,"Grant up to $10,000 (Charitable Affordable Housing)"
Lexington Apartments,5406 Lexington LLLP,Los Angeles,Los Angeles,26-014,2026-01-09,authorize,True,K3 Holdings,"Kingdom Development, Inc.",42,100% at 80% AMI,55,15900.0,"Grant up to $10,000 (Charitable Affordable Housing)"
Manhattan I & II Apartments,Manhattan 20 LLLP,Los Angeles,Los Angeles,26-015,2026-01-09,authorize,True,,,,,,,"Grant up to $10,000 (Charitable Affordable Housing)"
Mariposa I Apartments,Mariposa 20 LLLP,Los Angeles,Los Angeles,26-016,2026-01-09,authorize,True,K3 Holdings,"Kingdom Development, Inc.",40,100% at 80% AMI,55,6000.0,"Grant up to $10,000 (Charitable Affordable Housing)"
1141 N. Vermont Avenue Apartments,1141 N. Vermont NH LP,Los Angeles,Los Angeles,26-002,2026-01-09,authorize,True,Thrive Living,"Foundation Permanent Housing Fund, Inc.",290,100% at 80% AMI,30,43500.0,"Grant up to $10,000 (Charitable Affordable Housing)"
Mariposa III Apartments,750 Mariposa LLLP,Los Angeles,Los Angeles,26-017,2026-01-09,authorize,True,K3 Holdings,"Kingdom Development, Inc.",23,100% at 80% AMI,55,3450.0,"Grant up to $10,000 (Charitable Affordable Housing)"
Mariposa IV Apartments,520 Mariposa LLLP,Los Angeles,Los Angeles,26-018,2026-01-09,authorize,True,K3 Holdings,"Kingdom Development, Inc.",48,100% at 80% AMI,55,7200.0,"Grant up to $10,000 (Charitable Affordable Housing)"
Oxford II Apartments,Oxford 20 LLLP,Los Angeles,Los Angeles,26-020,2026-01-09,authorize,True,K3 Holdings,"Kingdom Development, Inc.",32,100% at 80% AMI,55,4800.0,"Grant up to $10,000 (Charitable Affordable Housing)"
Western Apartments,Western 19 LLLP,Los Angeles,Los Angeles,26-022,2026-01-09,authorize,True,K3 Holdings,"Kingdom Development, Inc.",76,100% at 80% AMI,55,11400.0,"Grant up to $10,000 (Charitable Affordable Housing)"
The Collective Apartments,"Langdon Park Capital & Standard Real Estate Investments, or an affiliate",Los Angeles,Los Angeles,,2026-01-09,preliminary_only,False,Langdon Park Capital and Standard Real Estate,Housing on Merit,192,100% at 80% AMI,30,28800.0,"Grant up to $10,000 (Charitable Affordable Housing)"
Redwood Square Apartments,Redwood Square Owner LLC,Sacramento,Sacramento,,2026-01-09,preliminary_only,False,Lincoln Avenue Capital Management LLC,"Pacific Housing, Inc.",206,100% at 80% AMI,30,30900.0,"Grant up to $10,000 (Charitable Affordable Housing)"
Monte Vista Apartments,Monte Vista 19 LLLP,Los Angeles,Los Angeles,26-019,2026-01-09,authorize,True,K3 Holdings,"Kingdom Development, Inc.",31,100% at 80% AMI,55,4650.0,"Grant up to $10,000 (Charitable Affordable Housing)"
Parkview Apartments,Highland 19 LLLP,Los Angeles,Los Angeles,26-021,2026-01-09,authorize,True,K3 Holdings,"Kingdom Development, Inc.",40,100% at 80% AMI,55,6000.0,"Grant up to $10,000 (Charitable Affordable Housing)"
Westmoreland Apartments,132 Westmoreland LLLP,Los Angeles,Los Angeles,26-023,2026-01-09,authorize,True,,,,,,,"Grant up to $10,000 (Charitable Affordable Housing)"
1451 W MLK BLVD Apartments,"3 SIOF 1451 W MLK BLVD, LP",Los Angeles,Los Angeles,26-040,2026-01-30,authorize,True,"SoLa Impact, LLC",Housing on Merit,50,100% at 80% AMI,30,7350.0,"Grant up to $10,000 (Charitable Affordable Housing)"
4256 Whittier Blvd Apartments,"SIOF 4252 Whittier Blvd, LP",Los Angeles,Los Angeles,26-041,2026-01-30,authorize,True,"SoLa Impact, LLC",Housing on Merit,70,19% at 80% AMI,30,2500.0,"Grant up to $10,000 (Charitable Affordable Housing)"
Del Norte Place Apartments,"MG Del Norte Place Apartments, L.P.",El Cerrito,Contra Costa,,2026-01-30,preliminary_only,False,MG Properties,"Pacific Housing, Inc.",135,20% at 80% AMI,55,4050.0,"Grant up to $10,000 (Charitable Affordable Housing)"
The Colonnade Apartments,Post Colonnade Apartments LP,San Jose,Santa Clara,,2026-01-30,preliminary_only,False,Post Investment Group,Foothill Affordable Housing Foundation,221,100% at 80% AMI,55,33150.0,"Grant up to $10,000 (Charitable Affordable Housing)"
The Hive Apartments,Ackerfield 2 LP,Long Beach,Los Angeles,26-039,2026-01-30,authorize,True,Golden Bee Properties,"Kingdom Development, Inc.",52,100% at 80% AMI,30,22800.0,"Grant up to $10,000 (Charitable Affordable Housing)"
225 W 25th Apartments,"2 SIOF 225 E 25th St, LP",Los Angeles,Los Angeles,26-042,2026-01-30,authorize,True,"SoLa Impact, LLC",Housing on Merit,30,20% at 80% AMI,30,2500.0,"Grant up to $10,000 (Charitable Affordable Housing)"
9422 Firth Avenue Apartments,"6 SIOF 9416 FIRTH, LP",Los Angeles,Los Angeles,26-043,2026-01-30,authorize,True,"SoLa Impact, LLC",Housing on Merit,39,21% at 80% AMI,30,2500.0,"Grant up to $10,000 (Charitable Affordable Housing)"
4008 Martin Luther King Blvd Apartments,"SIOF 9 Properties, LP",Los Angeles,Los Angeles,26-044,2026-01-30,authorize,True,"SoLa Impact, LLC",Housing on Merit,70,21% at 80% AMI,30,2500.0,"Grant up to $10,000 (Charitable Affordable Housing)"
1723 Corinth Apartments,"1723 Corinth, LP",Los Angeles,Los Angeles,26-109,2026-02-20,authorize,True,Seachange Partners,Foundation for Affordable Housing,42,100% at 80% AMI,55,6300.0,"Grant up to $10,000 (Charitable Affordable Housing)"
3751 Delmas Terrace Apartments,"3851 Delmas, LP",Los Angeles,Los Angeles,26-110,2026-02-20,authorize,True,Seachange Partners,Foundation for Affordable Housing,37,100% at 80% AMI,55,5550.0,"Grant up to $10,000 (Charitable Affordable Housing)"
La Vista Apartments,"SM La Vista Owner, LP",Santa Maria,Santa Barbara,26-108,2026-02-20,authorize,True,Farallon Capital Management L.L.C.,Las Palmas Housing & Development Corporation,460,100% at 80% AMI,30,57000.0,"Grant up to $10,000 (Charitable Affordable Housing)"
Bentley Parke Apartments,"Post Bentley Parke, LP",Santa Ana,Orange,26-111,2026-02-20,authorize,True,Post Investment Group,Foothill Affordable Housing Foundation,232,100% at 80% AMI,55,34800.0,"Grant up to $10,000 (Charitable Affordable Housing)"
Highlands Point Apartments,St. Anton Highlands LP,San Ramon,Contra Costa,26-107,2026-02-20,authorize,True,"Anton DevCo, Inc.","Pacific Housing, Inc.",293,35% at 80% AMI,55,15300.0,"Grant up to $10,000 (Charitable Affordable Housing)"
Fernwood Apartments,"LACDA Housing, LP",Lynwood,Los Angeles,,2026-02-20,preliminary_only,False,LACDA Housing,Pacific Southwest Community Development Corporation,5,100% at 80% AMI,55,2500.0,"Grant up to $10,000 (Charitable Affordable Housing)"
"Alhambra, Orizaba & Richfield Apartments","LACDA Housing, LP",Paramount,Los Angeles,,2026-02-20,preliminary_only,False,,,,,,,"Grant up to $10,000 (Charitable Affordable Housing)"
Johnson Apartments,"LACDA Housing, LP",Compton,Los Angeles,,2026-02-20,preliminary_only,False,LACDA Housing,Pacific Southwest Community Development Corporation,5,100% at 80% AMI,55,2500.0,"Grant up to $10,000 (Charitable Affordable Housing)"
The Mark Apartments,"Kairos Investment Management & Pacific Housing, Inc.",Hayward,Alameda,,2026-02-20,preliminary_only,False,Kairos Investment Management Company,"Pacific Housing, Inc.",151,100% at 80% AMI,55,22650.0,"Grant up to $10,000 (Charitable Affordable Housing)"
Baird Affordable Housing Apartments,6942 Baird LP,Los Angeles,Los Angeles,26-135,2026-03-13,authorize,True,"Angeleno Investments, LP",Las Palmas Housing & Development Corporation,38,100% at 80% AMI,30,5550.0,"Grant up to $10,000 (Charitable Affordable Housing)"
1408 Jefferson Apartments,AH 1408 Jefferson LP,Los Angeles,Los Angeles,,2026-03-13,preliminary_only,False,Orion Capital LLC,Foundation for Affordable Housing,70,100% at 80% AMI,55,10500.0,"Grant up to $10,000 (Charitable Affordable Housing)"
12342 Osborne Place Apartments,N31GP LP,Los Angeles,Los Angeles,,2026-03-13,preliminary_only,False,GHC Housing Partners,Foundation for Affordable Housing,100,100% at 80% AMI,55,15000.0,"Grant up to $10,000 (Charitable Affordable Housing)"
220 Humboldt Ct. Apartments,"TAP BFR ACQUISITIONS, LLC",Sunnyvale,Santa Clara,,2026-03-13,preliminary_only,False,"TruAmerica Multifamily, LLC",Affordable Housing Access,264,100% at 80% AMI,55,39600.0,"Grant up to $10,000 (Charitable Affordable Housing)"
Villa Del Sol Senior Apartments,"RFC VDS L.P., FSA VDS L.P., CEDAR BATTLES L.P. and CEDAR VALLEY L.P.",Santa Maria,Santa Barbara,26-154,2026-03-27,authorize,True,"MKCR Capital, LLC",Foundation for Affordable Housing,197,100% at 80% AMI,55,29550.0,"Grant up to $10,000 (Charitable Affordable Housing)"
Summerwood Apartment Homes,Standard Summerwood II LP,Hayward,Alameda,26-176,2026-04-17,authorize,True,"Standard Property Company, Inc.",Housing on Merit,162,100% at 80% AMI,30,,"Grant up to $10,000 (Charitable Affordable Housing)"
Del Norte Apartments,MG Del Norte Place Apartments L.P.,El Cerrito,Contra Costa,26-177,2026-04-17,authorize,True,,,,,,,"Grant up to $10,000 (Charitable Affordable Housing)"
Hazelhurst Affordable Housing Apartments,6144 Hazelhurst LP,Los Angeles,Los Angeles,26-226,2026-05-08,authorize,True,"Angeleno Investments, LP",Las Palmas Housing & Development Corporation,50,100% at 80% AMI,30,7350.0,"Grant up to $10,000 (Charitable Affordable Housing)"
Bent Tree Apartments,"PR TIG BENT TREE, LP",,Sacramento,26-225,2026-05-08,authorize,True,Tailwind Investment Group,Housing on Merit,208,100% at 80% AMI,55,,"Grant up to $10,000 (Charitable Affordable Housing)"
Elan River Village Apartments,"River Village 1845, LP",Escondido,San Diego,26-227,2026-05-08,authorize,True,"KDF Communities, LLC","Affordable Housing Access, Inc.",123,100% at 80% AMI,55,18450.0,"Grant up to $10,000 (Charitable Affordable Housing)"
Bluwater Crossing Apartments,"6801 Embarcadero Lane, LP, a California limited partnership",Carlsbad,San Diego,26-301,2026-05-29,authorize,True,Zenith Property Group LLC,San Diego Interfaith Housing Foundation,12,100% at 80% AMI,35,2500.0,"Grant up to $10,000 (Charitable Affordable Housing)"
California Place Apartments,"PR TIG Cal Place, LP",Sacramento,Sacramento,26-302,2026-05-29,authorize,True,Tailwind Investment Group,Housing on Merit,211,100% at 80% AMI,55,,"Grant up to $10,000 (Charitable Affordable Housing)"
Terrace View Apartments,"SFF 4, LLC",Daly City,San Mateo,26-352,2026-06-12,authorize,True,The Sobrato Organization,"Pacific Housing, Inc.",122,20% at 60% AMI; 80% at 80% AMI,30,18300.0,"Grant up to $10,000 (Charitable Affordable Housing)"
The Heltsley Apartments FKA SoFi Redwood Park Apartments,"SFF 3, LLC",Redwood City,San Mateo,,2026-06-12,authorize,False,The Sobrato Organization,"Pacific Housing, Inc.",112,20% at 60% AMI; 80% at 80% AMI,30,16800.0,"Grant up to $10,000 (Charitable Affordable Housing)"
Terrace View Apartments,"SFF 4, LLC",Daly City,San Mateo,,2026-06-26,authorize,False,The Sobrato Organization,"Pacific Housing, Inc.",122,20% at 60% AMI; 80% at 80% AMI,30,18300.0,"Charitable Affordable Housing Grant for an Affordable Rental Housing Facility Located in the City of Daly City, San Mateo County, California"
La Posada Apartments,"La Posada Preservation, L.P.",Santa Cruz,Santa Cruz,26-392,2026-06-26,authorize,True,Jonathan Rose Companies,"Pacific Housing, Inc.",150,100% at 80% AMI,55,22500.0,"Grant up to $10,000 (Charitable Affordable Housing)"
Guava Gardens Apartments,"Guava Gardens Senior Apartments, LP",La Mesa,San Diego,26-391,2026-06-26,authorize,True,"Positive Investments, Inc.",Foundation for Affordable Housing,81,100% at 80% AMI,55,12000.0,"Grant up to $10,000 (Charitable Affordable Housing)"
Park View by Angeleno Apartments,"Angeleno Investment, LP",Los Angeles,Los Angeles,26-390,2026-06-26,authorize,True,"Angeleno Investments, LP",Las Palmas Housing & Development Corporation,35,100% at 80% AMI,55,5100.0,"Grant up to $10,000 (Charitable Affordable Housing)"
The Heltsley Apartments FKA SoFi Redwood Park Apartments,"SFF 3, LLC",Redwood City,San Mateo,,2026-06-26,authorize,False,The Sobrato Organization,"Pacific Housing, Inc.",112,20% at 60% AMI; 80% at 80% AMI,30,16800.0,"Charitable Affordable Housing Grant for an Affordable Rental Housing Facility Located in the City of Redwood City, San Mateo County, California"
Studios on Fig Apartments,Studios on Fig LP,Los Angeles,Los Angeles,,2026-06-26,preliminary_only,False,Evolve Realty & Development Inc.,"Kingdom Development, Inc.",88,100% at 80% AMI,55,10350.0,"Grant up to $10,000 (Charitable Affordable Housing)"
Casa Del Milagro Apartments,Casa Del Milagro LP,Los Angeles,Los Angeles,,2026-06-26,preliminary_only,False,Evolve Realty & Development Inc.,"Kingdom Development, Inc.",99,100% at 80% AMI,55,14550.0,"Grant up to $10,000 (Charitable Affordable Housing)"
The Trinidad on Fig Apartments,The Trinidad Sylmar LP,Los Angeles,Los Angeles,,2026-06-26,preliminary_only,False,Evolve Realty & Development Inc.,"Kingdom Development, Inc.",164,100% at 80% AMI,55,19500.0,"Grant up to $10,000 (Charitable Affordable Housing)"
236 Berendo Apartments,236 Berendo Holdings OZ LP,Los Angeles,Los Angeles,26-408,2026-07-17,authorize,True,,,,,,,"Grant up to $10,000 (Charitable Affordable Housing)"
603 Mariposa Apartments,"603 South Mariposa QOZB, LP.",Los Angeles,Los Angeles,26-407,2026-07-17,authorize,True,Housing Diversity Corporation,PEP Housing,94,100% at 80% AMI,55,14100.0,"Grant up to $10,000 (Charitable Affordable Housing)"
Banner Avenue Apartments,6219 Banner LP,Los Angeles,Los Angeles,26-409,2026-07-17,authorize,True,Affirmed Housing,Compass for Affordable Housing,64,100% at 80% AMI,55,9450.0,"Grant up to $10,000 (Charitable Affordable Housing)"
Skyline Apartments,BRIDGE Housing Corporation,,,,2026-07-17,preliminary_only,False,BRIDGE Housing Corporation,,128,100% at 80% AMI,55,,"Grant up to $10,000 (Charitable Affordable Housing)"
North Cherokee Apartments,1248 Cherokee LP,Los Angeles,Los Angeles,,2026-07-17,preliminary_only,False,Seachange Partners,Foundation for Affordable Housing,48,100% at 80% AMI,55,7050.0,"Grant up to $10,000 (Charitable Affordable Housing)"
1408 Jefferson Blvd Apartments,"AH 1408 Jefferson, LP",Los Angeles,Los Angeles,26-406,2026-07-17,authorize,True,,,,,,,"Grant up to $10,000 (Charitable Affordable Housing)"
Bennington Apartments,"CG Bennington, LP and JSP Bennington, LP",Fairfield,Solano,26-445,2026-08-07,authorize,False,Jackson Square Properties,"Pacific Housing, Inc.",132,100% at 80% AMI,30,19800.0,"Grant up to $10,000 (Charitable Affordable Housing)"
Westlake Apartments,"Westlake Apts LP, a California limited partnership",Sacramento,Sacramento,26-446,2026-08-07,authorize,False,Tesseract Capital Group,Housing on Merit,148,100% at 80% AMI,55,22200.0,"Grant up to $10,000 (Charitable Affordable Housing)"
Park View Apartments,"Santa Maria Way Associates, LP",Santa Maria,Santa Barbara County,,2026-08-07,preliminary_only,False,Dynamic Real Estate Partners,BRIDGE Housing Corporation,148,100% at 80% AMI,55,22200.0,"Grant up to $10,000 (Charitable Affordable Housing)"
