project_id,ain,assignment_check
1,5136019013,situs-match
2,5183001017,situs-match
3,15434025,no-situs
4,147091180000,no-situs
5,5343602100,situs-match
6,0345012C,no-situs
7,454251243,no-situs
8,5134017037,situs-match
9,5134009025,situs-match
11,1295996,no-situs
12,5402028023,situs-match
13,344007,no-situs
14,867281,no-situs
15,5547013021,situs-match
17,5024017036,situs-match
18,1043514700,situs-match
19,39612209,no-situs
19,39612130,no-situs
20,2102015045,situs-match
21,2119001222,situs-match
22,6320011041,situs-match
23,7418014021,situs-match
24,5021028002,situs-match
25,5020017007,situs-match
26,7455002027,situs-match
27,4291019007,situs-match
27,4291019006,situs-match
28,4291020005,situs-match
28,4291020006,situs-match
28,4291020007,situs-match
29,4291020018,situs-match
29,4291020019,situs-match
30,4291024007,situs-match
31,4291022015,situs-match
32,4275024005,situs-match
32,4275024015,situs-match
34,4251100188,no-situs
35,22802520400000,no-situs
36,4025014001,situs-match
36,4025014002,situs-match
36,4025014003,situs-match
36,4025014004,situs-match
36,4025014005,situs-match
36,4025014006,situs-match
36,4025014007,situs-match
36,4025014008,situs-match
36,4025014009,situs-match
36,4025014010,situs-match
36,4025014011,situs-match
36,4025014012,situs-match
36,4025014013,situs-match
36,4025014014,situs-match
36,4025014015,situs-match
36,4025014016,situs-match
36,4025014017,situs-match
36,4025014018,situs-match
36,4025015001,situs-match
36,4025015002,situs-match
37,5183013023,situs-match
38,2321001019,situs-match
39,6005021032,situs-match
40,5021009036,situs-match
41,5020025039,situs-match
42,6083001009,situs-match
43,01419405,no-situs
44,5180001024,situs-match
45,39626156,no-situs
45,39626155,no-situs
46,5109003014,situs-match
46,5109003001,situs-match
47,4610304300,situs-match
48,039481250,no-situs
48,039482130,no-situs
48,042112240,no-situs
48,042113250,no-situs
48,042121090,no-situs
48,042122050,no-situs
49,4281649,no-situs
50,5351441500,situs-match
51,5473131800,situs-match
52,28501900330000,no-situs
53,26003700120000,no-situs
54,7157031001,documented
54,7157031002,documented
54,7157031003,documented
54,7157031004,documented
54,7157031005,documented
54,7157031006,documented
54,7157031007,documented
54,7157031008,documented
54,7157031009,documented
54,7157031010,documented
54,7157031011,documented
54,7157031012,documented
54,7157031013,documented
54,7157031014,documented
54,7157031015,documented
54,7157031016,documented
54,7157031017,documented
54,7157031018,documented
54,7157031019,documented
54,7157031020,documented
54,7157031021,documented
54,7157031022,documented
54,7157031023,documented
54,7157031024,documented
54,7157031025,documented
54,7157031026,documented
54,7157031027,documented
54,7157031028,documented
54,7157031029,documented
54,7157031030,documented
54,7157031031,documented
54,7157031032,documented
54,7157031033,documented
55,5409005030,situs-match
56,5619549,no-situs
58,3004004033,situs-match
59,6954018,no-situs
61,6087002036,situs-match
62,5049009082,no-situs
63,1701000273,no-situs
64,5160009020,situs-match
65,26324146,no-situs
66,5092023021,situs-match
67,12918108,no-situs
68,2764001013,situs-match
69,2731008014,situs-match
70,006312850,no-situs
70,006312860,no-situs
70,006312870,no-situs
70,006312880,no-situs
70,006312890,no-situs
70,006312900,no-situs
70,006312910,no-situs
70,006312920,no-situs
71,52082450,no-situs
72,5431A041,no-situs
73,5159020026,no-situs
73,5159020010,situs-match
73,5159020009,situs-match
74,5484004400,situs-match
75,4635902700,situs-match
76,5036031006,documented
77,6083010040,documented
78,4054900073,no-situs
79,6070003041,situs-match
80,5032015003,situs-match
81,6011008052,situs-match
82,6048022067,situs-match
83,6006018001,situs-match
84,6048004025,situs-match
85,7451037031,situs-match
86,7451026002,situs-match
87,5501013028,situs-match
88,2695003030,situs-match
90,8630009026,situs-match
91,2421011010,situs-match
92,8576001024,situs-match
93,59020050000,no-situs
94,6390806100,situs-match
97,8608030071,situs-match
98,50115064010,no-situs
99,4262018026,no-situs
100,4231018020,situs-match
101,4221007056,situs-match
102,4262016011,situs-match
103,5183012030,situs-match
104,5518008009,situs-match
105,5093017031,situs-match
106,5502011009,situs-match
107,5518013007,situs-match
108,5081032007,situs-match
109,5094021028,situs-match
110,5094023030,situs-match
111,5503015016,situs-match
112,5518008014,situs-match
113,5094004004,situs-match
114,5081006014,situs-match
115,5080008006,situs-match
115,5080008007,situs-match
115,5080008008,situs-match
116,5080015003,situs-match
117,5518027010,situs-match
118,5504029006,situs-match
119,5503017013,situs-match
120,28502100410000,no-situs
121,5518013024,situs-match
122,5094017020,situs-match
123,5518020021,situs-match
124,5094023025,situs-match
125,5503024012,situs-match
126,5094005005,situs-match
127,5094006003,situs-match
128,5502019004,situs-match
129,5517005016,situs-match
130,5080006008,situs-match
132,6020022027,no-situs
134,6063029029,situs-match
135,5518026004,situs-match
137,2125017014,no-situs
141,41805060,no-situs
142,4125011053,situs-match
144,123140018,no-situs
144,123140019,no-situs
144,123140020,no-situs
144,123140021,no-situs
146,6022014002,situs-match
147,41416654,no-situs
148,5141004003,situs-match
149,5093010009,situs-match
150,5094004007,situs-match
151,5094002004,situs-match
152,7157012023,situs-match
153,7075020011,situs-match
153,7075020012,situs-match
154,019170270,no-situs
155,1303200180,no-situs
156,5011800142,no-situs
157,2262031000,situs-match
157,2280732000,situs-match
157,2262030200,situs-match
157,2262110300,situs-match
159,5540019012,situs-match
160,5080011007,situs-match
161,5077018006,situs-match
162,5518013024,situs-match
163,5521023008,situs-match
164,5468028027,situs-match
165,5094017020,situs-match
166,5521010010,situs-match
167,5544016002,situs-match
168,5518020021,situs-match
169,5094023025,situs-match
170,5503024012,situs-match
171,5537006002,situs-match
172,5503015019,situs-match
172,5503017019,situs-match
173,5094005005,situs-match
174,5094006003,situs-match
175,5502019004,situs-match
176,5469032001,situs-match
177,5517005016,situs-match
178,5446002044,situs-match
179,5080006008,situs-match
180,5501016008,situs-match
181,7157012017,situs-match
183,5236016054,situs-match
184,5126020009,situs-match
185,6048004047,situs-match
186,5032007019,situs-match
187,19826132,no-situs
188,501261015,no-situs
190,223010017,no-situs
192,03615006,no-situs
193,2311104600,situs-match
194,4313014022,situs-match
195,4261017008,situs-match
199,2126022021,situs-match
203,21900420330000,no-situs
204,2338006014,situs-match
209,2146500200,situs-match
210,11700120210000,no-situs
211,2148026046,situs-match
212,5052023039,situs-match
213,22800420320000,no-situs
214,8386006015,situs-match
215,5539028040,documented
216,4701122500,situs-match
217,5157007028,situs-match
218,5040021006,situs-match
219,5502031012,situs-match
220,5518026004,situs-match
221,5534006026,documented
222,80C49562,no-situs
223,1831016,no-situs
224,6018007001,situs-match
227,3003300180000,no-situs
228,6053006052,situs-match
230,2530007014,situs-match
231,5501017044,situs-match
232,23115127,no-situs
232,23115128,no-situs
233,5093023056,situs-match
234,5093023059,situs-match
235,5092029007,situs-match
236,4211011047,documented
237,5540025003,situs-match
57,28424015,no-situs
60,17004068,no-situs
60,17004069,no-situs
89,25404108,no-situs
95,37226016,no-situs
96,29640005,no-situs
96,29640004,no-situs
96,29640003,no-situs
136,70607013,no-situs
138,21332022,no-situs
139,68429011,no-situs
139,68428078,no-situs
140,31342061,no-situs
189,46745084,no-situs
189,46745075,no-situs
189,46745074,no-situs
189,46745073,no-situs
191,15401034,no-situs
202,01125105,no-situs
16,128101150,documented
16,128101140,mismatch
16,128101130,mismatch
16,128101120,mismatch
16,128101110,mismatch
16,128101090,mismatch
16,128101080,mismatch
16,128101070,mismatch
16,128101060,mismatch
16,128101050,documented
16,128101040,mismatch
16,128101030,mismatch
16,128101020,mismatch
16,128101010,mismatch
16,128102110,mismatch
16,128102100,mismatch
16,128102090,mismatch
16,128102080,mismatch
16,128102070,mismatch
16,128102060,mismatch
16,128102050,mismatch
16,128102040,mismatch
16,128102030,mismatch
16,128102020,mismatch
16,128102010,mismatch
16,128102210,mismatch
16,128102200,mismatch
16,128102190,mismatch
16,128102180,mismatch
16,128102170,mismatch
16,128102160,mismatch
16,128102150,mismatch
16,128102140,mismatch
16,128102130,mismatch
16,128102120,mismatch
16,128103090,mismatch
16,128103080,mismatch
16,128103070,mismatch
16,128103060,mismatch
16,128103050,mismatch
16,128103040,mismatch
16,128103030,mismatch
16,128103020,mismatch
16,128103010,mismatch
16,128103180,situs-match
16,128103170,situs-match
16,128103160,situs-match
16,128103150,situs-match
16,128103140,situs-match
16,128103130,situs-match
16,128103120,situs-match
16,128103110,situs-match
16,128103100,situs-match
16,128105060,documented
16,128105050,situs-match
16,128105040,situs-match
16,128105030,situs-match
16,128105020,situs-match
16,128105010,situs-match
16,128104020,situs-match
16,128104010,situs-match
225,168150010,situs-match
131,89082034000,no-situs
230,2530007015,situs-match
369,4441201300,situs-match
369,4441201800,situs-match
238,9917523,no-situs
1,5136019023,situs-match
12,5402028022,situs-match
68,2764001012,situs-match
68,2764001014,situs-match
181,7157012023,situs-match
231,5501017045,situs-match
