agency,meeting_date,agenda_url,staff_report_url,minutes_url
CMFA,2026-08-07,https://www.cmfa-ca.com/wp-content/uploads/2026/08/1-CMFA-Agenda-08-07-26.pdf,https://www.cmfa-ca.com/wp-content/uploads/2026/08/CMFA-Staff-Reports-8-7-26.pdf,
CMFA,2026-07-17,https://www.cmfa-ca.com/wp-content/uploads/2026/07/1-CMFA-Agenda-07-17-26.pdf,https://www.cmfa-ca.com/wp-content/uploads/2026/07/CMFA-Staff-Reports-7-17-26.pdf,https://www.cmfa-ca.com/wp-content/uploads/2026/07/2-CMFA-Minutes-07-17-26.pdf
CMFA,2026-06-26,https://www.cmfa-ca.com/wp-content/uploads/2026/06/1-CMFA-Agenda-06-26-26.pdf,https://www.cmfa-ca.com/wp-content/uploads/2026/06/CMFA-Staff-Reports-6-26-26.pdf,https://www.cmfa-ca.com/wp-content/uploads/2026/06/2-CMFA-Minutes-06-26-26.pdf
CMFA,2026-06-12,https://www.cmfa-ca.com/wp-content/uploads/2026/06/1-CMFA-Agenda-06-12-26.pdf,https://www.cmfa-ca.com/wp-content/uploads/2026/06/CMFA-Staff-Reports-06-12-26.pdf,https://www.cmfa-ca.com/wp-content/uploads/2026/06/2-CMFA-Minutes-06-12-26.pdf
CMFA,2026-05-29,https://www.cmfa-ca.com/wp-content/uploads/2026/05/1-CMFA-Agenda-05-29-26.pdf,https://www.cmfa-ca.com/wp-content/uploads/2026/05/CMFA-Staff-Reports-5-29-26.pdf,https://www.cmfa-ca.com/wp-content/uploads/2026/05/2-CMFA-Minutes-05-29-26.pdf
CMFA,2026-05-08,https://www.cmfa-ca.com/wp-content/uploads/2026/05/1-CMFA-Agenda-05-08-26.pdf,https://www.cmfa-ca.com/wp-content/uploads/2026/05/Staff-Reports-5-8-26.pdf,https://www.cmfa-ca.com/wp-content/uploads/2026/05/CMFA-Minutes-05-08-26.pdf
CMFA,2026-04-17,https://www.cmfa-ca.com/wp-content/uploads/2026/04/1-CMFA-Agenda-04-17-26.pdf,https://www.cmfa-ca.com/wp-content/uploads/2026/04/4-17-26-CMFA-Staff-Reports.pdf,https://www.cmfa-ca.com/wp-content/uploads/2026/04/2-CMFA-Minutes-04-17-26.pdf
CMFA,2026-03-27,https://www.cmfa-ca.com/wp-content/uploads/2026/03/1-CMFA-Agenda-03-27-26.pdf,https://www.cmfa-ca.com/wp-content/uploads/2026/03/Staff-Reports-3-27-26.pdf,https://www.cmfa-ca.com/wp-content/uploads/2026/03/2-CMFA-Minutes-03-27-26.pdf
CMFA,2026-03-13,https://www.cmfa-ca.com/wp-content/uploads/2026/03/1-CMFA-Agenda-03-13-26.pdf,https://www.cmfa-ca.com/wp-content/uploads/2026/03/3-13-26-CMFA-Staff-Reports.pdf,https://www.cmfa-ca.com/wp-content/uploads/2026/03/2-CMFA-Minutes-03-13-26-1.pdf
CMFA,2026-02-20,https://www.cmfa-ca.com/wp-content/uploads/2026/02/1-CMFA-Agenda-02-20-26.pdf,https://www.cmfa-ca.com/wp-content/uploads/2026/02/CMFA-Staff-Report-2-20-26.pdf,https://www.cmfa-ca.com/wp-content/uploads/2026/02/2-CMFA-Minutes-02-20-26.pdf
CMFA,2026-01-30,https://www.cmfa-ca.com/wp-content/uploads/2026/01/1-CMFA-Agenda-01-30-26.pdf,https://www.cmfa-ca.com/wp-content/uploads/2026/01/CMFA-Staff-Reports-1-30-26.pdf,https://www.cmfa-ca.com/wp-content/uploads/2026/01/2-CMFA-Minutes-01-30-26.pdf
CMFA,2026-01-09,https://www.cmfa-ca.com/wp-content/uploads/2026/01/1-CMFA-Agenda-01-09-26.pdf,https://www.cmfa-ca.com/wp-content/uploads/2026/01/CMFA-Staff-Reports-01-09-26.pdf,https://www.cmfa-ca.com/wp-content/uploads/2026/01/2-CMFA-Minutes-01-09-26.pdf
CMFA,2025-12-12,https://www.cmfa-ca.com/wp-content/uploads/2025/12/1-CMFA-Agenda-12-12-25.pdf,https://www.cmfa-ca.com/wp-content/uploads/2025/12/CMFA-Staff-Reports-12-12-25.pdf,https://www.cmfa-ca.com/wp-content/uploads/2025/12/CMFA-Minutes-12-12-25.pdf
CMFA,2025-11-21,https://www.cmfa-ca.com/wp-content/uploads/2025/11/1-CMFA-Agenda-11-21-25.pdf,https://www.cmfa-ca.com/wp-content/uploads/2025/11/CMFA-Staff-Reports-11-21-25.pdf,https://www.cmfa-ca.com/wp-content/uploads/2025/11/2-CMFA-Minutes-11-21-25.pdf
CMFA,2025-11-07,https://www.cmfa-ca.com/wp-content/uploads/2025/11/1-CMFA-Agenda-11-07-25.pdf,https://www.cmfa-ca.com/wp-content/uploads/2025/11/CMFA-Staff-Report-11-7-25.pdf,https://www.cmfa-ca.com/wp-content/uploads/2025/11/2-CMFA-Minutes-11-07-25.pdf
CMFA,2025-10-24,https://www.cmfa-ca.com/wp-content/uploads/2025/10/1-CMFA-Agenda-10-24-25.pdf,https://www.cmfa-ca.com/wp-content/uploads/2025/10/CMFA-Staff-Reports-10-24-25.pdf,https://www.cmfa-ca.com/wp-content/uploads/2025/10/2-CMFA-Minutes-10-24-25.pdf
CMFA,2025-10-10,https://www.cmfa-ca.com/wp-content/uploads/2025/10/1-CMFA-Agenda-10-10-25.pdf,https://www.cmfa-ca.com/wp-content/uploads/2025/10/10-10-25-CMFA-Staff-Report.pdf,https://www.cmfa-ca.com/wp-content/uploads/2025/10/2-CMFA-Minutes-10-10-25.pdf
CMFA,2025-09-19,https://www.cmfa-ca.com/wp-content/uploads/2025/09/1-CMFA-Agenda-09-19-25.pdf,https://www.cmfa-ca.com/wp-content/uploads/2025/09/CMFA-Staff-Reports-09-19-25.pdf,https://www.cmfa-ca.com/wp-content/uploads/2025/09/2-CMFA-Minutes-09-19-25.pdf
CMFA,2025-08-29,https://www.cmfa-ca.com/wp-content/uploads/2025/08/1-CMFA-Agenda-08-29-25.pdf,https://www.cmfa-ca.com/wp-content/uploads/2025/08/CMFA-Staff-Reports-8-29-25.pdf,https://www.cmfa-ca.com/wp-content/uploads/2025/08/2-CMFA-Minutes-08-29-25.pdf
CMFA,2025-08-08,https://www.cmfa-ca.com/wp-content/uploads/2025/08/1-CMFA-Agenda-08-08-25.pdf,https://www.cmfa-ca.com/wp-content/uploads/2025/08/CMFA-Staff-Reports-8-8-25.pdf,https://www.cmfa-ca.com/wp-content/uploads/2025/08/2-CMFA-Minutes-08-08-25.pdf
CMFA,2025-07-18,https://www.cmfa-ca.com/wp-content/uploads/2025/07/1-CMFA-Agenda-07-18-2025.pdf,https://www.cmfa-ca.com/wp-content/uploads/2025/07/CMFA-Staff-Reports-7-18-25.pdf,https://www.cmfa-ca.com/wp-content/uploads/2025/07/2-CMFA-Minutes-07-18-2025.pdf
CMFA,2025-06-27,https://www.cmfa-ca.com/wp-content/uploads/2025/06/1-CMFA-Agenda-06-27-2025.pdf,https://www.cmfa-ca.com/wp-content/uploads/2025/06/CMFA-Staff-Report-6-27-25.pdf,https://www.cmfa-ca.com/wp-content/uploads/2025/06/2-CMFA-Minutes-06-27-2025.pdf
CMFA,2025-06-06,https://www.cmfa-ca.com/wp-content/uploads/2025/06/1-CMFA-Agenda-06-06-2025.pdf,https://www.cmfa-ca.com/wp-content/uploads/2025/06/CMFA-Staff-Reports-6-6-25.pdf,https://www.cmfa-ca.com/wp-content/uploads/2025/06/2-CMFA-Minutes-06-06-2025.pdf
CMFA,2025-05-30,https://www.cmfa-ca.com/wp-content/uploads/2025/05/1-CMFA-Agenda-05-30-2025.pdf,https://www.cmfa-ca.com/wp-content/uploads/2025/05/5-30-25-CMFA-Staff-Reports.pdf,https://www.cmfa-ca.com/wp-content/uploads/2025/05/2-CMFA-Minutes-05-30-2025.pdf
CMFA,2025-05-16,https://www.cmfa-ca.com/wp-content/uploads/2025/05/1-CMFA-Agenda-05-16-2025.pdf,https://www.cmfa-ca.com/wp-content/uploads/2025/05/05-16-25-CMFA-Staff-Reports.pdf,https://www.cmfa-ca.com/wp-content/uploads/2025/05/2-CMFA-Minutes-05-16-2025-1.pdf
CMFA,2025-05-02,https://www.cmfa-ca.com/wp-content/uploads/2025/04/1-CMFA-Agenda-05-02-2025.docx,https://www.cmfa-ca.com/wp-content/uploads/2025/04/4-CMFA-Staff-Report-Citi-Securitization.pdf,https://www.cmfa-ca.com/wp-content/uploads/2025/04/2-CMFA-Minutes-05-02-2025.pdf
CMFA,2025-04-25,https://www.cmfa-ca.com/wp-content/uploads/2025/04/1-CMFA-Agenda-04-25-2025.pdf,https://www.cmfa-ca.com/wp-content/uploads/2025/04/CMFA-Staff-Reports-1.pdf,https://www.cmfa-ca.com/wp-content/uploads/2025/04/2-CMFA-Minutes-04-25-2025-1.pdf
CMFA,2025-04-04,https://www.cmfa-ca.com/wp-content/uploads/2025/04/1-CMFA-Agenda-04-04-2025.pdf,https://www.cmfa-ca.com/wp-content/uploads/2025/04/CMFA-Staff-Report.pdf,https://www.cmfa-ca.com/wp-content/uploads/2025/04/2-CMFA-Minutes-04-04-2025.pdf
CMFA,2025-03-14,https://www.cmfa-ca.com/wp-content/uploads/2025/03/1-CMFA-Agenda-3-14-2025.pdf,https://www.cmfa-ca.com/wp-content/uploads/2025/03/CMFA-Staff-Reports-3-14-25.pdf,https://www.cmfa-ca.com/wp-content/uploads/2025/03/CMFA-Minutes-3-14-2025.pdf
CMFA,2025-02-21,https://www.cmfa-ca.com/wp-content/uploads/2025/02/CMFA-Agenda-2-21-2025.pdf,https://www.cmfa-ca.com/wp-content/uploads/2025/02/CMFA-Staff-Reports-1.pdf,https://www.cmfa-ca.com/wp-content/uploads/2025/02/2-CMFA-Minutes-2-21-2025-1.pdf
CMFA,2025-01-31,https://www.cmfa-ca.com/wp-content/uploads/2025/01/1-CMFA-Agenda-1-31-2025.pdf,https://www.cmfa-ca.com/wp-content/uploads/2025/01/CMFA-Staff-Report-01-31-25.pdf,https://www.cmfa-ca.com/wp-content/uploads/2025/01/2-CMFA-Minutes-1-31-2025.pdf
CMFA,2025-01-10,https://www.cmfa-ca.com/wp-content/uploads/2025/01/1-CMFA-Agenda-1-10-2025.pdf,https://www.cmfa-ca.com/wp-content/uploads/2025/01/CMFA-Staff-Reports-01-10-25.pdf,https://www.cmfa-ca.com/wp-content/uploads/2025/01/2-CMFA-Minutes-1-10-2025-2.pdf
CMFA,2024-12-13,https://www.cmfa-ca.com/wp-content/uploads/2024/12/1-CMFA-Agenda-12-13-2024.pdf,https://www.cmfa-ca.com/wp-content/uploads/2024/12/12-13-24-CMFA-Staff-Report.pdf,https://www.cmfa-ca.com/wp-content/uploads/2024/12/CMFA-Minutes-12-13-2024.pdf
CMFA,2024-11-22,https://www.cmfa-ca.com/wp-content/uploads/2024/11/CMFA-Agendas-11-22-2024.pdf,https://www.cmfa-ca.com/wp-content/uploads/2024/11/CMFA-Staff-Report-11-22-24.pdf,https://www.cmfa-ca.com/wp-content/uploads/2024/11/CMFA-Minutes-11-22-2024-1.pdf
CMFA,2024-11-01,https://www.cmfa-ca.com/wp-content/uploads/2024/10/1-CMFA-Agenda-11-1-2024.pdf,https://www.cmfa-ca.com/wp-content/uploads/2024/10/CMFA-Staff-Reports-11-1-24.pdf,https://www.cmfa-ca.com/wp-content/uploads/2024/10/CMFA-Minutes-11-1-2024.pdf
CMFA,2024-10-11,https://www.cmfa-ca.com/wp-content/uploads/2024/10/CMFA-Agendas-10-11-2024.pdf,https://www.cmfa-ca.com/wp-content/uploads/2024/10/CMFA-Staff-Reports-10-11-24.pdf,https://www.cmfa-ca.com/wp-content/uploads/2024/10/2-CMFA-Minutes-10-11-2024-1.pdf
CMFA,2024-09-20,https://www.cmfa-ca.com/wp-content/uploads/2024/09/1-CMFA-Agenda-09-20-2024.pdf,https://www.cmfa-ca.com/wp-content/uploads/2024/09/CMFA-Staff-Report-09-20-24.pdf,https://www.cmfa-ca.com/wp-content/uploads/2024/09/2-CMFA-Minutes-09-20-2024.pdf
CMFA,2024-08-30,https://www.cmfa-ca.com/wp-content/uploads/2024/08/CMFA-Agendas-08-30-2024.pdf,https://www.cmfa-ca.com/wp-content/uploads/2024/08/Staff-Reports-08-30-24-1.pdf,https://www.cmfa-ca.com/wp-content/uploads/2024/08/2-CMFA-Minutes-08-30-2024-1.pdf
CMFA,2024-08-09,https://www.cmfa-ca.com/wp-content/uploads/2024/08/CMFA-Agendas-08-09-2024.pdf,https://www.cmfa-ca.com/wp-content/uploads/2024/08/CMFA-Staff-Reports-8-9-24.pdf,https://www.cmfa-ca.com/wp-content/uploads/2024/08/2-CMFA-Minutes-08-09-2024.pdf
CMFA,2024-07-19,https://www.cmfa-ca.com/wp-content/uploads/2024/07/1-CMFA-Agenda-07-19-2024.pdf,https://www.cmfa-ca.com/wp-content/uploads/2024/07/07-19-24-CMFA-Staff-Reports.pdf,https://www.cmfa-ca.com/wp-content/uploads/2024/07/2-CMFA-Minutes-07-19-2024.docx
CMFA,2024-06-28,https://www.cmfa-ca.com/wp-content/uploads/2024/06/1-CMFA-Agenda-06-28-24.pdf,https://www.cmfa-ca.com/wp-content/uploads/2024/06/CMFA-Staff-Report-6-28-24.pdf,https://www.cmfa-ca.com/wp-content/uploads/2024/06/2-CMFA-Minutes-06-28-24.pdf
CMFA,2024-06-07,https://www.cmfa-ca.com/wp-content/uploads/2024/06/CMFA-Agendas-06-07-24.pdf,https://www.cmfa-ca.com/wp-content/uploads/2024/06/Staff-Report-6-7-24.pdf,https://www.cmfa-ca.com/wp-content/uploads/2024/06/2-CMFA-Minutes-06-07-24.pdf
CMFA,2024-05-17,https://www.cmfa-ca.com/wp-content/uploads/2024/05/CMFA-Agendas-05-17-24.pdf,https://www.cmfa-ca.com/wp-content/uploads/2024/05/Staff-Reports-5-17-24.pdf,https://www.cmfa-ca.com/wp-content/uploads/2024/05/CMFA-Minutes-05-17-24.pdf
CMFA,2024-04-26,https://www.cmfa-ca.com/wp-content/uploads/2024/04/CMFA-Agenda-04-26-24.pdf,https://www.cmfa-ca.com/wp-content/uploads/2024/04/CMFA-Staff-Reports-1.pdf,https://www.cmfa-ca.com/wp-content/uploads/2024/04/Minutes-04-26-24.pdf
CMFA,2024-04-05,https://www.cmfa-ca.com/wp-content/uploads/2024/04/CMFA-Agenda-04-05-24.pdf,https://www.cmfa-ca.com/wp-content/uploads/2024/04/CMFA-Staff-Reports.pdf,https://www.cmfa-ca.com/wp-content/uploads/2024/04/CMFA-Minutes-04-05-24.pdf
CMFA,2024-03-15,https://www.cmfa-ca.com/wp-content/uploads/2024/03/1-CMFA-Agenda-03-15-24.pdf,https://www.cmfa-ca.com/wp-content/uploads/2024/03/Staff-Reports-3-15-24.pdf,https://www.cmfa-ca.com/wp-content/uploads/2024/03/2-CMFA-Minutes-03-15-24.pdf
CMFA,2024-02-23,https://www.cmfa-ca.com/wp-content/uploads/2024/02/1-CMFA-Agenda-02-23-24.pdf,https://www.cmfa-ca.com/wp-content/uploads/2024/02/Staff-Reports-2-23-24-1.pdf,https://www.cmfa-ca.com/wp-content/uploads/2024/02/2-CMFA-Minutes-02-23-24.pdf
CMFA,2024-02-02,https://www.cmfa-ca.com/wp-content/uploads/2024/01/1-CMFA-Agenda-02-2-24-1.pdf,https://www.cmfa-ca.com/wp-content/uploads/2024/01/CMFA-Staff-Reports-2-2-24.pdf,https://www.cmfa-ca.com/wp-content/uploads/2024/02/2-CMFA-Minutes-02-2-24.pdf
CMFA,2024-01-12,https://www.cmfa-ca.com/wp-content/uploads/2024/01/1-CMFA-Agenda-01-12-24.pdf,https://www.cmfa-ca.com/wp-content/uploads/2024/01/CMFA-Staff-Reports.pdf,https://www.cmfa-ca.com/wp-content/uploads/2024/01/2-CMFA-Minutes-01-12-24.pdf
CMFA,2023-12-15,https://www.cmfa-ca.com/wp-content/uploads/2023/12/1-CMFA-Agenda-12-15-23.pdf,https://www.cmfa-ca.com/wp-content/uploads/2023/12/4a-CMFA-Staff-Report-Modera-the-Alameda-FR.pdf,https://www.cmfa-ca.com/wp-content/uploads/2023/12/2-CMFA-Minutes-12-15-23.pdf
CMFA,2023-12-08,https://www.cmfa-ca.com/wp-content/uploads/2023/12/CMFA-Agenda-12-8-23.pdf,https://www.cmfa-ca.com/wp-content/uploads/2023/12/CMFA-Staff-Report-12-08-23.pdf,https://www.cmfa-ca.com/wp-content/uploads/2023/12/2-CMFA-Minutes-12-8-23.pdf
CMFA,2023-11-17,https://www.cmfa-ca.com/wp-content/uploads/2023/11/CMFA-Agendas-11-17-23.pdf,https://www.cmfa-ca.com/wp-content/uploads/2023/11/Staff-Reports-11-17-23.pdf,https://www.cmfa-ca.com/wp-content/uploads/2023/11/2-CMFA-Minutes-11-17-23.pdf
CMFA,2023-11-03,https://www.cmfa-ca.com/wp-content/uploads/2023/10/1-CMFA-Agenda-11-3-23.pdf,https://www.cmfa-ca.com/wp-content/uploads/2023/10/CMFA-Staff-Reports-11.3.23.pdf,https://www.cmfa-ca.com/wp-content/uploads/2023/10/CMFA-Minutes-11-3-23.pdf
CMFA,2023-10-13,https://www.cmfa-ca.com/wp-content/uploads/2023/10/CMFA-Agenda-10-13-23.pdf,https://www.cmfa-ca.com/wp-content/uploads/2023/10/CMFA-Board-Package-10.13.23.pdf,https://www.cmfa-ca.com/wp-content/uploads/2023/10/CMFA-Minutes-10-13-23.pdf
CMFA,2023-09-15,https://www.cmfa-ca.com/wp-content/uploads/2023/09/1-CMFA-Agenda-09-15-23.pdf,https://www.cmfa-ca.com/wp-content/uploads/2023/09/CMFA-Staff-Report-9-15-23-1.pdf,https://www.cmfa-ca.com/wp-content/uploads/2023/09/CMFA-Minutes-09-15-23.pdf
CMFA,2023-08-25,https://www.cmfa-ca.com/wp-content/uploads/2023/08/1-CMFA-Agenda-08-25-23.pdf,https://www.cmfa-ca.com/wp-content/uploads/2023/08/CMFA-Staff-Report-8-25-23-1.pdf,https://www.cmfa-ca.com/wp-content/uploads/2023/08/CMFA-Minutes-08-25-23.pdf
CMFA,2023-08-04,https://www.cmfa-ca.com/wp-content/uploads/2023/08/1-CMFA-Agenda-08-04-23.pdf,https://www.cmfa-ca.com/wp-content/uploads/2023/08/8-4-23-CMFA-Staff-Reports.pdf,https://www.cmfa-ca.com/wp-content/uploads/2023/08/CMFA-Minutes-08-04-23.pdf
CMFA,2023-07-14,https://www.cmfa-ca.com/wp-content/uploads/2023/07/1-CMFA-Agenda-07-14-23.pdf,https://www.cmfa-ca.com/wp-content/uploads/2023/07/CMFA-Staff-Reports-1.pdf,https://www.cmfa-ca.com/wp-content/uploads/2023/07/CMFA-Minutes-07-14-23.pdf
CMFA,2023-06-23,https://www.cmfa-ca.com/wp-content/uploads/2023/06/1-CMFA-Agenda-06-23-23.pdf,https://www.cmfa-ca.com/wp-content/uploads/2023/06/Board-Package-6-23-23.pdf,https://www.cmfa-ca.com/wp-content/uploads/2023/06/CMFA-Minutes-06-23-23.pdf
CMFA,2023-06-02,https://www.cmfa-ca.com/wp-content/uploads/2023/05/1-CMFA-Agenda-06-02-23.pdf,https://www.cmfa-ca.com/wp-content/uploads/2023/05/CMFA-Staff-Reports-6.2.23.pdf,https://www.cmfa-ca.com/wp-content/uploads/2023/05/CMFA-Minutes-06-02-23.pdf
CMFA,2023-05-19,https://www.cmfa-ca.com/wp-content/uploads/2023/05/1-CMFA-Agenda-05-19-23-1.pdf,https://www.cmfa-ca.com/wp-content/uploads/2023/05/CMFA-Board-Package-5-19-23.pdf,https://www.cmfa-ca.com/wp-content/uploads/2023/05/CMFA-Minutes-05-19-23.pdf
CMFA,2023-04-28,https://www.cmfa-ca.com/wp-content/uploads/2023/04/1-CMFA-Agenda-04-28-23.pdf,https://www.cmfa-ca.com/wp-content/uploads/2023/04/CMFA-Staff-Reports-4-28-23.pdf,https://www.cmfa-ca.com/wp-content/uploads/2023/04/CMFA-Minutes-04-28-23.pdf
CMFA,2023-04-07,https://www.cmfa-ca.com/wp-content/uploads/2023/04/1-CMFA-Agenda-04-7-23.pdf,https://www.cmfa-ca.com/wp-content/uploads/2023/04/CMFA-Staff-Reports.pdf,https://www.cmfa-ca.com/wp-content/uploads/2023/04/2-CMFA-Minutes-04-7-23-1.pdf
CMFA,2023-03-17,https://www.cmfa-ca.com/wp-content/uploads/2023/03/1-CMFA-Agenda-03-17-23.pdf,https://www.cmfa-ca.com/wp-content/uploads/2023/03/CMFA-Staff-Reports-03.17.23.pdf,https://www.cmfa-ca.com/wp-content/uploads/2023/03/CMFA-Minutes-03-17-23.pdf
CMFA,2023-02-24,https://www.cmfa-ca.com/wp-content/uploads/2023/02/1-CMFA-Agenda-02-24-23-1.pdf,https://www.cmfa-ca.com/wp-content/uploads/2023/02/CMFA-Staff-Reports-4.pdf,https://www.cmfa-ca.com/wp-content/uploads/2023/02/CMFA-Minutes-02-24-23.pdf
CMFA,2023-02-03,https://www.cmfa-ca.com/wp-content/uploads/2023/01/1-CMFA-Agenda-02-03-23-1.pdf,https://www.cmfa-ca.com/wp-content/uploads/2023/01/CMFA-Staff-Report-1-5.pdf,https://www.cmfa-ca.com/wp-content/uploads/2023/01/1-CMFA-Minutes-02-03-23.pdf
CMFA,2023-01-13,https://www.cmfa-ca.com/wp-content/uploads/2023/01/1-CMFA-Agenda-01-13-23.pdf,https://www.cmfa-ca.com/wp-content/uploads/2023/01/CMFA-Staff-Report-1.pdf,https://www.cmfa-ca.com/wp-content/uploads/2023/01/CMFA-Minutes-01-13-23.pdf
CMFA,2023-01-06,https://www.cmfa-ca.com/wp-content/uploads/2023/01/1-CMFA-Agenda-01-06-23.pdf,https://www.cmfa-ca.com/wp-content/uploads/2023/01/4-CMFA-Staff-Report-Recycle-Program.pdf,https://www.cmfa-ca.com/wp-content/uploads/2023/01/CMFA-Meeting-Minutes-01-06-23.pdf
CSCDA,2025-01-09,https://cscda.org/wp-content/uploads/2025/01/CSCDA-Agenda-1.9.25.pdf,https://cscda.org/wp-content/uploads/2025/01/CSCDA-Agenda-Packet-1.9.25.pdf,
CSCDA,2025-01-21,,,https://cscda.org/wp-content/uploads/2025/01/CSCDA.CSCDC-Agenda-Packet-1.23.25-3.pdf
CSCDA,2025-01-23,https://cscda.org/wp-content/uploads/2025/01/CSCDA-Agenda-1.23.25.pdf,https://cscda.org/wp-content/uploads/2025/01/CSCDA.CSCDC-Agenda-Packet-1.23.25-3.pdf,https://cscda.org/wp-content/uploads/2025/02/CSCDA-Agenda-2.6.25-Agenda-Packet.pdf
CSCDA,2025-02-06,https://cscda.org/wp-content/uploads/2025/02/CSCDA-Agenda-2.6.25.pdf,https://cscda.org/wp-content/uploads/2025/02/CSCDA-Agenda-2.6.25-Agenda-Packet.pdf,https://cscda.org/wp-content/uploads/2025/02/CSCDA-Agenda-Packet-2.20.25.pdf
CSCDA,2025-02-20,https://cscda.org/wp-content/uploads/2025/02/CSCDA-Agenda-2.20.25.pdf,https://cscda.org/wp-content/uploads/2025/02/CSCDA-Agenda-Packet-2.20.25.pdf,https://cscda.org/wp-content/uploads/2025/03/CSCDA-Agenda-Packet-3.6.25.pdf
CSCDA,2025-03-06,https://cscda.org/wp-content/uploads/2025/03/CSCDA-Agenda-3.6.25-v2.pdf,https://cscda.org/wp-content/uploads/2025/03/CSCDA-Agenda-Packet-3.6.25.pdf,https://cscda.org/wp-content/uploads/2025/03/CSCDA-Agenda-Packet-3.20.25.pdf
CSCDA,2025-03-20,https://cscda.org/wp-content/uploads/2025/03/CSCDA-Agenda-3.20.25.pdf,https://cscda.org/wp-content/uploads/2025/03/CSCDA-Agenda-Packet-3.20.25.pdf,https://cscda.org/wp-content/uploads/2025/04/CSCDA-Staff-Reports-4.3.25.pdf
CSCDA,2025-04-03,https://cscda.org/wp-content/uploads/2025/03/CSCDA-Agenda-4.3.25.pdf,https://cscda.org/wp-content/uploads/2025/04/CSCDA-Staff-Reports-4.3.25.pdf,https://cscda.org/wp-content/uploads/2025/04/CSCDA-Agenda-Packet-4.17.25.pdf
CSCDA,2025-04-17,https://cscda.org/wp-content/uploads/2025/04/CSCDA-Agenda-4.17.25-1.pdf,https://cscda.org/wp-content/uploads/2025/04/CSCDA-Agenda-Packet-4.17.25.pdf,https://cscda.org/wp-content/uploads/2025/04/CSCDA-Agenda-Packet-5.1.25.pdf
CSCDA,2025-05-01,https://cscda.org/wp-content/uploads/2025/04/CSCDA-Agenda-5.1.25.pdf,https://cscda.org/wp-content/uploads/2025/04/CSCDA-Agenda-Packet-5.1.25.pdf,https://cscda.org/wp-content/uploads/2025/05/CSCDA-Agenda-Packet-5.15.25.pdf
CSCDA,2025-05-15,https://cscda.org/wp-content/uploads/2025/05/CSCDA-Agenda-5.15.25.pdf,https://cscda.org/wp-content/uploads/2025/05/CSCDA-Agenda-Packet-5.15.25.pdf,https://cscda.org/wp-content/uploads/2025/06/CSCDA-Agenda-Packet-6.5.25.pdf
CSCDA,2025-06-05,https://cscda.org/wp-content/uploads/2025/05/CSCDA-Agenda-6.5.25.pdf,https://cscda.org/wp-content/uploads/2025/06/CSCDA-Agenda-Packet-6.5.25.pdf,
CSCDA,2025-06-06,https://cscda.org/wp-content/uploads/2025/06/CSCDA-Special-Meeting-Agenda-6.6.25.pdf,,https://cscda.org/wp-content/uploads/2025/06/CSCDA-Agenda-Packet-6.26.25.pdf
CSCDA,2025-06-26,,https://cscda.org/wp-content/uploads/2025/06/CSCDA-Agenda-Packet-6.26.25.pdf,https://cscda.org/wp-content/uploads/2025/06/CSCDA-Agenda-Packet-6.26.25.pdf
CSCDA,2025-07-03,,https://cscda.org/wp-content/uploads/2025/06/CSCDA-Agenda-Packet-6.26.25.pdf,https://cscda.org/wp-content/uploads/2025/07/CSCDA-Agenda-Packet-7.17.25.pdf
CSCDA,2025-07-17,https://cscda.org/wp-content/uploads/2025/07/CSCDA-Agenda-7.17.25.pdf,https://cscda.org/wp-content/uploads/2025/07/CSCDA-Agenda-Packet-7.17.25.pdf,https://cscda.org/wp-content/uploads/2025/07/CSCDA-Agenda-Packet-7.24.25.pdf
CSCDA,2025-07-24,https://cscda.org/wp-content/uploads/2025/07/CSCDA-Agenda-7.24.25.pdf,https://cscda.org/wp-content/uploads/2025/07/CSCDA-Agenda-Packet-7.24.25.pdf,https://cscda.org/wp-content/uploads/2025/08/CSCDA-Agenda-Packet-8.7.25.pdf
CSCDA,2025-08-07,https://cscda.org/wp-content/uploads/2025/08/CSCDA-Agenda-8.7.25.pdf,https://cscda.org/wp-content/uploads/2025/08/CSCDA-Agenda-Packet-8.7.25.pdf,https://cscda.org/wp-content/uploads/2025/08/CSCDA-Agenda-Packet-8.21.25.pdf
CSCDA,2025-08-21,https://cscda.org/wp-content/uploads/2025/08/CSCDA-Agenda-8.21.25.pdf,https://cscda.org/wp-content/uploads/2025/08/CSCDA-Agenda-Packet-8.21.25.pdf,https://cscda.org/wp-content/uploads/2025/09/CSCDA-EIS-Committee-Agenda-Packet-9.4.25.pdf
CSCDA,2025-09-04,https://cscda.org/wp-content/uploads/2025/08/CSCDA-Agenda-9.4.25.pdf,https://cscda.org/wp-content/uploads/2025/09/CSCDA-EIS-Committee-Agenda-Packet-9.4.25.pdf,https://cscda.org/wp-content/uploads/2025/09/CSCDA-Agenda-Packet-9.18.25.pdf
CSCDA,2025-09-18,https://cscda.org/wp-content/uploads/2025/09/CSCDA-Agenda-9.18.25.pdf,https://cscda.org/wp-content/uploads/2025/09/CSCDA-Agenda-Packet-9.18.25.pdf,https://cscda.org/wp-content/uploads/2025/09/CSCDA-Agenda-Packet-10.2.25.pdf
CSCDA,2025-10-02,https://cscda.org/wp-content/uploads/2025/09/CSCDA-Agenda-10.2.25.pdf,https://cscda.org/wp-content/uploads/2025/09/CSCDA-Agenda-Packet-10.2.25.pdf,https://cscda.org/wp-content/uploads/2025/10/CSCDA-Agenda-Packet-10.16.25.pdf
CSCDA,2025-10-16,https://cscda.org/wp-content/uploads/2025/10/CSCDA-Agenda-10.16.25.pdf,https://cscda.org/wp-content/uploads/2025/10/CSCDA-Agenda-Packet-10.16.25.pdf,https://cscda.org/wp-content/uploads/2025/10/CSCDA-Agenda-Packet-10.30.25.pdf
CSCDA,2025-10-30,https://cscda.org/wp-content/uploads/2025/10/CSCDA-Agenda-10.30.25.pdf,https://cscda.org/wp-content/uploads/2025/10/CSCDA-Agenda-Packet-10.30.25.pdf,https://cscda.org/wp-content/uploads/2025/11/CSCDA-Agenda-Packet-11.6.25.pdf
CSCDA,2025-11-06,https://cscda.org/wp-content/uploads/2025/10/CSCDA-Agenda-11.6.25-1.pdf,https://cscda.org/wp-content/uploads/2025/11/CSCDA-Agenda-Packet-11.6.25.pdf,https://cscda.org/wp-content/uploads/2025/11/CSCDA-Agenda-Packet-11.13.25.pdf
CSCDA,2025-11-13,https://cscda.org/wp-content/uploads/2025/11/CSCDA-Agenda-11.13.25.pdf,https://cscda.org/wp-content/uploads/2025/11/CSCDA-Agenda-Packet-11.13.25.pdf,https://cscda.org/wp-content/uploads/2025/11/CSCDA-Agenda-Packet-11.20.25.pdf
CSCDA,2025-11-20,https://cscda.org/wp-content/uploads/2025/11/CSCDA-Agenda-11.20.25.pdf,https://cscda.org/wp-content/uploads/2025/11/CSCDA-Agenda-Packet-11.20.25.pdf,https://cscda.org/wp-content/uploads/2025/12/CSCDA-Agenda-Packet-12.4.25-v2.pdf
CSCDA,2025-12-04,https://cscda.org/wp-content/uploads/2025/11/CSCDA-Agenda-12.4.25.pdf,https://cscda.org/wp-content/uploads/2025/12/CSCDA-Agenda-Packet-12.4.25-v2.pdf,https://cscda.org/wp-content/uploads/2025/12/CSCDA-Agenda-Packet-12.18.25.pdf
CSCDA,2025-12-18,https://cscda.org/wp-content/uploads/2025/12/CSCDA-Agenda-12.18.25.pdf,https://cscda.org/wp-content/uploads/2025/12/CSCDA-Agenda-Packet-12.18.25.pdf,https://cscda.org/wp-content/uploads/2025/12/CSCDA-Agenda-Packet-12.18.25.pdf
CSCDA,2026-01-08,https://cscda.org/wp-content/uploads/2025/12/CSCDA-Agenda-12.18.25.pdf,https://cscda.org/wp-content/uploads/2025/12/CSCDA-Agenda-Packet-12.18.25.pdf,https://cscda.org/wp-content/uploads/2026/01/CSCDA-Agenda-Packet-1.22.26.pdf
CSCDA,2026-01-22,https://cscda.org/wp-content/uploads/2026/01/CSCDA-Agenda-1.22.26.pdf,https://cscda.org/wp-content/uploads/2026/01/CSCDA-Agenda-Packet-1.22.26.pdf,https://cscda.org/wp-content/uploads/2026/02/CSCDA-Agenda-Packet-2.5.26.pdf
CSCDA,2026-02-05,https://cscda.org/wp-content/uploads/2026/01/CSCDA-Agenda-2.5.26.pdf,https://cscda.org/wp-content/uploads/2026/02/CSCDA-Agenda-Packet-2.5.26.pdf,https://cscda.org/wp-content/uploads/2026/02/CSCDA-Agenda-Packet-2.19.26.pdf
CSCDA,2026-02-19,https://cscda.org/wp-content/uploads/2026/02/CSCDA-Agenda-2.19.26.pdf,https://cscda.org/wp-content/uploads/2026/02/CSCDA-Agenda-Packet-2.19.26.pdf,https://cscda.org/wp-content/uploads/2026/03/CSCDA-Agenda-Packet-3.5.26.pdf
CSCDA,2026-03-05,https://cscda.org/wp-content/uploads/2026/02/CSCDA-Agenda-3.5.26.pdf,https://cscda.org/wp-content/uploads/2026/03/CSCDA-Agenda-Packet-3.5.26.pdf,https://cscda.org/wp-content/uploads/2026/03/CSCDA-Agenda-Packet-3.19.26.pdf
CSCDA,2026-03-19,https://cscda.org/wp-content/uploads/2026/03/CSCDA-Agenda-3.19.26.pdf,https://cscda.org/wp-content/uploads/2026/03/CSCDA-Agenda-Packet-3.19.26.pdf,https://cscda.org/wp-content/uploads/2026/03/CSCDA-Agenda-Packet-4.2.26.pdf
CSCDA,2026-04-02,https://cscda.org/wp-content/uploads/2026/03/CSCDA-Agenda-4.2.26.pdf,https://cscda.org/wp-content/uploads/2026/03/CSCDA-Agenda-Packet-4.2.26.pdf,https://cscda.org/wp-content/uploads/2026/04/CSCDA-Agenda-Packet-4.16.26.pdf
CSCDA,2026-04-16,https://cscda.org/wp-content/uploads/2026/04/CSCDA-Agenda-4.16.26.pdf,https://cscda.org/wp-content/uploads/2026/04/CSCDA-Agenda-Packet-4.16.26.pdf,https://cscda.org/wp-content/uploads/2026/05/CSCDA-Agenda-Packet-5.7.26.pdf
CSCDA,2026-05-07,https://cscda.org/wp-content/uploads/2026/05/CSCDA-Agenda-5.7.26.pdf,https://cscda.org/wp-content/uploads/2026/05/CSCDA-Agenda-Packet-5.7.26.pdf,https://cscda.org/wp-content/uploads/2026/05/CSCDA-Agenda-Packet-5.21.26.pdf
CSCDA,2026-05-21,https://cscda.org/wp-content/uploads/2026/05/CSCDA-Agenda-5.21.26.pdf,https://cscda.org/wp-content/uploads/2026/05/CSCDA-Agenda-Packet-5.21.26.pdf,https://cscda.org/wp-content/uploads/2026/06/CSCDA-Agenda-Packet-6.4.26.pdf
CSCDA,2026-06-04,https://cscda.org/wp-content/uploads/2026/05/CSCDA-Agenda-6.4.26.pdf,https://cscda.org/wp-content/uploads/2026/06/CSCDA-Agenda-Packet-6.4.26.pdf,https://cscda.org/wp-content/uploads/2026/06/CSCDA-Agenda-Packet-6.18.26.pdf
CSCDA,2026-06-18,https://cscda.org/wp-content/uploads/2026/06/CSCDA-Agenda-6.18.26.pdf,https://cscda.org/wp-content/uploads/2026/06/CSCDA-Agenda-Packet-6.18.26.pdf,https://cscda.org/wp-content/uploads/2026/06/CSCDA-Agenda-Packet-7.2.26.pdf
CSCDA,2026-07-02,https://cscda.org/wp-content/uploads/2026/06/CSCDA-Agenda-7.2.26.pdf,https://cscda.org/wp-content/uploads/2026/06/CSCDA-Agenda-Packet-7.2.26.pdf,https://cscda.org/wp-content/uploads/2026/07/CSCDA-Agenda-Packet-7.16.26.pdf
CSCDA,2026-07-16,https://cscda.org/wp-content/uploads/2026/07/CSCDA-Agenda-7.16.26-1.pdf,https://cscda.org/wp-content/uploads/2026/07/CSCDA-Agenda-Packet-7.16.26.pdf,https://cscda.org/wp-content/uploads/2026/08/CSCDA-Agenda-Packet-8.6.26.pdf
CSCDA,2026-08-06,https://cscda.org/wp-content/uploads/2026/07/CSCDA-Agenda-8.6.26.pdf,https://cscda.org/wp-content/uploads/2026/08/CSCDA-Agenda-Packet-8.6.26.pdf,https://cscda.org/wp-content/uploads/2026/08/CSCDA-Agenda-Packet-8.20.26.pdf
CSCDA,2026-08-20,https://cscda.org/wp-content/uploads/2026/08/CSCDA-Agenda-8.20.26-.pdf,https://cscda.org/wp-content/uploads/2026/08/CSCDA-Agenda-Packet-8.20.26.pdf,
