project_id,county,property_name,ain,apn,situs_address,legacy_redundant,assignment_source,method,notes,roll_year,roll_land_value,roll_imp_value,roll_total_value,real_estate_exemp,year_built,use_description,value_source,fetch_date,operative_project_id,assignment_check
1,Los Angeles,Alvarado Streets Apartments,5136019013,5136-019-013,1136 S ALVARADO ST LOS ANGELES CA 90006,False,collaborator-sheet,manual_verified,Corrected from AIN 5136019023 (auto/equipment use) to 5136019013 (apartments),2026,2122416,2414248,4536664,4536664,1912,Five or more apartments,la-county-api,2026-08-22,1,situs-match
2,Los Angeles,2025 New Jersey Apartments,5183001017,5183-001-017,2025 NEW JERSEY ST LOS ANGELES CA 90033,False,collaborator-sheet,manual_verified,,2026,538509,0,538509,538509,,Five or more apartments,la-county-api,2026-08-22,2,situs-match
3,Santa Clara,Mariposa Club Apartments,15434025,,660 MARIPOSA AVE MOUNTAIN VIEW CA 94041-1867,False,collaborator-sheet,,,,,,17059601,16718409,,,collaborator-sheet,,3,no-situs
4,San Bernardino,Bernardine Apartments,147091180000,,363 E GILBERT ST SAN BERNARDINO CA 92404-5343,False,collaborator-sheet,,,,,,4156500,4156500,,,collaborator-sheet,,4,no-situs
5,San Diego,"City View aka Outlook at Mission Valley
Apartments",5343602100,,840.0 17TH ST SAN DIEGO CA 92101-6666,False,collaborator-sheet,,,2026,2202858,7489628,9692486,,90,16,sandag-parcels,2026-08-22,5,situs-match
6,San Francisco,381 Turk Street Apartment,0345012C,,381 TURK ST SAN FRANCISCO CA 94102-3749,False,collaborator-sheet,,,,,,7398189,,,,collaborator-sheet,,6,no-situs
7,Alameda,Townhomes at Gading Apartments,454251243,454-25-124-3,26409 GADING RD HAYWARD CA 94544-3603,False,collaborator-sheet,,,,,,17313480,0,,,collaborator-sheet,,7,no-situs
8,Los Angeles,1317 S. Grand Apartments,5134017037,5134-017-037,1317 S GRAND AVE LOS ANGELES CA 900015,False,collaborator-sheet,parcel_in_transition,AIN not in DB,2026,6022684,5995825,12018509,0,2023,Five or more apartments,la-county-api,2026-08-22,8,situs-match
9,Los Angeles,1411 S. Flower Apartments,5134009025,5134-009-025,1411 S FLOWER ST,False,collaborator-sheet,parcel_in_transition,Multi-parcel (2). AIN not in DB.,2026,4499681,4588800,9088481,9088481,2024,Five or more apartments,la-county-api,2026-08-22,9,situs-match
9,Los Angeles,1411 S. Flower Apartments,5134009024,5134-009-024,,True,collaborator-sheet,parcel_in_transition,Multi-parcel (2). AIN not in DB.,2026,4499681,4588800,9088481,9088481,2024,Five or more apartments,la-county-api,2026-08-22,9,
11,Alameda,820 MacArthur Apartments,1295996,12-959-9-6,820 W MACARTHUR BLVD OAKLAND CA 94608,False,collaborator-sheet,,,,,,2013882,7089890,,,collaborator-sheet,,11,no-situs
12,Los Angeles,The Waterloo Apartments,5402028023,5402-028-023,801 WATERLOO ST LOS ANGELES CA 90026,False,collaborator-sheet,manual_verified,"Pre-construction site (demolition not started): project will occupy 5402-028-023 and 5402-028-022; county values/units reflect existing buildings (units reviewed 2026-08-22, Drew)",2026,1004700,382500,1387200,0,1917,Five or more apartments,la-county-api,2026-08-22,12,situs-match
13,San Francisco,275 Turk Street Apartments,344007,,275 TURK ST SAN FRANCISCO CA 94102-3831,False,collaborator-sheet,,,,,,17116303,,,,collaborator-sheet,,13,no-situs
14,Alameda,Electric Lofts Apartments,867281,8-672-8-1,2415 VALDEZ ST OAKLAND CA 94612-3600,False,collaborator-sheet,,,,,,24257157,,,,collaborator-sheet,,316,no-situs
15,Los Angeles,Premiere Hollywood Apartments,5547013021,5547-013-021,6762 HAWTHORN AVE LOS ANGELES CA 90028,False,collaborator-sheet,manual_verified,,2026,4551315,4329576,8880891,0,2022,Five or more apartments,la-county-api,2026-08-22,15,situs-match
17,Los Angeles,4252 Crenshaw Apartments,5024017036,5024-017-036,4252 S CRENSHAW BLVD LOS ANGELES CA 90008,False,collaborator-sheet,manual_verified,,2026,4200000,25000000,29200000,0,2019,Five or more apartments,la-county-api,2026-08-22,17,situs-match
18,San Diego,Fallbrook Trail Apartments,1043514700,,1735.0 S MISSION RD FALLBROOK CA 92028-4548,False,collaborator-sheet,,,2026,9568699,24203182,33771881,,21,29,sandag-parcels,2026-08-22,18,situs-match
19,Orange,The Arbors Apartments,39612209,,1100.0 FAIRHAVEN AVE SANTA ANA CA 92705-6754,False,collaborator-sheet,,,,,,18340000,,,,collaborator-sheet,,19,no-situs
19,Orange,The Arbors Apartments,39612130,,1200 FAIRHAVEN AVE SANTA ANA CA 92705-6754,False,collaborator-sheet,,,,,,22410000,,,,collaborator-sheet,,19,no-situs
20,Los Angeles,Pinetree Terrace Apartments,2102015045,2102-015-045,7940 RESEDA BLVD LOS ANGELES CA 91335,False,collaborator-sheet,manual_verified,,2026,7282800,11028240,18311040,17364360,1978,Five or more apartments,la-county-api,2026-08-22,20,situs-match
21,Los Angeles,Windmere Court Apartments,2119001222,2119-001-222,18325 SATICOY ST LOS ANGELES CA 91335,False,collaborator-sheet,manual_verified,,2026,7282800,9675720,16958520,16632918,1989,Five or more apartments,la-county-api,2026-08-22,21,situs-match
22,Los Angeles,Seville Gardens Apartments,6320011041,6320-011-041,2701 RANDOLPH ST HUNTINGTON PARK CA 90255,False,collaborator-sheet,manual_verified,,2026,7022700,28090800,35113500,35113500,1989,Five or more apartments,la-county-api,2026-08-22,22,situs-match
23,Los Angeles,Harbour Residences Apartments,7418014021,7418-014-021,445 N AVALON BLVD LOS ANGELES CA 90744,False,collaborator-sheet,manual_verified,,2026,3268077,5809593,9077670,0,,Stores,la-county-api,2026-08-22,23,situs-match
24,Los Angeles,4209 Western Avenue Apartments,5021028002,5021-028-002,4209 S WESTERN AVE LOS ANGELES CA 90062,False,collaborator-sheet,manual_verified,,2026,6367248,4775436,11142684,7131318,2022,Store Combination,la-county-api,2026-08-22,24,situs-match
25,Los Angeles,1130 Martin Luther King Jr. Blvd Apartments,5020017007,5020-017-007,1130 W MARTIN LUTHER KING JR BLVD LOS ANGELES CA 90037,False,collaborator-sheet,manual_verified,,2026,9338630,3714228,13052858,11703193,2021,Store Combination,la-county-api,2026-08-22,25,situs-match
26,Los Angeles,Harbor Terrace Apartments,7455002027,7455-002-027,441 W 3RD ST LOS ANGELES CA 90731,False,collaborator-sheet,manual_verified,,2026,2917200,21817800,24735000,21544186,1987,Five or more apartments,la-county-api,2026-08-22,26,situs-match
27,Los Angeles,Santa Monica Portfolio A Apartments,4291019007,4291-019-007,1428 6TH ST SANTA MONICA CA 90401,False,collaborator-sheet,manual_verified_multi,Multi-parcel (2),2026,2907000,5783400,8690400,8690400,1998,Five or more apartments,la-county-api,2026-08-22,27,situs-match
27,Los Angeles,Santa Monica Portfolio A Apartments,4291019006,4291-019-006,1422 6TH ST SANTA MONICA CA 90401,False,collaborator-sheet,manual_verified_multi,Multi-parcel (2),2026,2907000,5916000,8823000,1076823,1997,Store Combination,la-county-api,2026-08-22,27,situs-match
28,Los Angeles,Santa Monica Portfolio B Apartments,4291020005,4291-020-005,1422 7TH ST SANTA MONICA CA 90401,False,collaborator-sheet,manual_verified_multi,Multi-parcel (3),2026,3060000,4743000,7803000,6661422,1996,Five or more apartments,la-county-api,2026-08-22,28,situs-match
28,Los Angeles,Santa Monica Portfolio B Apartments,4291020006,4291-020-006,1430 7TH ST SANTA MONICA CA 90401,False,collaborator-sheet,manual_verified_multi,Multi-parcel (3),2026,3060000,4743000,7803000,6661422,1996,Five or more apartments,la-county-api,2026-08-22,28,situs-match
28,Los Angeles,Santa Monica Portfolio B Apartments,4291020007,4291-020-007,1432 7TH ST SANTA MONICA CA 90401,False,collaborator-sheet,manual_verified_multi,Multi-parcel (3),2026,3060000,4865400,7925400,6765914,2000,Five or more apartments,la-county-api,2026-08-22,28,situs-match
29,Los Angeles,Santa Monica Portfolio C Apartments,4291020018,4291-020-018,1425 6TH ST SANTA MONICA CA 90401,False,collaborator-sheet,manual_verified_multi,Multi-parcel (2),2026,6426000,4233000,10659000,6661875,1998,Five or more apartments,la-county-api,2026-08-22,29,situs-match
29,Los Angeles,Santa Monica Portfolio C Apartments,4291020019,4291-020-019,1423 6TH ST SANTA MONICA CA 90401,False,collaborator-sheet,manual_verified_multi,Multi-parcel (2),2026,6426000,4233000,10659000,6661875,1998,Five or more apartments,la-county-api,2026-08-22,29,situs-match
30,Los Angeles,Santa Monica Portfolio D Apartments,4291024007,4291-024-007,1522 6TH ST SANTA MONICA CA 90401,False,collaborator-sheet,manual_verified,,2026,3672000,3519000,7191000,6085025,2004,Five or more apartments,la-county-api,2026-08-22,30,situs-match
31,Los Angeles,Santa Monica Portfolio E Apartments,4291022015,4291-022-015,1537 7TH ST SANTA MONICA CA 90401,False,collaborator-sheet,manual_verified,,2026,3672000,3039600,6711600,0,2003,Five or more apartments,la-county-api,2026-08-22,31,situs-match
32,Los Angeles,Santa Monica Portfolio F Apartments,4275024005,4275-024-005,2001 OLYMPIC BLVD SANTA MONICA CA 90404,False,collaborator-sheet,manual_verified_multi,Multi-parcel (2),2026,2172600,6997200,9169800,1892157,2008,Five or more apartments,la-county-api,2026-08-22,32,situs-match
32,Los Angeles,Santa Monica Portfolio F Apartments,4275024015,4275-024-015,2029 OLYMPIC BLVD SANTA MONICA CA 90404,False,collaborator-sheet,manual_verified_multi,Multi-parcel (2),2026,5526360,15240840,20767200,20767200,2009,Five or more apartments,la-county-api,2026-08-22,32,situs-match
33,Los Angeles,7524 S. Hoover St. Apartments,6020022027,6020-022-027,7524 S HOOVER ST,True,collaborator-sheet,parcel_in_transition,Legacy AIN 6020022025 no longer exists. New AIN 6020022027 has no data yet.,,,,,,,,,,132,
34,Contra Costa,Appian Terrace Apartments,4251100188,,4481.0 APPIAN WAY EL SOBRANTE CA 94803-2200,False,collaborator-sheet,,,,,,9977564,0,,,collaborator-sheet,,34,no-situs
35,Sacramento,Sierra Park Apartments,22802520400000,228-0252-040-0000,4924 POLK ST NORTH HIGHLANDS CA 95660,False,collaborator-sheet,,,,,,25646900,23179668,,,collaborator-sheet,,35,no-situs
36,Los Angeles,Stadium Village Apartments,4025014001,4025-014-001,9301 CRENSHAW BLVD INGLEWOOD CA 90305,False,collaborator-sheet,manual_verified_multi,Multi-parcel (20),2026,785400,586500,1371900,0,1955,Four Units (Any Combination),la-county-api,2026-08-22,36,situs-match
36,Los Angeles,Stadium Village Apartments,4025014002,4025-014-002,9309 CRENSHAW BLVD INGLEWOOD CA 90305,False,collaborator-sheet,manual_verified_multi,Multi-parcel (20),2026,785400,586500,1371900,0,1955,Four Units (Any Combination),la-county-api,2026-08-22,36,situs-match
36,Los Angeles,Stadium Village Apartments,4025014003,4025-014-003,9317 CRENSHAW BLVD INGLEWOOD CA 90305,False,collaborator-sheet,manual_verified_multi,Multi-parcel (20),2026,785400,586500,1371900,0,1955,Four Units (Any Combination),la-county-api,2026-08-22,36,situs-match
36,Los Angeles,Stadium Village Apartments,4025014004,4025-014-004,9325 CRENSHAW BLVD INGLEWOOD CA 90305,False,collaborator-sheet,manual_verified_multi,Multi-parcel (20),2026,785400,586500,1371900,0,1955,Four Units (Any Combination),la-county-api,2026-08-22,36,situs-match
36,Los Angeles,Stadium Village Apartments,4025014005,4025-014-005,9333 CRENSHAW BLVD INGLEWOOD CA 90305,False,collaborator-sheet,manual_verified_multi,Multi-parcel (20),2026,785400,586500,1371900,0,1955,Four Units (Any Combination),la-county-api,2026-08-22,36,situs-match
36,Los Angeles,Stadium Village Apartments,4025014006,4025-014-006,9341 CRENSHAW BLVD INGLEWOOD CA 90305,False,collaborator-sheet,manual_verified_multi,Multi-parcel (20),2026,785400,586500,1371900,0,1955,Four Units (Any Combination),la-county-api,2026-08-22,36,situs-match
36,Los Angeles,Stadium Village Apartments,4025014007,4025-014-007,9401 CRENSHAW BLVD INGLEWOOD CA 90305,False,collaborator-sheet,manual_verified_multi,Multi-parcel (20),2026,785400,586500,1371900,0,1955,Four Units (Any Combination),la-county-api,2026-08-22,36,situs-match
36,Los Angeles,Stadium Village Apartments,4025014008,4025-014-008,9409 CRENSHAW BLVD INGLEWOOD CA 90305,False,collaborator-sheet,manual_verified_multi,Multi-parcel (20),2026,785400,586500,1371900,0,1955,Four Units (Any Combination),la-county-api,2026-08-22,36,situs-match
36,Los Angeles,Stadium Village Apartments,4025014009,4025-014-009,9417 CRENSHAW BLVD INGLEWOOD CA 90305,False,collaborator-sheet,manual_verified_multi,Multi-parcel (20),2026,785400,586500,1371900,0,1955,Four Units (Any Combination),la-county-api,2026-08-22,36,situs-match
36,Los Angeles,Stadium Village Apartments,4025014010,4025-014-010,9425 CRENSHAW BLVD INGLEWOOD CA 90305,False,collaborator-sheet,manual_verified_multi,Multi-parcel (20),2026,785400,586500,1371900,0,1955,Four Units (Any Combination),la-county-api,2026-08-22,36,situs-match
36,Los Angeles,Stadium Village Apartments,4025014011,4025-014-011,9433 CRENSHAW BLVD INGLEWOOD CA 90305,False,collaborator-sheet,manual_verified_multi,Multi-parcel (20),2026,785400,586500,1371900,0,1955,Four Units (Any Combination),la-county-api,2026-08-22,36,situs-match
36,Los Angeles,Stadium Village Apartments,4025014012,4025-014-012,9441 CRENSHAW BLVD INGLEWOOD CA 90305,False,collaborator-sheet,manual_verified_multi,Multi-parcel (20),2026,785400,586500,1371900,0,1955,Four Units (Any Combination),la-county-api,2026-08-22,36,situs-match
36,Los Angeles,Stadium Village Apartments,4025014013,4025-014-013,9501 CRENSHAW BLVD INGLEWOOD CA 90305,False,collaborator-sheet,manual_verified_multi,Multi-parcel (20),2026,785400,586500,1371900,0,1955,Four Units (Any Combination),la-county-api,2026-08-22,36,situs-match
36,Los Angeles,Stadium Village Apartments,4025014014,4025-014-014,9509 CRENSHAW BLVD INGLEWOOD CA 90305,False,collaborator-sheet,manual_verified_multi,Multi-parcel (20),2026,785400,586500,1371900,0,1955,Four Units (Any Combination),la-county-api,2026-08-22,36,situs-match
36,Los Angeles,Stadium Village Apartments,4025014015,4025-014-015,9517 CRENSHAW BLVD INGLEWOOD CA 90305,False,collaborator-sheet,manual_verified_multi,Multi-parcel (20),2026,785400,586500,1371900,0,1955,Four Units (Any Combination),la-county-api,2026-08-22,36,situs-match
36,Los Angeles,Stadium Village Apartments,4025014016,4025-014-016,9525 CRENSHAW BLVD INGLEWOOD CA 90305,False,collaborator-sheet,manual_verified_multi,Multi-parcel (20),2026,785400,586500,1371900,0,1955,Four Units (Any Combination),la-county-api,2026-08-22,36,situs-match
36,Los Angeles,Stadium Village Apartments,4025014017,4025-014-017,9533 CRENSHAW BLVD INGLEWOOD CA 90305,False,collaborator-sheet,manual_verified_multi,Multi-parcel (20),2026,785400,586500,1371900,0,1955,Four Units (Any Combination),la-county-api,2026-08-22,36,situs-match
36,Los Angeles,Stadium Village Apartments,4025014018,4025-014-018,9541 CRENSHAW BLVD INGLEWOOD CA 90305,False,collaborator-sheet,manual_verified_multi,Multi-parcel (20),2026,785400,586500,1371900,0,1955,Four Units (Any Combination),la-county-api,2026-08-22,36,situs-match
36,Los Angeles,Stadium Village Apartments,4025015001,4025-015-001,9601 CRENSHAW BLVD INGLEWOOD CA 90305,False,collaborator-sheet,manual_verified_multi,Multi-parcel (20),2026,785400,586500,1371900,0,1955,Four Units (Any Combination),la-county-api,2026-08-22,36,situs-match
36,Los Angeles,Stadium Village Apartments,4025015002,4025-015-002,9609 CRENSHAW BLVD INGLEWOOD CA 90305,False,collaborator-sheet,manual_verified_multi,Multi-parcel (20),2026,785400,586500,1371900,0,1955,Four Units (Any Combination),la-county-api,2026-08-22,36,situs-match
37,Los Angeles,2330 E. 3rd Street Apartments,5183013023,5183-013-023,2330 E 3RD ST,False,collaborator-sheet,parcel_in_transition,Legacy AIN 5183013001 consolidated to 5183013023,2026,1275000,0,1275000,1275000,,Single,la-county-api,2026-08-22,37,situs-match
38,Los Angeles,Marquee Apartments,2321001019,2321-001-019,12300 SHERMAN WAY LOS ANGELES CA 91605,False,collaborator-sheet,manual_verified,,2026,30396000,14280000,44676000,32564337,1965,Five or more apartments,la-county-api,2026-08-22,38,situs-match
39,Los Angeles,6200 S. Broadway Apartments,6005021032,6005-021-032,6200 S BROADWAY LOS ANGELES CA 90003,False,collaborator-sheet,manual_verified,,2026,1353040,0,1353040,0,2012,Commercial,la-county-api,2026-08-22,39,situs-match
40,Los Angeles,4228 Western Ave. Apartments,5021009036,5021-009-036,4238 S WESTERN AVE LOS ANGELES CA 90062,False,collaborator-sheet,manual_verified,,2026,2300000,13096000,15396000,0,2024,Stores,la-county-api,2026-08-22,349,situs-match
41,Los Angeles,4327 S. Vermont Apartments,5020025039,5020-025-039,4301 S VERMONT AVE LOS ANGELES CA 90037,False,collaborator-sheet,manual_verified,,2026,3599652,194296,3793948,0,1968,Stores,la-county-api,2026-08-22,41,situs-match
42,Los Angeles,2023 Imperial Apartments,6083001009,6083-001-009,110 E IMPERIAL HWY LOS ANGELES CA 90061,False,collaborator-sheet,manual_verified,,2026,217526,220425,437951,0,1951,Lgt Manf.Sm. EQPT. Manuf Sm.Shps Instr.Manuf. Prnt Plnts,la-county-api,2026-08-22,42,situs-match
43,Marin,Meridian Apartments,01419405,,400 CANAL ST SAN RAFAEL CA 94901-4173,False,collaborator-sheet,,,,,,33879341,,,,collaborator-sheet,,323,no-situs
44,Los Angeles,Soto Apartments,5180001024,5180-001-024,228 N SOTO ST,False,collaborator-sheet,parcel_in_transition,Legacy AIN 5180001013 consolidated to 5180001024,2026,1407600,2876400,4284000,4284000,2024,Five or more apartments,la-county-api,2026-08-22,44,situs-match
45,Orange,Horizon Apartments,39626156,,2414 N TUSTIN AVE SANTA ANA CA 92705-1602,False,collaborator-sheet,,,,,,25500000,,,,collaborator-sheet,,45,no-situs
45,Orange,Horizon Apartments,39626155,,2414 N TUSTIN AVE SANTA ANA CA 92705-1602,False,collaborator-sheet,,,,,,103700000,,,,collaborator-sheet,,45,no-situs
46,Los Angeles,4752 Main Street Apartments,5109003014,5109-003-014,4752 S MAIN ST LOS ANGELES CA 90037,False,collaborator-sheet,manual_verified_multi,Multi-parcel (2),2026,611659,1102,612761,0,1955,Parking Lots (Commercial Use Properties),la-county-api,2026-08-22,46,situs-match
46,Los Angeles,4752 Main Street Apartments,5109003001,5109-003-001,4760 S MAIN ST LOS ANGELES CA 90037,False,collaborator-sheet,manual_verified_multi,Multi-parcel (2),2026,711026,1102,712128,0,1955,Parking Lots (Commercial Use Properties),la-county-api,2026-08-22,46,situs-match
47,San Diego,6171 Mission Gorge Apartments,4610304300,,6171.0 MISSION GORGE RD SAN DIEGO CA 92120-3426,False,collaborator-sheet,,,2026,13158000,204000,13362000,,77,21,sandag-parcels,2026-08-22,47,situs-match
48,San Mateo,Hillsdale Gardens Apartments,039481250,,"3500 Edison St, San Mateo, CA",False,collaborator-sheet,,,,,,31083000,7000,,,collaborator-sheet,,48,no-situs
48,San Mateo,Hillsdale Gardens Apartments,039482130,,"3500 Edison St, San Mateo, CA",False,collaborator-sheet,,,,,,62932900,7000,,,collaborator-sheet,,48,no-situs
48,San Mateo,Hillsdale Gardens Apartments,042112240,,242 36TH AVE SAN MATEO,False,collaborator-sheet,,,,,,44821400,7000,,,collaborator-sheet,,48,no-situs
48,San Mateo,Hillsdale Gardens Apartments,042113250,,3640 EDISON ST,False,collaborator-sheet,,,,,,31161700,7000,,,collaborator-sheet,,48,no-situs
48,San Mateo,Hillsdale Gardens Apartments,042121090,,186 36TH AVE SAN MATEO,False,collaborator-sheet,,,,,,41355000,0,,,collaborator-sheet,,48,no-situs
48,San Mateo,Hillsdale Gardens Apartments,042122050,,3675 EDISON ST SAN MATEO,False,collaborator-sheet,,,,,,41008500,0,,,collaborator-sheet,,48,no-situs
49,Alameda,Summerwood Apartments Homes Apartments,4281649,,"21701 FOOTHILL BLVD, HAYWARD, CA 94541",False,collaborator-sheet,,,,,,38656726,,,,collaborator-sheet,,49,no-situs
50,San Diego,Market Street Village Apartments,5351441500,,699.0 14TH ST SAN DIEGO CA 92101-7586,False,collaborator-sheet,,"Reviewed 2026-08-22: grant covers PAR 2 only (229 units, per staff report and entity name). Same-situs siblings excluded: 5351441600 (PAR 3, commercial), 5351441400 (PAR 1), 5351441700 (PAR 4, 1450 Market — separate 242-unit phase).",2026,18360000,50003178,68363178,,06,16,sandag-parcels,2026-08-22,50,situs-match
51,San Diego,Creekside Villas Apartments,5473131800,,220 47TH ST SAN DIEGO CA 92102-5037,False,collaborator-sheet,,,2026,2142762,3925748,6068510,,90,16,sandag-parcels,2026-08-22,229,situs-match
52,Sacramento,The Carla Apartments,28501900330000,,1201.0 FULTON AVE SACRAMENTO CA 95825-7386,False,collaborator-sheet,,,,,,15111810,,,,collaborator-sheet,,52,no-situs
53,Sacramento,Skylark Place by Trion Living Apartments,26003700120000,,6930.0 FAIR OAKS BLVD CARMICHAEL CA 95608-3369,False,collaborator-sheet,,,,,,12145525,,,,collaborator-sheet,,53,no-situs
54,Los Angeles,Seaport Village Apartments,7157031001,7157-031-001,2697 E 56TH WAY LONG BEACH CA 90805,False,collaborator-sheet,manual_verified_multi,"Multi-parcel (33); situs reviewed 2026-08-22: complex fronts 5601 N Paramount Blvd; buildings carry E 56th Way situs (Drew, portal map)",2026,874604,2040384,2914988,562277,1963,Five or more apartments,la-county-api,2026-08-22,54,documented
54,Los Angeles,Seaport Village Apartments,7157031002,7157-031-002,2687 E 56TH WAY LONG BEACH CA 90805,False,collaborator-sheet,manual_verified_multi,"Multi-parcel (33); situs reviewed 2026-08-22: complex fronts 5601 N Paramount Blvd; buildings carry E 56th Way situs (Drew, portal map)",2026,795586,2040384,2835970,515864,1963,Five or more apartments,la-county-api,2026-08-22,54,documented
54,Los Angeles,Seaport Village Apartments,7157031003,7157-031-003,2677 E 56TH WAY LONG BEACH CA 90805,False,collaborator-sheet,manual_verified_multi,"Multi-parcel (33); situs reviewed 2026-08-22: complex fronts 5601 N Paramount Blvd; buildings carry E 56th Way situs (Drew, portal map)",2026,795586,2040384,2835970,1031443,1963,Five or more apartments,la-county-api,2026-08-22,54,documented
54,Los Angeles,Seaport Village Apartments,7157031004,7157-031-004,2667 E 56TH WAY LONG BEACH CA 90805,False,collaborator-sheet,manual_verified_multi,"Multi-parcel (33); situs reviewed 2026-08-22: complex fronts 5601 N Paramount Blvd; buildings carry E 56th Way situs (Drew, portal map)",2026,822648,2040384,2863032,520786,1963,Five or more apartments,la-county-api,2026-08-22,54,documented
54,Los Angeles,Seaport Village Apartments,7157031005,7157-031-005,2657 E 56TH WAY LONG BEACH CA 90805,False,collaborator-sheet,manual_verified_multi,"Multi-parcel (33); situs reviewed 2026-08-22: complex fronts 5601 N Paramount Blvd; buildings carry E 56th Way situs (Drew, portal map)",2026,1611740,4362201,5973941,2844792,1963,Five or more apartments,la-county-api,2026-08-22,54,documented
54,Los Angeles,Seaport Village Apartments,7157031006,7157-031-006,5679 LANGPORT AVE LONG BEACH CA 90805,False,collaborator-sheet,manual_verified_multi,"Multi-parcel (33); situs reviewed 2026-08-22: complex fronts 5601 N Paramount Blvd; buildings carry E 56th Way situs (Drew, portal map)",2026,716568,1970025,2686593,1074638,1963,Five or more apartments,la-county-api,2026-08-22,54,documented
54,Los Angeles,Seaport Village Apartments,7157031007,7157-031-007,5649 LANGPORT AVE LONG BEACH CA 90805,False,collaborator-sheet,manual_verified_multi,"Multi-parcel (33); situs reviewed 2026-08-22: complex fronts 5601 N Paramount Blvd; buildings carry E 56th Way situs (Drew, portal map)",2026,716568,1970025,2686593,0,1963,Five or more apartments,la-county-api,2026-08-22,54,documented
54,Los Angeles,Seaport Village Apartments,7157031008,7157-031-008,5639 LANGPORT AVE LONG BEACH CA 90805,False,collaborator-sheet,manual_verified_multi,"Multi-parcel (33); situs reviewed 2026-08-22: complex fronts 5601 N Paramount Blvd; buildings carry E 56th Way situs (Drew, portal map)",2026,716568,1970025,2686593,537319,1963,Five or more apartments,la-county-api,2026-08-22,54,documented
54,Los Angeles,Seaport Village Apartments,7157031009,7157-031-009,5599 LANGPORT AVE LONG BEACH CA 90805,False,collaborator-sheet,manual_verified_multi,"Multi-parcel (33); situs reviewed 2026-08-22: complex fronts 5601 N Paramount Blvd; buildings carry E 56th Way situs (Drew, portal map)",2026,716568,1970025,2686593,1074638,1963,Five or more apartments,la-county-api,2026-08-22,54,documented
54,Los Angeles,Seaport Village Apartments,7157031010,7157-031-010,5579 LANGPORT AVE LONG BEACH CA 90805,False,collaborator-sheet,manual_verified_multi,"Multi-parcel (33); situs reviewed 2026-08-22: complex fronts 5601 N Paramount Blvd; buildings carry E 56th Way situs (Drew, portal map)",2026,716568,1970025,2686593,1343297,1963,Five or more apartments,la-county-api,2026-08-22,54,documented
54,Los Angeles,Seaport Village Apartments,7157031011,7157-031-011,5549 LANGPORT AVE LONG BEACH CA 90805,False,collaborator-sheet,manual_verified_multi,"Multi-parcel (33); situs reviewed 2026-08-22: complex fronts 5601 N Paramount Blvd; buildings carry E 56th Way situs (Drew, portal map)",2026,716568,1970025,2686593,1074638,1962,Five or more apartments,la-county-api,2026-08-22,54,documented
54,Los Angeles,Seaport Village Apartments,7157031012,7157-031-012,5539 LANGPORT AVE LONG BEACH CA 90805,False,collaborator-sheet,manual_verified_multi,"Multi-parcel (33); situs reviewed 2026-08-22: complex fronts 5601 N Paramount Blvd; buildings carry E 56th Way situs (Drew, portal map)",2026,742547,1970025,2712572,1085029,1962,Five or more apartments,la-county-api,2026-08-22,54,documented
54,Los Angeles,Seaport Village Apartments,7157031013,7157-031-013,2656 E 55TH WAY LONG BEACH CA 90805,False,collaborator-sheet,manual_verified_multi,"Multi-parcel (33); situs reviewed 2026-08-22: complex fronts 5601 N Paramount Blvd; buildings carry E 56th Way situs (Drew, portal map)",2026,1325978,3236471,4562449,1824981,1962,Five or more apartments,la-county-api,2026-08-22,54,documented
54,Los Angeles,Seaport Village Apartments,7157031014,7157-031-014,2666 E 55TH WAY LONG BEACH CA 90805,False,collaborator-sheet,manual_verified_multi,"Multi-parcel (33); situs reviewed 2026-08-22: complex fronts 5601 N Paramount Blvd; buildings carry E 56th Way situs (Drew, portal map)",2026,742547,2040384,2782931,556587,1962,Five or more apartments,la-county-api,2026-08-22,54,documented
54,Los Angeles,Seaport Village Apartments,7157031015,7157-031-015,2676 E 55TH WAY LONG BEACH CA 90805,False,collaborator-sheet,manual_verified_multi,"Multi-parcel (33); situs reviewed 2026-08-22: complex fronts 5601 N Paramount Blvd; buildings carry E 56th Way situs (Drew, portal map)",2026,742547,2040384,2782931,556587,1962,Five or more apartments,la-county-api,2026-08-22,54,documented
54,Los Angeles,Seaport Village Apartments,7157031016,7157-031-016,2686 E 55TH WAY LONG BEACH CA 90805,False,collaborator-sheet,manual_verified_multi,"Multi-parcel (33); situs reviewed 2026-08-22: complex fronts 5601 N Paramount Blvd; buildings carry E 56th Way situs (Drew, portal map)",2026,742547,2040384,2782931,278294,1962,Five or more apartments,la-county-api,2026-08-22,54,documented
54,Los Angeles,Seaport Village Apartments,7157031017,7157-031-017,2696 E 55TH WAY LONG BEACH CA 90805,False,collaborator-sheet,manual_verified_multi,"Multi-parcel (33); situs reviewed 2026-08-22: complex fronts 5601 N Paramount Blvd; buildings carry E 56th Way situs (Drew, portal map)",2026,822648,2040384,2863032,572607,1962,Five or more apartments,la-county-api,2026-08-22,54,documented
54,Los Angeles,Seaport Village Apartments,7157031018,7157-031-018,2666 E 56TH WAY LONG BEACH CA 90805,False,collaborator-sheet,manual_verified_multi,"Multi-parcel (33); situs reviewed 2026-08-22: complex fronts 5601 N Paramount Blvd; buildings carry E 56th Way situs (Drew, portal map)",2026,742547,2040384,2782931,1518090,1963,Five or more apartments,la-county-api,2026-08-22,54,documented
54,Los Angeles,Seaport Village Apartments,7157031019,7157-031-019,2676 E 56TH WAY LONG BEACH CA 90805,False,collaborator-sheet,manual_verified_multi,"Multi-parcel (33); situs reviewed 2026-08-22: complex fronts 5601 N Paramount Blvd; buildings carry E 56th Way situs (Drew, portal map)",2026,742547,2040384,2782931,759184,1963,Five or more apartments,la-county-api,2026-08-22,54,documented
54,Los Angeles,Seaport Village Apartments,7157031020,7157-031-020,2686 E 56TH WAY LONG BEACH CA 90805,False,collaborator-sheet,manual_verified_multi,"Multi-parcel (33); situs reviewed 2026-08-22: complex fronts 5601 N Paramount Blvd; buildings carry E 56th Way situs (Drew, portal map)",2026,742547,2040384,2782931,1265121,1962,Five or more apartments,la-county-api,2026-08-22,54,documented
54,Los Angeles,Seaport Village Apartments,7157031021,7157-031-021,2696 E 56TH ST LONG BEACH CA 90805,False,collaborator-sheet,manual_verified_multi,"Multi-parcel (33); situs reviewed 2026-08-22: complex fronts 5601 N Paramount Blvd; buildings carry E 56th Way situs (Drew, portal map)",2026,822648,2040384,2863032,286304,1963,Five or more apartments,la-county-api,2026-08-22,54,documented
54,Los Angeles,Seaport Village Apartments,7157031022,7157-031-022,2667 E 56TH ST LONG BEACH CA 90805,False,collaborator-sheet,manual_verified_multi,"Multi-parcel (33); situs reviewed 2026-08-22: complex fronts 5601 N Paramount Blvd; buildings carry E 56th Way situs (Drew, portal map)",2026,742547,2040384,2782931,759184,1963,Five or more apartments,la-county-api,2026-08-22,54,documented
54,Los Angeles,Seaport Village Apartments,7157031023,7157-031-023,2677 E 56TH ST LONG BEACH CA 90805,False,collaborator-sheet,manual_verified_multi,"Multi-parcel (33); situs reviewed 2026-08-22: complex fronts 5601 N Paramount Blvd; buildings carry E 56th Way situs (Drew, portal map)",2026,742547,2040384,2782931,556587,1963,Five or more apartments,la-county-api,2026-08-22,54,documented
54,Los Angeles,Seaport Village Apartments,7157031024,7157-031-024,2687 E 56TH ST LONG BEACH CA 90805,False,collaborator-sheet,manual_verified_multi,"Multi-parcel (33); situs reviewed 2026-08-22: complex fronts 5601 N Paramount Blvd; buildings carry E 56th Way situs (Drew, portal map)",2026,742547,2040384,2782931,1113173,1963,Five or more apartments,la-county-api,2026-08-22,54,documented
54,Los Angeles,Seaport Village Apartments,7157031025,7157-031-025,2697 E 56TH ST LONG BEACH CA 90805,False,collaborator-sheet,manual_verified_multi,"Multi-parcel (33); situs reviewed 2026-08-22: complex fronts 5601 N Paramount Blvd; buildings carry E 56th Way situs (Drew, portal map)",2026,822648,2040384,2863032,1717820,1963,Five or more apartments,la-county-api,2026-08-22,54,documented
54,Los Angeles,Seaport Village Apartments,7157031026,7157-031-026,2666 E 56TH ST LONG BEACH CA 90805,False,collaborator-sheet,manual_verified_multi,"Multi-parcel (33); situs reviewed 2026-08-22: complex fronts 5601 N Paramount Blvd; buildings carry E 56th Way situs (Drew, portal map)",2026,742547,2040384,2782931,834881,1963,Five or more apartments,la-county-api,2026-08-22,54,documented
54,Los Angeles,Seaport Village Apartments,7157031027,7157-031-027,2676 E 56TH ST LONG BEACH CA 90805,False,collaborator-sheet,manual_verified_multi,"Multi-parcel (33); situs reviewed 2026-08-22: complex fronts 5601 N Paramount Blvd; buildings carry E 56th Way situs (Drew, portal map)",2026,742547,2040384,2782931,1391466,1963,Five or more apartments,la-county-api,2026-08-22,54,documented
54,Los Angeles,Seaport Village Apartments,7157031028,7157-031-028,2686 E 56TH ST LONG BEACH CA 90805,False,collaborator-sheet,manual_verified_multi,"Multi-parcel (33); situs reviewed 2026-08-22: complex fronts 5601 N Paramount Blvd; buildings carry E 56th Way situs (Drew, portal map)",2026,742547,2040384,2782931,1113173,1963,Five or more apartments,la-county-api,2026-08-22,54,documented
54,Los Angeles,Seaport Village Apartments,7157031029,7157-031-029,2696 E 56TH ST LONG BEACH CA 90805,False,collaborator-sheet,manual_verified_multi,"Multi-parcel (33); situs reviewed 2026-08-22: complex fronts 5601 N Paramount Blvd; buildings carry E 56th Way situs (Drew, portal map)",2026,822648,2040384,2863032,572607,1963,Five or more apartments,la-county-api,2026-08-22,54,documented
54,Los Angeles,Seaport Village Apartments,7157031030,7157-031-030,2667 E 55TH WAY LONG BEACH CA 90805,False,collaborator-sheet,manual_verified_multi,"Multi-parcel (33); situs reviewed 2026-08-22: complex fronts 5601 N Paramount Blvd; buildings carry E 56th Way situs (Drew, portal map)",2026,742547,2040384,2782931,278294,1962,Five or more apartments,la-county-api,2026-08-22,54,documented
54,Los Angeles,Seaport Village Apartments,7157031031,7157-031-031,2677 E 55TH WAY LONG BEACH CA 90805,False,collaborator-sheet,manual_verified_multi,"Multi-parcel (33); situs reviewed 2026-08-22: complex fronts 5601 N Paramount Blvd; buildings carry E 56th Way situs (Drew, portal map)",2026,742547,2040384,2782931,556587,1962,Five or more apartments,la-county-api,2026-08-22,54,documented
54,Los Angeles,Seaport Village Apartments,7157031032,7157-031-032,2687 E 55TH WAY LONG BEACH CA 90805,False,collaborator-sheet,manual_verified_multi,"Multi-parcel (33); situs reviewed 2026-08-22: complex fronts 5601 N Paramount Blvd; buildings carry E 56th Way situs (Drew, portal map)",2026,742547,2040384,2782931,1113173,1962,Five or more apartments,la-county-api,2026-08-22,54,documented
54,Los Angeles,Seaport Village Apartments,7157031033,7157-031-033,2697 E 55TH WAY LONG BEACH CA 90805,False,collaborator-sheet,manual_verified_multi,"Multi-parcel (33); situs reviewed 2026-08-22: complex fronts 5601 N Paramount Blvd; buildings carry E 56th Way situs (Drew, portal map)",2026,822648,2040384,2863032,572607,1962,Five or more apartments,la-county-api,2026-08-22,54,documented
55,Los Angeles,1457 Main Street Apartments,5409005030,5409-005-030,1457 N MAIN ST LOS ANGELES CA 90012,False,collaborator-sheet,manual_verified,,2026,14028320,3610800,17639120,16965307,,Food Processing Plants,la-county-api,2026-08-22,55,situs-match
56,Alameda,Viewpoint Apartments,5619549,,2020 3RD ST BERKELEY 94710,False,collaborator-sheet,,,,,,31838150,0,,,collaborator-sheet,,56,no-situs
58,Los Angeles,Chaparral Apartments,3004004033,3004-004-033,38441 5TH ST W PALMDALE CA 93551,False,collaborator-sheet,manual_verified,,2026,14484000,57936000,72420000,40127923,1987,Five or more apartments,la-county-api,2026-08-22,58,situs-match
59,San Francisco,Ventana Residences Apartments,6954018,,99 OCEAN AVE SAN FRANCISCO CA 94112-2560,False,collaborator-sheet,,,,,,82453101,,,,collaborator-sheet,,59,no-situs
61,Los Angeles,11422 Broadway Apartments,6087002036,6087-002-036,11422 S BROADWAY LOS ANGELES CA 90061,False,collaborator-sheet,manual_verified,,2026,2430059,477543,2907602,0,1917,"Warehousing, Distribution, Storage",la-county-api,2026-08-22,61,situs-match
62,Los Angeles,Mansfield Micro Apartments,5049009082,5049-009-082,,False,collaborator-sheet,manual_verified,,2026,2107153,0,2107153,0,,Single,la-county-api,2026-08-22,62,no-situs
63,Contra Costa,The Enclave Apartments,1701000273,,3081.0 N MAIN ST WALNUT CREEK CA 94597-1940,False,collaborator-sheet,,,,,,10616112,,,,collaborator-sheet,,63,no-situs
64,Los Angeles,333 Douglas Apartments,5160009020,5160-009-020,333 DOUGLAS ST LOS ANGELES CA 90026,False,collaborator-sheet,manual_verified,,2026,1061208,106120,1167328,0,1906,Single,la-county-api,2026-08-22,64,situs-match
65,Orange,Casa La Palma Apartments,26324146,,7799 VALLEY VIEW ST LA PALMA,False,collaborator-sheet,,,,,,53482929,53482929,,,collaborator-sheet,,65,no-situs
66,Los Angeles,The Eaves Apartments,5092023021,5092-023-021,920 S GRAMERCY PL LOS ANGELES CA 90019,False,collaborator-sheet,manual_verified,,2026,1632000,6324000,7956000,0,2024,Five or more apartments,la-county-api,2026-08-22,66,situs-match
67,Orange,Coronado Palms Apartments,12918108,,1250.0 S EUCLID ST ANAHEIM CA 92802-1907,False,collaborator-sheet,,,,,,60690000,,,,collaborator-sheet,,67,no-situs
68,Los Angeles,Candlewood North Apartments,2764001013,2764-001-013,9830 RESEDA BLVD LOS ANGELES CA 91324,False,collaborator-sheet,manual_verified,,2026,9016800,8896440,17913240,9194867,1964,Five or more apartments,la-county-api,2026-08-22,68,situs-match
69,Los Angeles,Lindley Parc Apartments,2731008014,2731-008-014,10535 LINDLEY AVE LOS ANGELES CA 91326,False,collaborator-sheet,manual_verified,,2026,3366000,7854000,11220000,0,1964,Five or more apartments,la-county-api,2026-08-22,69,situs-match
70,San Mateo,Terrace View Apartments,006312850,,"4 Terrace View Ct, Daly City, CA 94015",False,collaborator-sheet,,,,,,3870288,,,,collaborator-sheet,,359,no-situs
70,San Mateo,Terrace View Apartments,006312860,,"35 Eastmoor Ave, Daly City, CA 94015",False,collaborator-sheet,,,,,,4765032,,,,collaborator-sheet,,359,no-situs
70,San Mateo,Terrace View Apartments,006312870,,"45 Eastmoor Ave, Daly City, CA 94015",False,collaborator-sheet,,,,,,4452912,,,,collaborator-sheet,,359,no-situs
70,San Mateo,Terrace View Apartments,006312880,,"55 Eastmoor Ave, Daly City, CA 94015",False,collaborator-sheet,,,,,,4317660,,,,collaborator-sheet,,359,no-situs
70,San Mateo,Terrace View Apartments,006312890,,"65 Eastmoor Ave, Daly City, CA 94015",False,collaborator-sheet,,,,,,4317660,,,,collaborator-sheet,,359,no-situs
70,San Mateo,Terrace View Apartments,006312900,,"75 Eastmoor Ave, Daly City, CA 94015",False,collaborator-sheet,,,,,,4713012,,,,collaborator-sheet,,359,no-situs
70,San Mateo,Terrace View Apartments,006312910,,"85 Eastmoor Ave, Daly City, CA 94015",False,collaborator-sheet,,,,,,5784624,,,,collaborator-sheet,,359,no-situs
70,San Mateo,Terrace View Apartments,006312920,,"95 Eastmoor Ave, Daly City, CA 94015",False,collaborator-sheet,,,,,,2590596,,,,collaborator-sheet,,359,no-situs
71,San Mateo,SoFi Redwood Park Apartments,52082450,,1212 WHIPPLE AVE REDWOOD CITY CA 94062-1556,False,collaborator-sheet,,,,,,25240000,,,,collaborator-sheet,,360,no-situs
72,San Francisco,Waterbend Apartments,5431A041,5431A041,"5880 3rd St, San Francisco, CA 94124",False,collaborator-sheet,,,,,,73513835,0,,,collaborator-sheet,,72,no-situs
73,Los Angeles,1540 W Court Apartments,5159020026,5159-020-026,1540 W COURT ST,False,collaborator-sheet,parcel_in_transition,Legacy AIN 5159020011-015 consolidated to 5159020026,2026,3400000,0,3400000,0,1890,Four Units (Any Combination),la-county-api,2026-08-22,73,no-situs
73,Los Angeles,1540 W Court Apartments,5159020010,5159-020-010,1526 W COURT ST LOS ANGELES CA 90026,False,collaborator-sheet,manual_verified_multi,Multi-parcel (7),2026,136403,46872,183275,0,1910,Single,la-county-api,2026-08-22,73,situs-match
73,Los Angeles,1540 W Court Apartments,5159020009,5159-020-009,1520 W COURT ST LOS ANGELES CA 90026,False,collaborator-sheet,manual_verified_multi,Multi-parcel (7),2026,92406,120843,213249,0,1923,Single,la-county-api,2026-08-22,73,situs-match
74,San Diego,Sol Haus Apartments,5484004400,,5040.0 LOGAN AVE SAN DIEGO CA 92113-3014,False,collaborator-sheet,,,2026,4462500,0,4462500,,  ,20,sandag-parcels,2026-08-22,74,situs-match
75,San Diego,Palmilla Apartments,4635902700,,5474.0 RESERVOIR DR 1-36 SAN DIEGO CA 92120-5145,False,collaborator-sheet,,,2026,23383000,10021000,33404000,,69,16,sandag-parcels,2026-08-22,75,situs-match
76,Los Angeles,1451 W. MLK Boulevard Apartments,5036031006,5036-031-006,1451 W MARTIN LUTHER KING JR BLVD LOS ANGELES CA 90062,False,collaborator-sheet,manual_verified,"AIN in transition at county (renumbered); duplicate sheet row 182 merged into 76, 2026-08-22",2025,,,1569525,0,,,collaborator-sheet,,76,documented
77,Los Angeles,11630 S. Main Street Apartments,6083010040,6083-010-040,,False,collaborator-sheet,parcel_in_transition,"situs reviewed 2026-08-22 (Drew, assessor portal): AIN confirmed; county situs is 114 E 116TH ST, differs from marketing address 11630 S Main St",2026,1010668,7479660,8490328,0,2023,Five or more apartments,la-county-api,2026-08-22,77,documented
78,Contra Costa,Bella Vista at Hilltop Apartments,4054900073,,3400.0 RICHMOND PKWY RICHMOND CA 94806-5207,False,collaborator-sheet,,,,,,222047798,,,,collaborator-sheet,,78,no-situs
79,Los Angeles,10811 S. Compton Ave Apartments,6070003041,6070-003-041,10811 COMPTON AVE,False,collaborator-sheet,parcel_in_transition,Legacy AIN 6070003038 consolidated to 6070003041,2026,486984,2195000,2681984,0,1950,Two Units,la-county-api,2026-08-22,79,situs-match
80,Los Angeles,4101 Somerset Dr. Apartments,5032015003,5032-015-003,4101 SOMERSET DR LOS ANGELES CA 90008,False,collaborator-sheet,manual_verified,,2026,1584354,8415000,9999354,0,2023,Five or more apartments,la-county-api,2026-08-22,80,situs-match
81,Los Angeles,321 E. Florence Apartments,6011008052,6011-008-052,325 E FLORENCE AVE LOS ANGELES CA 90003,False,collaborator-sheet,manual_verified,,2026,648560,5431558,6080118,0,2023,Five or more apartments,la-county-api,2026-08-22,81,situs-match
82,Los Angeles,9300 Compton Ave. Apartments,6048022067,6048-022-067,9300 COMPTON AVE XX LOS ANGELES CA 90002,False,collaborator-sheet,manual_verified,,2026,607243,0,607243,0,,Single,la-county-api,2026-08-22,82,situs-match
83,Los Angeles,6401 S. Avalon Blvd. Apartments,6006018001,6006-018-001,6401 AVALON BLVD LOS ANGELES CA 90003,False,collaborator-sheet,manual_verified,,2026,435050,0,435050,0,,Commercial,la-county-api,2026-08-22,83,situs-match
84,Los Angeles,9515 Compton Ave. Apartments,6048004025,6048-004-025,9515 COMPTON AVE LOS ANGELES CA 90002,False,collaborator-sheet,manual_verified,,2026,668193,711247,1379440,0,,Five or more apartments,la-county-api,2026-08-22,84,situs-match
85,Los Angeles,569 W. 6th Street Apartments,7451037031,7451-037-031,575 W 6TH ST SAN PEDRO CA 90731,False,collaborator-sheet,manual_verified,,2026,1391141,0,1391141,0,2022,Five or more apartments,la-county-api,2026-08-22,85,situs-match
86,Los Angeles,685 W. 4th St Apartments,7451026002,7451-026-002,685 W 4TH ST LOS ANGELES CA 90731,False,collaborator-sheet,manual_verified,,2026,607243,2455140,3062383,0,2024,Five or more apartments,la-county-api,2026-08-22,86,situs-match
87,Los Angeles,Chadwick Apartments,5501013028,5501-013-028,209 S WESTMORELAND AVE LOS ANGELES CA 90004,False,collaborator-sheet,manual_verified,,2026,99500000,47300000,146800000,0,1968,Five or more apartments,la-county-api,2026-08-22,87,situs-match
88,Los Angeles,Chatsworth Apartments,2695003030,2695-003-030,,False,collaborator-sheet,parcel_in_transition,Legacy AIN 2695003001 consolidated to 2695003030,2026,605000,259000,864000,0,1958,Single,la-county-api,2026-08-22,88,situs-match
90,Los Angeles,Pacific Trails Apartments,8630009026,8630-009-026,18615 E ARROW HWY AZUSA CA 91722,False,collaborator-sheet,manual_verified,,2026,13500000,7500000,21000000,0,1977,Five or more apartments,la-county-api,2026-08-22,90,situs-match
91,Los Angeles,Huston Affordable Housing Apartments,2421011010,2421-011-010,10910 HUSTON ST LOS ANGELES CA 91601,False,collaborator-sheet,manual_verified,,2026,1290616,155539,1446155,0,1929,Single,la-county-api,2026-08-22,91,situs-match
92,Los Angeles,The Parker Apartments,8576001024,8576-001-024,4608 ARDEN WAY EL MONTE CA 91731,False,collaborator-sheet,manual_verified,,2026,14000000,32675000,46675000,0,1963,Five or more apartments,la-county-api,2026-08-22,92,situs-match
93,Napa,Canyon Ridge at Napa Junction Apartments,59020050000,,800.0 RELIANT WAY AMERICAN CANYON CA 94503-3242,False,collaborator-sheet,,,,,,46693244,,,,collaborator-sheet,,93,no-situs
94,San Diego,Canyon Villa Apartment Homes,6390806100,,601.0 TELEGRAPH CANYON RD CHULA VISTA CA 91910-6561,False,collaborator-sheet,,,2026,30000000,43424100,73424100,,82,16,sandag-parcels,2026-08-22,94,situs-match
97,Los Angeles,Azusa Gardens Apartments,8608030071,8608-030-071,601 E 8TH ST AZUSA CA 91702,False,collaborator-sheet,manual_verified,,2026,8800000,20500000,29300000,0,1987,Five or more apartments,la-county-api,2026-08-22,97,situs-match
98,Alameda,Camden Village Apartments,50115064010,501-1506-40-10,38000.0 CAMDEN ST FREMONT CA 94536-5169,False,collaborator-sheet,,,,,,73418537,0,,,collaborator-sheet,,98,no-situs
99,Los Angeles,Passo Barrington Apartments,4262018026,4262-018-026,1734 S BARRINGTON AVE LOS ANGELES CA 90025,False,collaborator-sheet,manual_verified,,2025,,,2225000,0,,,collaborator-sheet,,99,no-situs
100,Los Angeles,Passo Centinela I Apartments,4231018020,4231-018-020,4129 S CENTINELA AVE LOS ANGELES CA 90066,False,collaborator-sheet,manual_verified,,2026,1662600,0,1662600,0,1949,Stores,la-county-api,2026-08-22,100,situs-match
101,Los Angeles,Passo Centinela II Apartments,4221007056,4221-007-056,4706 S CENTINELA AVE LOS ANGELES CA 90066,False,collaborator-sheet,manual_verified,,2026,2233800,0,2233800,0,,Five or more apartments,la-county-api,2026-08-22,101,situs-match
102,Los Angeles,Passo Stoner Apartments,4262016011,4262-016-011,1747 STONER AVE LOS ANGELES CA 90025,False,collaborator-sheet,manual_verified,,2026,2432700,0,2432700,0,1927,Three Units (Any Combination),la-county-api,2026-08-22,102,situs-match
103,Los Angeles,4th Street Apartments,5183012030,5183-012-030,2025 E 4TH ST LOS ANGELES CA 90033,False,collaborator-sheet,manual_verified,,2026,2827755,1421595,4249350,0,1912,Five or more apartments,la-county-api,2026-08-22,103,situs-match
104,Los Angeles,Alexandria I Apartments,5518008009,5518-008-009,247 S ALEXANDRIA AVE LOS ANGELES CA 90004,False,collaborator-sheet,manual_verified,,2026,3247296,1298917,4546213,0,1925,Five or more apartments,la-county-api,2026-08-22,104,situs-match
105,Los Angeles,Ashby Apartments,5093017031,5093-017-031,808 S HOBART BLVD LOS ANGELES CA 90005,False,collaborator-sheet,manual_verified,,2026,4784000,3200000,7984000,0,1930,Five or more apartments,la-county-api,2026-08-22,105,situs-match
106,Los Angeles,Catalina Apartments,5502011009,5502-011-009,454 S CATALINA ST LOS ANGELES CA 90020,False,collaborator-sheet,manual_verified,,2026,5348488,2292209,7640697,0,1928,Five or more apartments,la-county-api,2026-08-22,106,situs-match
107,Los Angeles,Edgemont Apartments,5518013007,5518-013-007,103 S EDGEMONT ST LOS ANGELES CA 90004,False,collaborator-sheet,manual_verified,,2026,6654622,2716657,9371279,0,1930,Five or more apartments,la-county-api,2026-08-22,107,situs-match
108,Los Angeles,Gramercy Apartments,5081032007,5081-032-007,974 S GRAMERCY PL LOS ANGELES CA 90019,False,collaborator-sheet,manual_verified,,2026,4329728,3030809,7360537,0,1928,Five or more apartments,la-county-api,2026-08-22,108,situs-match
109,Los Angeles,Irolo Apartments,5094021028,5094-021-028,932 IROLO ST LOS ANGELES CA 90006,False,collaborator-sheet,manual_verified,,2026,4971947,2367593,7339540,0,1927,Five or more apartments,la-county-api,2026-08-22,109,situs-match
110,Los Angeles,Kenmore I Apartments,5094023030,5094-023-030,941 S KENMORE AVE LOS ANGELES CA 90006,False,collaborator-sheet,manual_verified,,2026,2939546,1485691,4425237,0,1923,Five or more apartments,la-county-api,2026-08-22,110,situs-match
111,Los Angeles,Manhattan III Apartments,5503015016,5503-015-016,426 S MANHATTAN PL LOS ANGELES CA 90020,False,collaborator-sheet,manual_verified,,2026,4925065,2110742,7035807,0,1928,Five or more apartments,la-county-api,2026-08-22,111,situs-match
112,Los Angeles,Mariposa II Apartments,5518008014,5518-008-014,260 S MARIPOSA AVE LOS ANGELES CA 90004,False,collaborator-sheet,manual_verified,,2026,5520403,3036221,8556624,0,1927,Five or more apartments,la-county-api,2026-08-22,112,situs-match
113,Los Angeles,Normandie Apartments,5094004004,5094-004-004,739 S NORMANDIE AVE LOS ANGELES CA 90005,False,collaborator-sheet,manual_verified,,2026,3395865,1697932,5093797,0,1927,Five or more apartments,la-county-api,2026-08-22,113,situs-match
114,Los Angeles,Norton Apartments,5081006014,5081-006-014,1111 S NORTON AVE LOS ANGELES CA 90019,False,collaborator-sheet,manual_verified,,2026,2228536,955087,3183623,0,1928,Five or more apartments,la-county-api,2026-08-22,114,situs-match
115,Los Angeles,Oxford I Apartments,5080008006,5080-008-006,975 S OXFORD AVE LOS ANGELES CA 90006,False,collaborator-sheet,manual_verified_multi,Multi-parcel (3),2026,2705131,784207,3489338,0,1922,Five or more apartments,la-county-api,2026-08-22,115,situs-match
115,Los Angeles,Oxford I Apartments,5080008007,5080-008-007,979 S OXFORD AVE LOS ANGELES CA 90006,False,collaborator-sheet,manual_verified_multi,Multi-parcel (3),2026,2705131,901336,3606467,0,1920,Five or more apartments,la-county-api,2026-08-22,115,situs-match
115,Los Angeles,Oxford I Apartments,5080008008,5080-008-008,985 S OXFORD AVE LOS ANGELES CA 90006,False,collaborator-sheet,manual_verified_multi,Multi-parcel (3),2026,2705131,902453,3607584,0,1922,Five or more apartments,la-county-api,2026-08-22,115,situs-match
116,Los Angeles,Oxford III Apartments,5080015003,5080-015-003,960 S OXFORD AVE LOS ANGELES CA 90006,False,collaborator-sheet,manual_verified,,2026,10080257,4410801,14491058,0,1923,Five or more apartments,la-county-api,2026-08-22,116,situs-match
117,Los Angeles,Seven Lions Apartments,5518027010,5518-027-010,3715 W 1ST ST LOS ANGELES CA 90004,False,collaborator-sheet,manual_verified,,2026,2208161,9936726,12144887,0,1926,Five or more apartments,la-county-api,2026-08-22,117,situs-match
118,Los Angeles,St. Andrews I Apartments,5504029006,5504-029-006,515 S ST ANDREWS PL LOS ANGELES CA 90020,False,collaborator-sheet,manual_verified,,2026,6624483,3588262,10212745,0,1957,Five or more apartments,la-county-api,2026-08-22,118,situs-match
119,Los Angeles,St. Andrews II Apartments,5503017013,5503-017-013,516 S ST ANDREWS PL LOS ANGELES CA 90020,False,collaborator-sheet,manual_verified,,2026,763114,13730651,14493765,0,1928,Five or more apartments,la-county-api,2026-08-22,119,situs-match
120,Sacramento,The Falls at Arden Apartments,28502100410000,285-0210-041-0000,2345.0 NORTHROP AVE SACRAMENTO CA 95825-7571,False,collaborator-sheet,,,,,,51313873,0,,,collaborator-sheet,,120,no-situs
121,Los Angeles,Alexandria II Apartments,5518013024,5518-013-024,130 S ALEXANDRIA AVE LOS ANGELES CA 90004,True,collaborator-sheet,manual_verified,,2026,10256043,3761450,14017493,0,1990,Five or more apartments,la-county-api,2026-08-22,162,situs-match
122,Los Angeles,Fedora Apartments,5094017020,5094-017-020,861 FEDORA ST LOS ANGELES CA 90005,True,collaborator-sheet,manual_verified,,2026,7577025,2327228,9904253,0,1930,Five or more apartments,la-county-api,2026-08-22,165,situs-match
123,Los Angeles,Kenmore II Apartments,5518020021,5518-020-021,200 S KENMORE AVE LOS ANGELES CA 90004,True,collaborator-sheet,manual_verified,,2026,6900505,2484181,9384686,0,1926,Five or more apartments,la-county-api,2026-08-22,168,situs-match
124,Los Angeles,Kenmore III Apartments,5094023025,5094-023-025,915 S KENMORE AVE LOS ANGELES CA 90006,True,collaborator-sheet,manual_verified,,2026,2208161,745253,2953414,0,1923,Five or more apartments,la-county-api,2026-08-22,169,situs-match
125,Los Angeles,Kingsley Apartments,5503024012,5503-024-012,530 S KINGSLEY DR LOS ANGELES CA 90020,True,collaborator-sheet,manual_verified,,2026,6494592,4232309,10726901,0,1930,Five or more apartments,la-county-api,2026-08-22,170,situs-match
126,Los Angeles,Mariposa I Apartments,5094005005,5094-005-005,727 S MARIPOSA AVE LOS ANGELES CA 90005,True,collaborator-sheet,manual_verified,,2026,5409995,1821732,7231727,0,1925,Five or more apartments,la-county-api,2026-08-22,173,situs-match
127,Los Angeles,Mariposa III Apartments,5094006003,5094-006-003,750 S MARIPOSA AVE LOS ANGELES CA 90005,True,collaborator-sheet,manual_verified,,2026,4946714,1731890,6678604,0,1925,Five or more apartments,la-county-api,2026-08-22,174,situs-match
128,Los Angeles,Mariposa IV Apartments,5502019004,5502-019-004,520 S MARIPOSA AVE LOS ANGELES CA 90020,True,collaborator-sheet,manual_verified,,2026,10077442,1623648,11701090,0,1928,Five or more apartments,la-county-api,2026-08-22,175,situs-match
129,Los Angeles,Oxford II Apartments,5517005016,5517-005-016,207 N OXFORD AVE LOS ANGELES CA 90004,True,collaborator-sheet,manual_verified,,2026,4607090,1974466,6581556,0,1927,Five or more apartments,la-county-api,2026-08-22,177,situs-match
130,Los Angeles,Western Apartments,5080006008,5080-006-008,1057 S WESTERN AVE LOS ANGELES CA 90006,True,collaborator-sheet,manual_verified,,2026,11378292,2912841,14291133,0,1926,Five or more apartments,la-county-api,2026-08-22,179,situs-match
132,Los Angeles,7524 S. Hoover St Apartments,6020022027,6020-022-027,7524 S HOOVER ST,False,collaborator-sheet,parcel_in_transition,Legacy AIN 6020022025 no longer exists. New AIN 6020022027 has no data yet.,2025,,,2856000,0,,,collaborator-sheet,,132,no-situs
134,Los Angeles,10705 Avalon Blvd Apartments,6063029029,6063-029-029,10705 AVALON BLVD LOS ANGELES CA 90061,False,collaborator-sheet,manual_verified,,2026,955087,0,955087,955087,1924,Stores,la-county-api,2026-08-22,134,situs-match
135,Los Angeles,236 Berendo Apartments,5518026004,5518-026-004,236 N BERENDO ST LOS ANGELES CA 90004,True,collaborator-sheet,manual_verified,,2026,1040400,374544,1414944,0,1920,Single,la-county-api,2026-08-22,220,situs-match
137,Los Angeles,Kittridge Affordable Housing Apartments,2125017014,2125-017-014,18337 KITTRIDGE ST LOS ANGELES CA 91335,False,collaborator-sheet,manual_verified,,2025,,,943500,0,,,collaborator-sheet,,137,no-situs
141,Fresno,Renaissance Apartment Homes,41805060,,5669 N FRESNO ST FRESNO CA 93710,False,collaborator-sheet,,,,,,30330305,,,,collaborator-sheet,,141,no-situs
142,Los Angeles,9033 Ramsgate Apartments,4125011053,4125-011-053,9033 RAMSGATE AVE,False,collaborator-sheet,parcel_in_transition,Legacy AIN 4125011010 consolidated to 4125011053,2026,3693417,0,3693417,0,1950,Four Units (Any Combination),la-county-api,2026-08-22,142,situs-match
143,Alameda,Coliseum Transit Village,41416654,,805 71ST AVE OAKLAND CA 94621-3386,True,collaborator-sheet,,"Duplicate of project 147 row (same AIN, same property, re-authorized deal); marked redundant 2026-08-22",,,,,,,,,,147,
144,Santa Barbara,La Vista Apartment Homes,123140018,,"740 S WESTERN AVE, SANTA MARIA, CA 93458",False,collaborator-sheet,,,,,,6695000,,,,collaborator-sheet,,144,no-situs
144,Santa Barbara,La Vista Apartment Homes,123140019,,-,False,collaborator-sheet,,,,,,4460000,,,,collaborator-sheet,,144,no-situs
144,Santa Barbara,La Vista Apartment Homes,123140020,,-,False,collaborator-sheet,,,,,,4460000,,,,collaborator-sheet,,144,no-situs
144,Santa Barbara,La Vista Apartment Homes,123140021,,-,False,collaborator-sheet,,,,,,7113000,,,,collaborator-sheet,,144,no-situs
145,Fresno,Golden Gardens Apartments,,,"2130 N Marks Ave, Fresno, CA 93722",False,collaborator-sheet,,,,,,10673404,,,,collaborator-sheet,,145,
146,Los Angeles,San Pedro Apartments,6022014002,6022-014-002,7655 S SAN PEDRO ST LOS ANGELES CA 90003,False,collaborator-sheet,manual_verified,,2026,816000,0,816000,0,1934,Store Combination,la-county-api,2026-08-22,146,situs-match
147,Alameda,Coliseum Connections,41416654,,"805 71ST AVE, OAKLAND, CA 94621",False,collaborator-sheet,,,2026,,,0,0,,,manual-repo-edit,,147,no-situs
148,Los Angeles,Park Wilshire Apartments,5141004003,5141-004-003,2424 WILSHIRE BLVD LOS ANGELES CA,False,manual-repo-edit,manual_verified,"Corrected 2026-08-22 (Drew, assessor portal): prior parcel was 2424 Wilshire SANTA MONICA; Park Wilshire is the LA one",2026,8600000,11100000,19700000,0,1924,Five or more apartments,la-county-api,2026-08-22,148,situs-match
149,Los Angeles,Sir Francis Drake Villa Apartments,5093010009,5093-010-009,841 S SERRANO AVE LOS ANGELES CA 90005,False,collaborator-sheet,manual_verified,,2026,3600000,5400000,9000000,0,1929,Five or more apartments,la-county-api,2026-08-22,149,situs-match
150,Los Angeles,Langham Apartments,5094004007,5094-004-007,715 S NORMANDIE AVE LOS ANGELES CA 90005,False,collaborator-sheet,manual_verified,,2026,5500000,20600000,26100000,0,1927,Five or more apartments,la-county-api,2026-08-22,150,situs-match
151,Los Angeles,Piccadilly Apartments,5094002004,5094-002-004,682 IROLO ST LOS ANGELES CA 90005,False,collaborator-sheet,manual_verified,,2026,2600000,9400000,12000000,0,1929,Five or more apartments,la-county-api,2026-08-22,151,situs-match
152,Los Angeles,The Hive at Ackerfield Apartments,7157012023,7157-012-023,5700 ACKERFIELD AVE LONG BEACH CA 90805,True,collaborator-sheet,manual_verified_multi,Multi-parcel (2),2026,4762701,20566211,25328912,0,1973,Five or more apartments,la-county-api,2026-08-22,181,situs-match
153,Los Angeles,Hawaiian Terrace Senior Apartments,7075020011,7075-020-011,12100 226TH ST HAWAIIAN GARDNS CA 90716,False,collaborator-sheet,manual_verified_multi,Multi-parcel (2),2026,5736890,14071618,19808508,0,1990,Five or more apartments,la-county-api,2026-08-22,153,situs-match
153,Los Angeles,Hawaiian Terrace Senior Apartments,7075020012,7075-020-012,12100 226TH ST HAWAIIAN GARDENS CA 90716,False,collaborator-sheet,manual_verified_multi,Multi-parcel (2),2026,4004998,0,4004998,0,,Five or more apartments,la-county-api,2026-08-22,153,situs-match
154,San Mateo,Crystal Springs Terrace,019170270,,2000 CRYSTAL SPRINGS RD SAN BRUNO,False,collaborator-sheet,,,,,,180060039,,,,collaborator-sheet,,154,no-situs
155,Contra Costa,Trailview Apartments,1303200180,,"1070 San Miguel Road, Concord, CA",False,collaborator-sheet,,,,,,34848175,,,,collaborator-sheet,,155,no-situs
156,Alameda,Casa Serena Apartments,5011800142,,"36000 FREMONT BLVD, FREMONT, CA 94536",False,collaborator-sheet,,,,,,65613972,,,,collaborator-sheet,,156,no-situs
157,San Diego,Hendrix and Hadley Apartments,2262031000,,439 W EL NORTE PKWY ESCONDIDO CA 92026-1961,False,collaborator-sheet,,,2026,5116369,7674557,12790926,,87,16,sandag-parcels,2026-08-22,157,situs-match
157,San Diego,Hendrix and Hadley Apartments,2280732000,,1045 MORNING VIEW DR ESCONDIDO CA 92026-3481,False,collaborator-sheet,,,2026,20621754,21308356,41930110,,85,16,sandag-parcels,2026-08-22,157,situs-match
157,San Diego,Hendrix and Hadley Apartments,2262030200,,443 W EL NORTE PKWY ESCONDIDO CA 92026,False,collaborator-sheet,,,2026,7937360,11424829,19362189,,87,16,sandag-parcels,2026-08-22,157,situs-match
157,San Diego,Hendrix and Hadley Apartments,2262110300,,457 W EL NORTE PKWY ESCONDIDO CA 92026,False,collaborator-sheet,,,2026,5116369,7674557,12790926,,87,16,sandag-parcels,2026-08-22,157,situs-match
158,Los Angeles,Kalmia Apartments,,,,,collaborator-sheet,,,,,,,,,,,,158,
159,Los Angeles,1141 N. Vermont Avenue Apartments,5540019012,,1141 N VERMONT AVE LOS ANGELES CA 90029,False,collaborator-sheet,,,2026,4090000,0,4090000,0,1982,Professional Buildings,la-county-api,2026-08-22,159,situs-match
160,Los Angeles,12th Street Apartments,5080011007,5080-011-007,3048 W 12TH ST LOS ANGELES CA 90006,False,collaborator-sheet,manual_verified,Added from LA County lookup,2026,2048090,694072,2742162,0,1928,Five or more apartments,la-county-api,2026-08-22,351,situs-match
161,Los Angeles,8th Street Apartments,5077018006,5077-018-006,2933 W 8TH ST LOS ANGELES CA 90005,False,collaborator-sheet,,,2026,6472943,2976688,9449631,0,1928,Five or more apartments,la-county-api,2026-08-22,161,situs-match
162,Los Angeles,Alexandria II Apartments,5518013024,5518-013-024,130 S ALEXANDRIA AVE LOS ANGELES CA 90004,False,collaborator-sheet,,,2026,10256043,3761450,14017493,0,1990,Five or more apartments,la-county-api,2026-08-22,162,situs-match
163,Los Angeles,Ardmore Apartments,5521023008,5521-023-008,437 N ARDMORE AVE LOS ANGELES CA 90004,False,collaborator-sheet,,,2026,11155189,2342588,13497777,0,1925,Five or more apartments,la-county-api,2026-08-22,163,situs-match
164,Los Angeles,Avalon Apartments,5468028027,5468-028-027,249 S AVENUE 55 LOS ANGELES CA 90042,False,collaborator-sheet,,,2026,8254838,3569659,11824497,0,1961,Five or more apartments,la-county-api,2026-08-22,164,situs-match
165,Los Angeles,Fedora Apartments,5094017020,5094-017-020,861 FEDORA ST LOS ANGELES CA 90005,False,collaborator-sheet,,,2026,7577025,2327228,9904253,0,1930,Five or more apartments,la-county-api,2026-08-22,165,situs-match
166,Los Angeles,Harvard Apartments,5521010010,5521-010-010,516 N HARVARD BLVD LOS ANGELES CA 90004,False,collaborator-sheet,,,2026,5899254,2273106,8172360,0,1928,Five or more apartments,la-county-api,2026-08-22,166,situs-match
167,Los Angeles,Hollywood Apartments,5544016002,5544-016-002,5200 HOLLYWOOD BLVD LOS ANGELES CA 90027,False,collaborator-sheet,,,2026,3247296,1537053,4784349,0,1913,Five or more apartments,la-county-api,2026-08-22,167,situs-match
168,Los Angeles,Kenmore II Apartments,5518020021,5518-020-021,200 S KENMORE AVE LOS ANGELES CA 90004,False,collaborator-sheet,,,2026,6900505,2484181,9384686,0,1926,Five or more apartments,la-county-api,2026-08-22,168,situs-match
169,Los Angeles,Kenmore III Apartments,5094023025,5094-023-025,915 S KENMORE AVE LOS ANGELES CA 90006,False,collaborator-sheet,,,2026,2208161,745253,2953414,0,1923,Five or more apartments,la-county-api,2026-08-22,169,situs-match
170,Los Angeles,Kinglsey Apartments,5503024012,5503-024-012,530 S KINGSLEY DR LOS ANGELES CA 90020,False,collaborator-sheet,,,2026,6494592,4232309,10726901,0,1930,Five or more apartments,la-county-api,2026-08-22,170,situs-match
171,Los Angeles,Lexington Apartments,5537006002,5537-006-002,5406 LEXINGTON AVE LOS ANGELES CA 90029,False,collaborator-sheet,,,2026,6637472,2844631,9482103,0,1928,Five or more apartments,la-county-api,2026-08-22,171,situs-match
172,Los Angeles,Manhattan I & II Apartments,5503015019,5503-015-019,410 S MANHATTAN PL LOS ANGELES CA 90020,False,collaborator-sheet,,,2026,3422648,2235762,5658410,0,1963,Five or more apartments,la-county-api,2026-08-22,172,situs-match
172,Los Angeles,Manhattan I & II Apartments,5503017019,5503-017-019,509 S MANHATTAN PL LOS ANGELES CA 90020,False,collaborator-sheet,,,2026,11040807,2760201,13801008,0,1970,Five or more apartments,la-county-api,2026-08-22,172,situs-match
173,Los Angeles,Mariposa I Apartments,5094005005,5094-005-005,727 S MARIPOSA AVE LOS ANGELES CA 90005,False,collaborator-sheet,,,2026,5409995,1821732,7231727,0,1925,Five or more apartments,la-county-api,2026-08-22,173,situs-match
174,Los Angeles,Mariposa III Apartments,5094006003,5094-006-003,750 S MARIPOSA AVE LOS ANGELES CA 90005,False,collaborator-sheet,,,2026,4946714,1731890,6678604,0,1925,Five or more apartments,la-county-api,2026-08-22,174,situs-match
175,Los Angeles,Mariposa IV Apartments,5502019004,5502-019-004,520 S MARIPOSA AVE LOS ANGELES CA 90020,False,collaborator-sheet,,,2026,10077442,1623648,11701090,0,1928,Five or more apartments,la-county-api,2026-08-22,175,situs-match
176,Los Angeles,Monte Vista Apartments,5469032001,5469-032-001,5635 MONTE VISTA ST LOS ANGELES CA 90042,False,collaborator-sheet,,,2026,7167207,3123451,10290658,0,1966,Five or more apartments,la-county-api,2026-08-22,176,situs-match
177,Los Angeles,Oxford II Apartments,5517005016,5517-005-016,207 N OXFORD AVE LOS ANGELES CA 90004,False,collaborator-sheet,,,2026,4607090,1974466,6581556,0,1927,Five or more apartments,la-county-api,2026-08-22,177,situs-match
178,Los Angeles,Parkview Apartments,5446002044,5446-002-044,312 W AVENUE 37 LOS ANGELES CA 90065,False,collaborator-sheet,,,2026,7139319,7139319,14278638,0,1989,Five or more apartments,la-county-api,2026-08-22,178,situs-match
179,Los Angeles,Western Apartments,5080006008,5080-006-008,1057 S WESTERN AVE LOS ANGELES CA 90006,False,collaborator-sheet,,,2026,11378292,2912841,14291133,0,1926,Five or more apartments,la-county-api,2026-08-22,179,situs-match
180,Los Angeles,Westmoreland Apartments,5501016008,5501-016-008,132 S WESTMORELAND AVE LOS ANGELES CA 90004,False,collaborator-sheet,,,2026,1905080,1450458,3355538,0,1925,Five or more apartments,la-county-api,2026-08-22,180,situs-match
181,Los Angeles,The Hive Apartments,7157012017,7157-012-017,5565 ACKERFIELD AVE LONG BEACH CA 90805,False,collaborator-sheet,,,2026,3950877,10824321,14775198,0,1973,Five or more apartments,la-county-api,2026-08-22,181,situs-match
183,Los Angeles,4256 Whittier Blvd Apartments,5236016054,5236-016-054,4252 WHITTIER BLVD LOS ANGELES CA 90023,False,collaborator-sheet,,,2026,1766527,0,1766527,0,2025,Five or more apartments,la-county-api,2026-08-22,183,situs-match
184,Los Angeles,225 W 25th Apartments,5126020009,5126-020-009,225 W 25TH ST LOS ANGELES CA 90007,False,collaborator-sheet,,,2026,2052553,3078830,5131383,0,1925,Five or more apartments,la-county-api,2026-08-22,184,situs-match
185,Los Angeles,9422 Firth Avenue Apartments,6048004047,6048-004-047,9422 FIRTH BLVD LOS ANGELES CA 90002,False,collaborator-sheet,,,2026,1394398,0,1394398,0,,Single,la-county-api,2026-08-22,185,situs-match
186,Los Angeles,4008 Martin Luther King Blvd Apartments,5032007019,5032-007-019,4008 W MARTIN LUTHER KING JR BLVD LOS ANGELES CA 90008,False,collaborator-sheet,,,2026,2335129,11290000,13625129,0,2024,Five or more apartments,la-county-api,2026-08-22,186,situs-match
187,Orange,Bentley Parke Apartments,19826132,198-261-32,3200 W 5TH ST,False,collaborator-sheet,,,,,,26605309,,,,collaborator-sheet,,187,no-situs
188,Contra Costa,Del Norte Place Apartments,501261015,501261015,11720 SAN PABLO AVE,False,collaborator-sheet,,,,,,42750000,9419226,,,collaborator-sheet,,205,no-situs
190,Contra Costa,Highlands Point Apartments,223010017,223010017,2311 IVY HILL WAY,False,collaborator-sheet,,,,,,69647731,46831134,,,collaborator-sheet,,190,no-situs
192,Orange,Heritage Village Anaheim Apartments,03615006,036-150-06,707 W SANTA ANA ST,False,collaborator-sheet,,,,,,67860998,67860998,,,collaborator-sheet,,192,no-situs
193,San Diego,Heritage Park Escondido Apartments,2311104600,2311104600,2549 Valley PKWY,False,collaborator-sheet,,,2026,30308100,20354053,50662153,49157189,87,16,sandag-parcels,2026-08-22,193,situs-match
194,Los Angeles,3751 Delmas Terrace Apartments,4313014022,,3751 DELMAS TER LOS ANGELES CA 90034,False,script-situs-match (2026-08-21),,"Resolved by LA county situs/geocode search; use code still ""Two Units"" — pre-development roll",2026,1377000,459000,1836000,0,1914,Two Units,la-county-api,2026-08-22,194,situs-match
195,Los Angeles,1723 Corinth Apartments,4261017008,,1723 CORINTH AVE LOS ANGELES CA 90025,False,script-finder-auto (2026-08-21),,"Resolved by LA county situs/geocode search; Pre-construction/stale county record; building may not yet be built (units reviewed 2026-08-22, Drew)",2026,2040000,510000,2550000,0,1957,Five or more apartments,la-county-api,2026-08-22,195,situs-match
196,Los Angeles,The Dream Apartments,,,,False,collaborator-sheet,,,,,,,,,,,,196,
197,Los Angeles,12342 Osborne Place Apartments,,,,False,collaborator-sheet,,,,,,,,,,,,197,
199,Los Angeles,Baird Affordable Housing Apartments,2126022021,2126-022-021,6838 BAIRD AVE LOS ANGELES CA 91335,False,manual-repo-edit,,Drew 2026-08-22: project aligns to 6838 Baird Ave (no 6840 situs exists). Assessor unit counts not usable to disambiguate — proposed project may differ.,2026,833472,552040,1385512,0,1952,Two Units,la-county-api,2026-08-22,199,situs-match
201,Santa Barbara,Villa Del Sol Senior Apartments,,,,False,collaborator-sheet,,,,,,,,,,,,201,
203,Sacramento,Bent Tree Apartments,21900420330000,219-0042-033-0000,4350 GALBRATH DR SACRAMENTO CA 95842,False,manual-repo-edit,,Drew 2026-08-22 via Sacramento assessor lookup,2026,,,15693765,0,,,manual-repo-edit,,203,no-situs
204,Los Angeles,Hazelhurst Affordable Housing Apartments,2338006014,2338-006-014,6142 HAZELHURST PL LOS ANGELES CA 91606,False,manual-repo-edit,,Drew 2026-08-22: development parcel is 6142 (no 6144 situs exists). Assessor unit counts not usable to disambiguate — proposed project may differ.,2026,688500,1224000,1912500,0,1952,Two Units,la-county-api,2026-08-22,204,situs-match
206,Los Angeles,Elan River Village Apartments,,,,False,collaborator-sheet,,,,,,,,,,,,206,
207,Los Angeles,Cullen Living Apartments,,,,False,collaborator-sheet,,,,,,,,,,,,207,
208,Los Angeles,Sawtelle 2481 Apartments,,,,False,collaborator-sheet,,,,,,,,,,,,208,
209,San Diego,Bluwater Crossing Apartments,2146500200,214-650-02-00,6790 EMBARCADERO LN CARLSBAD CA 92011,False,script-situs-match (2026-08-22),,"Exact situs match, SANDAG; 66-unit apartment parcel",2026,15568767,33766648,49335415,,09,21,sandag-parcels,2026-08-22,209,situs-match
210,Sacramento,California Place Apartments,11700120210000,,6633 VALLEY HI DR SACRAMENTO 95823,False,collaborator-sheet,,,2025,,,11438021,,,,collaborator-sheet,,210,no-situs
211,Los Angeles,Haven Warner Center,2148026046,,6530 INDEPENDENCE AVE LOS ANGELES CA 91303,False,script-situs-match (2026-08-21),,Resolved by LA county situs/geocode search,2026,20375193,36930038,57305231,0,1985,Five or more apartments,la-county-api,2026-08-22,211,situs-match
212,Los Angeles,The Arlo,5052023039,,2075 W JEFFERSON BLVD LOS ANGELES CA 90018,False,script-situs-match (2026-08-21),,"Resolved by LA county situs/geocode search; use code ""Restaurants"" — pre-development roll",2026,1144440,312120,1456560,0,1977,"Restaurants, Cocktail Lounges",la-county-api,2026-08-22,212,situs-match
213,Sacramento,Sierra Village,22800420320000,228-0042-032-0000,5416 JACKSON ST NORTH HIGHLANDS CA 95660,False,manual-repo-edit,,Drew 2026-08-22 via Sacramento assessor lookup,2026,,,8878476,0,,,manual-repo-edit,,213,no-situs
214,Los Angeles,Trails at San Dimas,8386006015,,444 N AMELIA AVE SAN DIMAS CA 91773,False,script-situs-match (2026-08-21),,Resolved by LA county situs/geocode search,2026,22187671,44750710,66938381,0,1977,Five or more apartments,la-county-api,2026-08-22,214,situs-match
215,Los Angeles,511 Hoover Street Apartments,5539028040,5539-028-040,511 N HOOVER ST (no county situs; AIN from assessor portal map),False,manual-repo-edit,,"Drew 2026-08-22 via assessor portal map view; new construction, situs not yet keyed.",,,,,,,,,,215,documented
216,San Diego,Guava Gardens Apartments,4701122500,470-112-25-00,5035 GUAVA AVE LA MESA CA 91942,False,script-situs-match (2026-08-22),,"Exact situs match, SANDAG; 81-unit apartment parcel",2026,2033407,3050116,5083523,,86,16,sandag-parcels,2026-08-22,216,situs-match
217,Los Angeles,Park View by Angeleno Apartments,5157007028,5157-007-028,217 N PARK VIEW ST LOS ANGELES CA 90026,False,script-situs-match (2026-08-22),,"Exact situs match, LA parcel API; use still ""Single"" (pre-development)",2026,938400,234600,1173000,0,1911,Single,la-county-api,2026-08-22,217,situs-match
218,Los Angeles,1408 Jefferson Blvd Apartments,5040021006,,1408 W JEFFERSON BLVD LOS ANGELES CA 90007,False,script-situs-match (2026-08-21),,Resolved by LA county situs/geocode search; DUPLICATE of project 200 (same AIN),2026,1456560,62424,1518984,0,1904,Store Combination,la-county-api,2026-08-22,218,situs-match
219,Los Angeles,603 Mariposa Apartments,5502031012,,603 S MARIPOSA AVE LOS ANGELES CA 90005,False,script-situs-match (2026-08-21),,"Resolved by LA county situs/geocode search; use code ""Restaurants"" — pre-development roll",2026,3974689,684528,4659217,0,1925,"Restaurants, Cocktail Lounges",la-county-api,2026-08-22,219,situs-match
220,Los Angeles,236 Berendo Apartments,5518026004,,236 N BERENDO ST LOS ANGELES CA 90004,False,script-situs-match (2026-08-21),,"Resolved by LA county situs/geocode search; use code ""Single"" — pre-development roll",2026,1040400,374544,1414944,0,1920,Single,la-county-api,2026-08-22,220,situs-match
221,Los Angeles,Banner Avenue Apartments,5534006026,5534-006-026,6219 BANNER AVE (no county situs; AIN from assessor portal map),False,manual-repo-edit,,Drew 2026-08-22 via assessor portal map view; Banner Ave parcels not situs-keyed.,2026,3459330,0,3459330,0,0000,Single,la-county-api,2026-08-22,221,documented
222,Alameda,Bayfair Apartments,80C49562,80C-495-6-2,16077 ASHLAND AVE SAN LORENZO CA 94580,False,manual-repo-edit,,Drew 2026-08-22 via Alameda assessor lookup,2026,,,11141147,0,,,manual-repo-edit,,222,no-situs
223,Alameda,2121 Wood St,1831016,18-310-16,2121 WOOD ST OAKLAND CA 94607,False,manual-repo-edit,,Drew 2026-08-22 via Alameda assessor lookup,2026,,,71934357,56403868,,,manual-repo-edit,,223,no-situs
224,Los Angeles,1454 Florence Apartments,6018007001,,1454 W FLORENCE AVE LOS ANGELES CA 90047,False,script-situs-match (2026-08-21),,Resolved by LA county situs/geocode search; matched W Florence per address; use code pre-development,2026,1224000,0,1224000,0,1932,"Auto, Recreation EQPT, Construction EQPT, Sales & Service",la-county-api,2026-08-22,224,situs-match
226,Contra Costa,Maris at Martinez Apartments,,,,False,collaborator-sheet,,,,,,,,,,,,226,
227,Sacramento,Westlake Apartments,3003300180000,,1 SHOAL CT SACRAMENTO 95831,False,collaborator-sheet,,,2026,,,41186542,,,,collaborator-sheet,,227,no-situs
228,Los Angeles,Colden Oaks Apartments,6053006052,,225 W COLDEN AVE LOS ANGELES CA 90003,False,script-situs-match (2026-08-21),,Resolved by LA county situs/geocode search,2026,2000000,4000000,6000000,0,1994,Five or more apartments,la-county-api,2026-08-22,228,situs-match
230,Los Angeles,Hansen illage Apartments,2530007014,,11821 FOOTHILL BLVD LOS ANGELES CA 91342,False,script-situs-match (2026-08-21),,Resolved by LA county situs/geocode search; two parcels share situs 11821 Foothill — multi-parcel,2026,1768372,4763318,6531690,0,1986,Five or more apartments,la-county-api,2026-08-22,230,situs-match
231,Los Angeles,Violet on Virgil,5501017044,,160 S VIRGIL AVE LOS ANGELES CA 90004,False,script-situs-match (2026-08-21),,Resolved by LA county situs/geocode search,2026,18210958,30209370,48420328,0,1971,Five or more apartments,la-county-api,2026-08-22,231,situs-match
232,Orange,Crystal View Apartments,23115127,,12021 BAYPORT ST GARDEN GROVE 92840,False,collaborator-sheet,,,2026,,,90133662,62106599,,,collaborator-sheet,,232,no-situs
232,Orange,Crystal View Apartments,23115128,,12156 BAYPORT ST GARDEN GROVE 92840,False,collaborator-sheet,,,2026,,,30044551,20702197,,,collaborator-sheet,,232,no-situs
233,Los Angeles,926 S. Kingsley Apartments,5093023056,5093-023-056,926 S KINGSLEY DR LOS ANGELES CA 90006,False,manual-repo-edit,,"Corrected 2026-08-22 (Drew, assessor portal): prior geocode pick 5093023058 sits at 926 S Harvard Blvd",2026,2827070,1172181,3999251,0,1912,Single,la-county-api,2026-08-22,233,situs-match
234,Los Angeles,939 S. Kingsley Apartments,5093023059,,939 S KINGSLEY DR LOS ANGELES CA 90006,False,script-situs-match (2026-08-21),,"Resolved by LA county situs/geocode search; use code ""Single"" — verify (value $6.2M suggests recent build)",2026,4800320,1382526,6182846,0,1913,Single,la-county-api,2026-08-22,234,situs-match
235,Los Angeles,3950 Ingraham Apartments,5092029007,5092-029-007,3950 INGRAHAM ST LOS ANGELES CA 90005,False,manual-repo-edit,,"Drew confirmed 2026-08-22: staff report ""3950 W. Ingraham"" has spurious W; single Ingraham St in LA. Pre-development ""Four Units"" lot.",2026,1237872,0,1237872,0,,Four Units (Any Combination),la-county-api,2026-08-22,235,situs-match
236,Los Angeles,Park Playa Apartments,4211011047,4211-011-047,6985 S CENTINELA AVE (no county situs; AIN from assessor portal map),False,manual-repo-edit,,"Drew 2026-08-22 via assessor portal map view; odd lot shape, best-fit parcel.",2026,5234013,28443,5262456,0,,Parking Lots (Commercial Use Properties),la-county-api,2026-08-22,236,documented
237,Los Angeles,Edgemont by Angeleno,5540025003,5540-025-003,1178 N EDGEMONT ST LOS ANGELES CA 90029,False,manual-repo-edit,,"Corrected 2026-08-22 (Drew, assessor portal): prior geocode pick 5540023002 sits at 1178 N Heliotrope Dr",2026,1186056,62424,1248480,0,1919,Single,la-county-api,2026-08-22,237,situs-match
57,Santa Clara,SoFi Los Gatos Creek Apartments,28424015,,"2070 Southwest Ex, San Jose, CA 95128",False,collaborator-sheet,,,,,,36559633,18850147,,,collaborator-sheet,,57,no-situs
60,Santa Clara,HARKEN APARTMENTS,17004068,,5150 EL CAMINO REAL LOS ALTOS CA,False,collaborator-sheet,,,,,,32171358,,,,collaborator-sheet,,60,no-situs
60,Santa Clara,HARKEN APARTMENTS,17004069,,5150 EL CAMINO REAL LOS ALTOS CA,False,collaborator-sheet,,,,,,18766626,,,,collaborator-sheet,,60,no-situs
89,Santa Clara,LINQ Apartments,25404108,,1700 NEWBURY PARK DR SAN JOSE CA 95133-1771,False,collaborator-sheet,,,,,,113197044,,,,collaborator-sheet,,89,no-situs
95,Santa Clara,Fountain Park Apartments,37226016,,"1028 S De Anza Bl, San Jose, CA 95129",False,collaborator-sheet,,,,,,4853048,,,,collaborator-sheet,,95,no-situs
96,Santa Clara,Park Kiely Apartments,29640005,,"355 Kiely Bl, San Jose, CA 95129",False,collaborator-sheet,,,,,,129482004,,,,collaborator-sheet,,96,no-situs
96,Santa Clara,Park Kiely Apartments,29640004,,"4240 Albany Dr, San Jose, CA 95129",False,collaborator-sheet,,,,,,95469825,,,,collaborator-sheet,,96,no-situs
96,Santa Clara,Park Kiely Apartments,29640003,,"4280 Albany Dr, San Jose, CA 95129",False,collaborator-sheet,,,,,,72364911,,,,collaborator-sheet,,96,no-situs
136,Santa Clara,Ascent Apartments,70607013,,5805 CHARLOTTE DR SAN JOSE CA 95123-3619,False,collaborator-sheet,,,,,,269608107,,,,collaborator-sheet,,136,no-situs
138,Santa Clara,Montecito Apartments,21332022,,3765 TAMARACK LN SANTA CLARA CA 95051-2571,False,collaborator-sheet,,,,,,27979060,,,,collaborator-sheet,,138,no-situs
139,Santa Clara,Thornbridge Apartments,68429011,,"5150 Monterey Rd, San Jose, CA 95111",False,collaborator-sheet,,,,,,51700304,51700304,,,collaborator-sheet,,139,no-situs
139,Santa Clara,Thornbridge Apartments,68428078,,"70 Crocker Ct, San Jose, CA 95111",False,collaborator-sheet,,,,,,8396294,8396294,,,collaborator-sheet,,139,no-situs
140,Santa Clara,The Crossings Apartments,31342061,,1180 LOCHINVAR AVE SUNNYVALE CA 94087-5100,False,collaborator-sheet,,,,,,70919811,,,,collaborator-sheet,,140,no-situs
189,Santa Clara,The Colonnade Apartments,46745084,467-45-084,201 S 4Th St,False,collaborator-sheet,,,,,,31718046,,,,collaborator-sheet,,189,no-situs
189,Santa Clara,The Colonnade Apartments,46745075,467-45-075,115 E San Carlos,False,collaborator-sheet,,,,,,,,,,,,189,no-situs
189,Santa Clara,The Colonnade Apartments,46745074,467-45-074,115 E San Carlos St,False,collaborator-sheet,,,,,,,,,,,,189,no-situs
189,Santa Clara,The Colonnade Apartments,46745073,467-45-073,200 S 3Rd St,False,collaborator-sheet,,,,,,,,,,,,189,no-situs
191,Santa Clara,Highland Gardens Apartments,15401034,154-01-034,234 Escuela Av,False,collaborator-sheet,,,,,,104843965,,,,collaborator-sheet,,191,no-situs
198,Santa Clara,220 Humboldt Ct. Apartments,,,,False,collaborator-sheet,,,,,,,,,,,,198,
202,Santa Cruz,La Posada Apartments,01125105,011-251-05,,False,manual-repo-edit,,"Drew 2026-08-22 via Santa Cruz assessor lookup, 609 Frederick St",2026,,,9776112,0,,,manual-repo-edit,,202,no-situs
16,Solano,Montessa Apartments,128101150,,343 MOON RIVER PL VACAVILLE CA 95687,False,collaborator-sheet,,"Government-owned common-area parcel (use code 9800, $0 values) — Drew via Solano GIS 2026-08-22",2026,,,0,0,,,manual-repo-edit,,16,documented
16,Solano,Montessa Apartments,128101140,,343 MOON RIVER PL VACAVILLE CA 95687,False,collaborator-sheet,,,2026,8875.0,0,8875.0,1569.0,,,solano-county-portal,2026-08-22,16,mismatch
16,Solano,Montessa Apartments,128101130,,343 MOON RIVER PL VACAVILLE CA 95687,False,collaborator-sheet,,,2026,8888.0,0,8888.0,1535.0,,,solano-county-portal,2026-08-22,16,mismatch
16,Solano,Montessa Apartments,128101120,,343 MOON RIVER PL VACAVILLE CA 95687,False,collaborator-sheet,,,2026,8903.0,0,8903.0,1514.0,,,solano-county-portal,2026-08-22,16,mismatch
16,Solano,Montessa Apartments,128101110,,343 MOON RIVER PL VACAVILLE CA 95687,False,collaborator-sheet,,,2026,8918.0,0,8918.0,1541.0,,,solano-county-portal,2026-08-22,16,mismatch
16,Solano,Montessa Apartments,128101100,,343 MOON RIVER PL VACAVILLE CA 95687,True,collaborator-sheet,,,2026,30867.0,0,30867.0,5457.0,,,solano-county-portal,2026-08-22,16,
16,Solano,Montessa Apartments,128101090,,343 MOON RIVER PL VACAVILLE CA 95687,False,collaborator-sheet,,,2026,31033.0,0,31033.0,5362.0,,,solano-county-portal,2026-08-22,16,mismatch
16,Solano,Montessa Apartments,128101080,,343 MOON RIVER PL VACAVILLE CA 95687,False,collaborator-sheet,,,2026,32605.0,0,32605.0,5546.0,,,solano-county-portal,2026-08-22,16,mismatch
16,Solano,Montessa Apartments,128101070,,343 MOON RIVER PL VACAVILLE CA 95687,False,collaborator-sheet,,,2026,36427.0,0,36427.0,6294.0,,,solano-county-portal,2026-08-22,16,mismatch
16,Solano,Montessa Apartments,128101060,,343 MOON RIVER PL VACAVILLE CA 95687,False,collaborator-sheet,,,2026,40997.0,0,40997.0,7248.0,,,solano-county-portal,2026-08-22,16,mismatch
16,Solano,Montessa Apartments,128101050,,343 MOON RIVER PL VACAVILLE CA 95687,False,collaborator-sheet,,"Government-owned common-area parcel (use code 9800, Government Owned=YS, no site address, $0 values) — Drew via Solano GIS 2026-08-22",2026,,,0,0,,,manual-repo-edit,,16,documented
16,Solano,Montessa Apartments,128101040,,343 MOON RIVER PL VACAVILLE CA 95687,False,collaborator-sheet,,,2026,67916.0,0,67916.0,11735.0,,,solano-county-portal,2026-08-22,16,mismatch
16,Solano,Montessa Apartments,128101030,,343 MOON RIVER PL VACAVILLE CA 95687,False,collaborator-sheet,,,2026,63157.0,0,63157.0,10743.0,,,solano-county-portal,2026-08-22,16,mismatch
16,Solano,Montessa Apartments,128101020,,343 MOON RIVER PL VACAVILLE CA 95687,False,collaborator-sheet,,,2026,50192.0,0,50192.0,8873.0,,,solano-county-portal,2026-08-22,16,mismatch
16,Solano,Montessa Apartments,128101010,,343 MOON RIVER PL VACAVILLE CA 95687,False,collaborator-sheet,,,2026,101032.0,0,101032.0,17458.0,,,solano-county-portal,2026-08-22,16,mismatch
16,Solano,Montessa Apartments,128102110,,343 MOON RIVER PL VACAVILLE CA 95687,False,collaborator-sheet,,,2026,51705.0,561000.0,612705.0,108006.0,,,solano-county-portal,2026-08-22,16,mismatch
16,Solano,Montessa Apartments,128102100,,343 MOON RIVER PL VACAVILLE CA 95687,False,collaborator-sheet,,,2026,50439.0,571000.0,621439.0,115237.0,,,solano-county-portal,2026-08-22,16,mismatch
16,Solano,Montessa Apartments,128102090,,343 MOON RIVER PL VACAVILLE CA 95687,False,collaborator-sheet,,,2026,50439.0,561000.0,611439.0,107787.0,,,solano-county-portal,2026-08-22,16,mismatch
16,Solano,Montessa Apartments,128102080,,343 MOON RIVER PL VACAVILLE CA 95687,False,collaborator-sheet,,,2026,50439.0,605000.0,655439.0,118205.0,,,solano-county-portal,2026-08-22,16,mismatch
16,Solano,Montessa Apartments,128102070,,343 MOON RIVER PL VACAVILLE CA 95687,False,collaborator-sheet,,,2026,9639.0,0,9639.0,1665.0,,,solano-county-portal,2026-08-22,16,mismatch
16,Solano,Montessa Apartments,128102060,,343 MOON RIVER PL VACAVILLE CA 95687,False,collaborator-sheet,,,2026,9639.0,0,9639.0,1704.0,,,solano-county-portal,2026-08-22,16,mismatch
16,Solano,Montessa Apartments,128102050,,343 MOON RIVER PL VACAVILLE CA 95687,False,collaborator-sheet,,,2026,33305.0,0,33305.0,5755.0,,,solano-county-portal,2026-08-22,16,mismatch
16,Solano,Montessa Apartments,128102040,,343 MOON RIVER PL VACAVILLE CA 95687,False,collaborator-sheet,,,2026,33305.0,0,33305.0,5888.0,,,solano-county-portal,2026-08-22,16,mismatch
16,Solano,Montessa Apartments,128102030,,343 MOON RIVER PL VACAVILLE CA 95687,False,collaborator-sheet,,,2026,33350.0,0,33350.0,5762.0,,,solano-county-portal,2026-08-22,16,mismatch
16,Solano,Montessa Apartments,128102020,,343 MOON RIVER PL VACAVILLE CA 95687,False,collaborator-sheet,,,2026,33263.0,0,33263.0,5658.0,,,solano-county-portal,2026-08-22,16,mismatch
16,Solano,Montessa Apartments,128102010,,343 MOON RIVER PL VACAVILLE CA 95687,False,collaborator-sheet,,,2026,41238.0,0,41238.0,7125.0,,,solano-county-portal,2026-08-22,16,mismatch
16,Solano,Montessa Apartments,128102210,,343 MOON RIVER PL VACAVILLE CA 95687,False,collaborator-sheet,,,2026,88958.0,561000.0,649958.0,114443.0,,,solano-county-portal,2026-08-22,16,mismatch
16,Solano,Montessa Apartments,128102200,,343 MOON RIVER PL VACAVILLE CA 95687,False,collaborator-sheet,,,2026,70451.0,605000.0,675451.0,448773.0,,,solano-county-portal,2026-08-22,16,mismatch
16,Solano,Montessa Apartments,128102190,,343 MOON RIVER PL VACAVILLE CA 95687,False,collaborator-sheet,,,2026,70404.0,561000.0,631404.0,111237.0,,,solano-county-portal,2026-08-22,16,mismatch
16,Solano,Montessa Apartments,128102180,,343 MOON RIVER PL VACAVILLE CA 95687,False,collaborator-sheet,,,2026,70404.0,605000.0,675404.0,121601.0,,,solano-county-portal,2026-08-22,16,mismatch
16,Solano,Montessa Apartments,128102170,,343 MOON RIVER PL VACAVILLE CA 95687,False,collaborator-sheet,,,2026,70404.0,561000.0,631404.0,111237.0,,,solano-county-portal,2026-08-22,16,mismatch
16,Solano,Montessa Apartments,128102160,,343 MOON RIVER PL VACAVILLE CA 95687,False,collaborator-sheet,,,2026,49366.0,571000.0,620366.0,113937.0,,,solano-county-portal,2026-08-22,16,mismatch
16,Solano,Montessa Apartments,128102150,,343 MOON RIVER PL VACAVILLE CA 95687,False,collaborator-sheet,,,2026,49366.0,561000.0,610366.0,107602.0,,,solano-county-portal,2026-08-22,16,mismatch
16,Solano,Montessa Apartments,128102140,,343 MOON RIVER PL VACAVILLE CA 95687,False,collaborator-sheet,,,2026,48965.0,605000.0,653965.0,117954.0,,,solano-county-portal,2026-08-22,16,mismatch
16,Solano,Montessa Apartments,128102130,,343 MOON RIVER PL VACAVILLE CA 95687,False,collaborator-sheet,,,2026,48965.0,561000.0,609965.0,107533.0,,,solano-county-portal,2026-08-22,16,mismatch
16,Solano,Montessa Apartments,128102120,,343 MOON RIVER PL VACAVILLE CA 95687,False,collaborator-sheet,,,2026,50603.0,571000.0,621603.0,115266.0,,,solano-county-portal,2026-08-22,16,mismatch
16,Solano,Montessa Apartments,128103090,,343 MOON RIVER PL VACAVILLE CA 95687,False,collaborator-sheet,,,2026,52887.0,561000.0,613887.0,390827.0,,,solano-county-portal,2026-08-22,16,mismatch
16,Solano,Montessa Apartments,128103080,,343 MOON RIVER PL VACAVILLE CA 95687,False,collaborator-sheet,,,2026,49635.0,571000.0,620635.0,115095.0,,,solano-county-portal,2026-08-22,16,mismatch
16,Solano,Montessa Apartments,128103070,,343 MOON RIVER PL VACAVILLE CA 95687,False,collaborator-sheet,,,2026,49635.0,561000.0,610635.0,107648.0,,,solano-county-portal,2026-08-22,16,mismatch
16,Solano,Montessa Apartments,128103060,,343 MOON RIVER PL VACAVILLE CA 95687,False,collaborator-sheet,,,2026,49635.0,605000.0,654635.0,434959.0,,,solano-county-portal,2026-08-22,16,mismatch
16,Solano,Montessa Apartments,128103050,,343 MOON RIVER PL VACAVILLE CA 95687,False,collaborator-sheet,,,2026,49635.0,561000.0,610635.0,107648.0,,,solano-county-portal,2026-08-22,16,mismatch
16,Solano,Montessa Apartments,128103040,,343 MOON RIVER PL VACAVILLE CA 95687,False,collaborator-sheet,,,2026,71329.0,571000.0,642329.0,118930.0,,,solano-county-portal,2026-08-22,16,mismatch
16,Solano,Montessa Apartments,128103030,,343 MOON RIVER PL VACAVILLE CA 95687,False,collaborator-sheet,,,2026,30529.0,0,30529.0,5275.0,,,solano-county-portal,2026-08-22,16,mismatch
16,Solano,Montessa Apartments,128103020,,343 MOON RIVER PL VACAVILLE CA 95687,False,collaborator-sheet,,,2026,30529.0,0,30529.0,5397.0,,,solano-county-portal,2026-08-22,16,mismatch
16,Solano,Montessa Apartments,128103010,,343 MOON RIVER PL VACAVILLE CA 95687,False,collaborator-sheet,,,2026,97840.0,561000.0,658840.0,419134.0,,,solano-county-portal,2026-08-22,16,mismatch
16,Solano,Montessa Apartments,128103180,,343 MOON RIVER PL VACAVILLE CA 95687,False,collaborator-sheet,,,2026,89491.0,572220.0,661711.0,116518.0,,,solano-county-portal,2026-08-22,16,situs-match
16,Solano,Montessa Apartments,128103170,,343 MOON RIVER PL VACAVILLE CA 95687,False,collaborator-sheet,,,2026,68555.0,582420.0,650975.0,351865.0,,,solano-county-portal,2026-08-22,16,situs-match
16,Solano,Montessa Apartments,128103160,,343 MOON RIVER PL VACAVILLE CA 95687,False,collaborator-sheet,,,2026,68555.0,617100.0,685655.0,123479.0,,,solano-county-portal,2026-08-22,16,situs-match
16,Solano,Montessa Apartments,128103150,,343 MOON RIVER PL VACAVILLE CA 95687,False,collaborator-sheet,,,2026,68555.0,572220.0,640775.0,112900.0,,,solano-county-portal,2026-08-22,16,situs-match
16,Solano,Montessa Apartments,128103140,,343 MOON RIVER PL VACAVILLE CA 95687,False,collaborator-sheet,,,2026,48832.0,582420.0,631252.0,341301.0,,,solano-county-portal,2026-08-22,16,situs-match
16,Solano,Montessa Apartments,128103130,,343 MOON RIVER PL VACAVILLE CA 95687,False,collaborator-sheet,,,2026,8032.0,0,8032.0,1366.0,,,solano-county-portal,2026-08-22,16,situs-match
16,Solano,Montessa Apartments,128103120,,343 MOON RIVER PL VACAVILLE CA 95687,False,collaborator-sheet,,,2026,48832.0,572220.0,621052.0,109492.0,,,solano-county-portal,2026-08-22,16,situs-match
16,Solano,Montessa Apartments,128103110,,343 MOON RIVER PL VACAVILLE CA 95687,False,collaborator-sheet,,,2026,48832.0,582420.0,631252.0,341301.0,,,solano-county-portal,2026-08-22,16,situs-match
16,Solano,Montessa Apartments,128103100,,343 MOON RIVER PL VACAVILLE CA 95687,False,collaborator-sheet,,,2026,50532.0,572220.0,622752.0,622752.0,,,solano-county-portal,2026-08-22,16,situs-match
16,Solano,Montessa Apartments,128105060,,343 MOON RIVER PL VACAVILLE CA 95687,False,collaborator-sheet,,"Government-owned common-area parcel (use code 9800, $0 values) — Drew via Solano GIS 2026-08-22",2026,,,0,0,,,manual-repo-edit,,16,documented
16,Solano,Montessa Apartments,128105050,,343 MOON RIVER PL VACAVILLE CA 95687,False,collaborator-sheet,,,2026,54282.0,408000.0,462282.0,132718.0,,,solano-county-portal,2026-08-22,16,situs-match
16,Solano,Montessa Apartments,128105040,,343 MOON RIVER PL VACAVILLE CA 95687,False,collaborator-sheet,,,2026,54384.0,397800.0,452184.0,452184.0,,,solano-county-portal,2026-08-22,16,situs-match
16,Solano,Montessa Apartments,128105030,,343 MOON RIVER PL VACAVILLE CA 95687,False,collaborator-sheet,,,2026,13574.0,0,13574.0,3743.0,,,solano-county-portal,2026-08-22,16,situs-match
16,Solano,Montessa Apartments,128105020,,343 MOON RIVER PL VACAVILLE CA 95687,False,collaborator-sheet,,,2026,54364.0,397800.0,452164.0,161808.0,,,solano-county-portal,2026-08-22,16,situs-match
16,Solano,Montessa Apartments,128105010,,343 MOON RIVER PL VACAVILLE CA 95687,False,collaborator-sheet,,,2026,54554.0,408000.0,462554.0,132793.0,,,solano-county-portal,2026-08-22,16,situs-match
16,Solano,Montessa Apartments,128104020,,343 MOON RIVER PL VACAVILLE CA 95687,False,collaborator-sheet,,,2026,98534.0,572220.0,670754.0,362111.0,,,solano-county-portal,2026-08-22,16,situs-match
16,Solano,Montessa Apartments,128104010,,343 MOON RIVER PL VACAVILLE CA 95687,False,collaborator-sheet,,,2026,61611.0,0,61611.0,24570.0,,,solano-county-portal,2026-08-22,16,situs-match
225,Solano,Bennington Apartments,168150010,0168-150-010,2780 NORTH TEXAS STREET FAIRFIELD,False,manual-repo-edit,,Single Real Property parcel at the project situs per Solano assessor portal search 2026-08-22 (other hits are business accounts),2026,5338692.0,23942991.0,29281683.0,0.0,,,solano-county-portal,2026-08-22,225,situs-match
131,Sonoma,Citrine Apartments,89082034000,089-082-034-000,1260 GROVE ST HEALDSBURG CA 95448-4784,False,collaborator-sheet,,,,,,10140095,0,,,collaborator-sheet,,131,no-situs
230,Los Angeles,Hansen illage Apartments,2530007015,,11821 FOOTHILL BLVD LOS ANGELES CA 91342,False,script-situs-match (2026-08-21),situs-match,Resolved by LA county situs/geocode search; two parcels share situs 11821 Foothill — multi-parcel,2026,942311,822380,1764691,0,1986,Five or more apartments,la-county-api,2026-08-22,230,situs-match
369,San Diego,Verdana Apartments,4441201300,444-120-13-00,438 CAMINO DEL RIO S SAN DIEGO CA 92108,False,script-situs-match (2026-08-22),situs-match,"Exact situs match, SANDAG; pre-development parcels per staff report address",2026,2427182,1490976,3918158,,79,21,sandag-parcels,2026-08-22,369,situs-match
369,San Diego,Verdana Apartments,4441201800,444-120-18-00,480 CAMINO DEL RIO S SAN DIEGO CA 92108,False,script-situs-match (2026-08-22),situs-match,"Exact situs match, SANDAG; pre-development parcels per staff report address",2026,1884643,0,1884643,,  ,20,sandag-parcels,2026-08-22,369,situs-match
238,Alameda,Heritage Park Apartments Livermore,9917523,99-175-23,900 E STANLEY BLVD LIVERMORE CA 94550,False,manual-repo-edit,,Drew 2026-08-22 via Alameda assessor lookup,2026,,,47387387,19523603,,,manual-repo-edit,,238,no-situs
1,Los Angeles,Alvarado Streets Apartments,5136019023,5136-019-023,1136 S ALVARADO ST LOS ANGELES CA 90006,False,manual-repo-edit,,"Added 2026-08-22 (Drew): same-situs Auto/Recreation parcel, likely complex parking; ownership not independently verified — assumed part of property",2026,1039983,0,1039983,0,1952,"Auto, Recreation EQPT, Construction EQPT, Sales & Service",la-county-api,2026-08-22,1,situs-match
12,Los Angeles,The Waterloo Apartments,5402028022,5402-028-022,,False,manual-repo-edit,,"Pre-construction site (demolition not started): project will occupy 5402-028-023 and 5402-028-022; county values/units reflect existing buildings (units reviewed 2026-08-22, Drew)",2026,831300,306000,1137300,0,1912,Two Units,la-county-api,2026-08-22,12,situs-match
68,Los Angeles,Candlewood North Apartments,2764001012,2764-001-012,,False,manual-repo-edit,,"Added 2026-08-22 (Drew, assessor portal): complex spans 2764-001-012..014",2026,8339520,7956000,16295520,8364491,1965,Five or more apartments,la-county-api,2026-08-22,68,situs-match
68,Los Angeles,Candlewood North Apartments,2764001014,2764-001-014,,False,manual-repo-edit,,"Added 2026-08-22 (Drew, assessor portal): complex spans 2764-001-012..014",2026,9016800,8896440,17913240,9194867,1964,Five or more apartments,la-county-api,2026-08-22,68,situs-match
181,Los Angeles,The Hive Apartments,7157012023,7157-012-023,5700 ACKERFIELD AVE LONG BEACH CA,False,manual-repo-edit,,"Added 2026-08-22 (Drew): staff report prose gives two addresses, 5700 and 5565 Ackerfield; this is 5700",2026,4762701,20566211,25328912,0,1973,Five or more apartments,la-county-api,2026-08-22,181,situs-match
231,Los Angeles,Violet on Virgil,5501017045,5501-017-045,,False,manual-repo-edit,,"Added 2026-08-22 (Drew, assessor portal): additional lot completing the 302-unit site",2026,20247672,33588722,53836394,0,1972,Five or more apartments,la-county-api,2026-08-22,231,situs-match
