table,project_id,field,value,source,note
grants,4,investor_1,Quest Capital Partners,collaborator-sheet,fills blank
grants,4,nonprofit_partner,Affordable Rent Project,collaborator-sheet,fills blank
grants,4,total_units,71,collaborator-sheet,fills blank
grants,4,restricted_units,70,collaborator-sheet,fills blank
grants,4,address,"363 E. Gilbert St., San Bernardino, CA",collaborator-sheet,fills blank
grants,4,city_cut,10650,collaborator-sheet,fills blank
grants,2,built,2023,collaborator-sheet,
grants,2,investor_1,"Eleos Ventures, LLC",collaborator-sheet,adjudicated 2026-08 (Drew): Eleos is an arm of Oak Road; keeping Eleos for consistency
grants,3,address,"660 Mariposa Ave., Mountain View, CA",collaborator-sheet,fills blank
grants,5,investor_1,Securities Properties,collaborator-sheet,fills blank
grants,5,nonprofit_partner,Las Palmas Housing & Development,collaborator-sheet,fills blank
grants,5,total_units,56,collaborator-sheet,fills blank
grants,5,restricted_units,23,collaborator-sheet,fills blank
grants,5,address,"840 17th St, San Diego, CA 92101",collaborator-sheet,fills blank
grants,5,city_cut,8400,collaborator-sheet,fills blank
grants,6,manual_status,dead,collaborator-sheet,
grants,6,city,San Francisco,collaborator-sheet,fills blank
grants,6,address,"381 Turk St., San Francisco, CA",collaborator-sheet,fills blank
grants,6,city_cut,4800,collaborator-sheet,fills blank
grants,7,leasing_link,https://www.townhomesongadingapts.com/,collaborator-sheet,
grants,7,address,"26409 Gading Rd, Hayward, CA 94544",collaborator-sheet,fills blank
grants,8,address,"1317 S. Grand St, Los Angeles, CA 90015",collaborator-sheet,fills blank
grants,9,investor_2,Arctaris Impact Investors,collaborator-sheet,
grants,9,address,"1411 Flower St, Los Angeles, CA 90015",collaborator-sheet,fills blank
grants,10,investor_2,Black Impact Group,collaborator-sheet,
grants,10,investor_1,"SoLa Impact, LLC",collaborator-sheet,fills blank
grants,10,nonprofit_partner,Housing on Merit,collaborator-sheet,fills blank
grants,10,total_units,79,collaborator-sheet,fills blank
grants,10,restricted_units,48,collaborator-sheet,fills blank
grants,10,address,"7518 S. Hoover, Los Angeles, CA 90044",collaborator-sheet,fills blank
grants,10,city_cut,11850,collaborator-sheet,fills blank
grants,11,new_build,YES,collaborator-sheet,
grants,11,scc_filed,True,collaborator-sheet,
grants,11,address,"820 W MacArthur Blvd, Oakland, CA 94608",collaborator-sheet,fills blank
grants,12,restricted_units,154,collaborator-sheet,fills blank
grants,14,leasing_link,https://www.electriclofts.com/,collaborator-sheet,
grants,14,address,"2415 Valdez St, Oakland, CA 94612",collaborator-sheet,fills blank
grants,13,investor_2,Stars Real Estate Investment,collaborator-sheet,
grants,13,manual_status,dead,collaborator-sheet,
grants,13,address,"275 Turk St, San Francisco, CA",collaborator-sheet,fills blank
grants,15,built,2023,collaborator-sheet,
grants,15,manual_status,dead,collaborator-sheet,
grants,15,address,"6762 Hawthorn Ave, Los Angeles, CA 90028",collaborator-sheet,fills blank
grants,17,investor_2,Magnum Real Estate Group,collaborator-sheet,
grants,17,new_build,NO,collaborator-sheet,
grants,17,built,2020,collaborator-sheet,
grants,17,address,4252 S CRENSHAW BLVD LOS ANGELES CA 90008,collaborator-sheet,fills blank
grants,16,new_build,YES,collaborator-sheet,
grants,16,address,"343 Moon River Pl, Vacaville, CA 95687",collaborator-sheet,fills blank
grants,18,built,2021,collaborator-sheet,
grants,18,city,San Diego,collaborator-sheet,fills blank
grants,18,nonprofit_partner,Pacific Affordable Housing Corp,collaborator-sheet,"reviewed 2026-08-22, manual kept: collaborator split combined AOF/Pacific attribution"
grants,18,address,"1735 S Mission Rd, Fallbrook, CA 92028",collaborator-sheet,fills blank
grants,18,city_cut,15300,collaborator-sheet,fills blank
grants,20,acquisition_price_m,17600000,collaborator-sheet,
grants,20,acquisition_date,2024-06-28,collaborator-sheet,
grants,20,address,"7940 Reseda Boulevard, Reseda, CA",collaborator-sheet,fills blank
grants,21,acquisition_price_m,16300000,collaborator-sheet,
grants,21,acquisition_date,2024-06-13,collaborator-sheet,
grants,21,address,"18325 Saticoy St, Reseda, CA 91335",collaborator-sheet,fills blank
grants,19,investor_2,Post Investment Group,collaborator-sheet,
grants,19,built,1969,collaborator-sheet,
grants,19,address,"1100-1200 E. Fairhaven Avenue, Santa Ana, CA",collaborator-sheet,fills blank
grants,22,built,1989,collaborator-sheet,
grants,22,address,"2701 Randolph St., Huntington Park, CA",collaborator-sheet,fills blank
grants,23,new_build,YES,collaborator-sheet,
grants,23,manual_status,dead,collaborator-sheet,
grants,24,resolution,24-253,collaborator-sheet,fills blank
grants,24,address,"4209 S Western Ave, Los Angeles, CA 90062",collaborator-sheet,fills blank
grants,25,address,"1130 W Martin Luther King Jr Blvd, Los Angeles, CA 90037",collaborator-sheet,fills blank
grants,34,city,El Sobrante,collaborator-sheet,"reviewed 2026-08-22, manual kept: agenda error; property is in El Sobrante"
grants,34,county,Contra Costa,collaborator-sheet,"reviewed 2026-08-22, manual kept: agenda error; property is in Contra Costa"
grants,34,address,"4481 Appian Way, El Sobrante, CA 94803",collaborator-sheet,fills blank
grants,34,city_cut,6150,collaborator-sheet,fills blank
grants,35,city,Unincorporated,collaborator-sheet,fills blank
grants,35,resolution,24-278,collaborator-sheet,fills blank
grants,35,address,"4930 Polk St, North Highlands, CA 95660",collaborator-sheet,fills blank
grants,35,city_cut,15600,collaborator-sheet,fills blank
grants,33,new_build,YES,collaborator-sheet,
grants,33,manual_status,stale,collaborator-sheet,
grants,33,address,"7518 S. Hoover, Los Angeles, CA",collaborator-sheet,fills blank
grants,27,new_build,NO,collaborator-sheet,
grants,27,built,1997,collaborator-sheet,
grants,27,acquisition_price_m,17170000,collaborator-sheet,
grants,27,acquisition_date,2024-09-12,collaborator-sheet,
grants,27,link,https://www.1422on6th.com/,collaborator-sheet,
grants,27,total_units,52,collaborator-sheet,"adjudicated 2026-08 (Drew): manual correct — multi-building sum (28+24), parser caught one building"
grants,27,address,"1422-1428 6th St., Santa Monica, CA",collaborator-sheet,fills blank
grants,28,total_units,72,collaborator-sheet,"adjudicated 2026-08 (Drew): manual correct — multi-building sum, parser caught one building"
grants,28,address,"1422-1432 7th, Santa Monica, CA",collaborator-sheet,fills blank
grants,29,total_units,48,collaborator-sheet,"adjudicated 2026-08 (Drew): manual correct — multi-building sum, parser caught one building"
grants,29,address,"1423-1425 6th, Santa Monica, CA",collaborator-sheet,fills blank
grants,30,built,2004,collaborator-sheet,
grants,30,address,"1522 6th St, Santa Monica, CA",collaborator-sheet,fills blank
grants,31,acquisition_price_m,5390000,collaborator-sheet,
grants,31,acquisition_date,2024-09-12,collaborator-sheet,
grants,31,address,"1537 7th, Santa Monica, CA",collaborator-sheet,fills blank
grants,32,built,2008,collaborator-sheet,
grants,32,total_units,165,collaborator-sheet,"adjudicated 2026-08 (Drew): manual correct — multi-building sum, parser caught one building"
grants,32,address,"2001-2029 Olympic Blvd, Santa Monica",collaborator-sheet,fills blank
grants,26,built,1987,collaborator-sheet,
grants,26,address,"441 W 3rd St, San Pedro, CA 90731",collaborator-sheet,fills blank
grants,36,resolution,24-361,collaborator-sheet,fills blank
grants,37,new_build,YES,collaborator-sheet,
grants,37,property_name,2330 E. 3rd Street Apartments,collaborator-sheet,"reviewed 2026-08-22, manual kept: agenda missing E. (East)"
grants,37,resolution,24-363,collaborator-sheet,fills blank
grants,37,address,"2330 E. 3rd Street, Los Angeles, CA",collaborator-sheet,fills blank
grants,39,new_build,YES,collaborator-sheet,
grants,39,resolution,24-379,collaborator-sheet,fills blank
grants,39,address,"6200 S Broadway, Los Angeles, CA",collaborator-sheet,fills blank
grants,40,new_build,YES,collaborator-sheet,
grants,40,manual_status,dead,collaborator-sheet,
grants,40,resolution,24-380,collaborator-sheet,fills blank
grants,40,address,"4228 Western Avenue, Los Angeles, CA",collaborator-sheet,fills blank
grants,41,new_build,YES,collaborator-sheet,
grants,41,address,"4327 S Vermont, Los Angeles, CA",collaborator-sheet,fills blank
grants,42,new_build,YES,collaborator-sheet,
grants,42,manual_status,dead,collaborator-sheet,
grants,42,address,"110 Imperial Highway, Los Angeles, CA",collaborator-sheet,fills blank
grants,38,new_build,NO,collaborator-sheet,
grants,38,built,1965,collaborator-sheet,
grants,38,address,"12300 Sherman Way, North Hollywood, CA 91605",collaborator-sheet,fills blank
grants,43,new_build,NO,collaborator-sheet,
grants,43,manual_status,dead,collaborator-sheet,
grants,43,address,"400 Canal St, San Rafael, CA 94901",collaborator-sheet,fills blank
grants,43,city_cut,14850,collaborator-sheet,fills blank
grants,46,new_build,YES,collaborator-sheet,
grants,46,manual_status,dead,collaborator-sheet,
grants,46,address,"4752 Main St, Los Angeles, CA 90037",collaborator-sheet,fills blank
grants,45,investor_2,Bridge Investment Group,collaborator-sheet,
grants,45,new_build,NO,collaborator-sheet,
grants,45,address,"2414 N Tustin Ave, Santa Ana, CA 92705",collaborator-sheet,fills blank
grants,48,investor_2,Ethos Real Estate,collaborator-sheet,
grants,48,new_build,NO,collaborator-sheet,
grants,48,scc_filed,True,collaborator-sheet,
grants,48,address,"3500 Edison St, San Mateo, CA 94403",collaborator-sheet,fills blank
grants,47,new_build,YES,collaborator-sheet,
grants,47,address,"6171 Mission Gorge Rd, San Diego, CA 92120",collaborator-sheet,fills blank
grants,44,new_build,YES,collaborator-sheet,
grants,44,address,"228 N Soto Street, Los Angeles, CA",collaborator-sheet,fills blank
grants,50,new_build,NO,collaborator-sheet,
grants,50,address,"699 14th Street, San Diego, CA",collaborator-sheet,fills blank
grants,50,city_cut,34350,collaborator-sheet,fills blank
grants,52,new_build,NO,collaborator-sheet,
grants,52,manual_status,dead,collaborator-sheet,
grants,52,city,Unincorporated,collaborator-sheet,fills blank
grants,52,address,"1201 Fulton Ave, Sacramento, CA 95825",collaborator-sheet,fills blank
grants,52,city_cut,9300,collaborator-sheet,fills blank
grants,51,new_build,NO,collaborator-sheet,
grants,51,built,1984,collaborator-sheet,
grants,51,manual_status,dead,collaborator-sheet,
grants,51,total_units,145,collaborator-sheet,adjudicated 2026-08 (Drew): manual correct (145)
grants,51,address,"220 47th St, San Diego, CA 92102",collaborator-sheet,fills blank
grants,53,new_build,NO,collaborator-sheet,
grants,53,built,1973/1991,collaborator-sheet,
grants,53,manual_status,dead,collaborator-sheet,
grants,53,city,Unincorporated,collaborator-sheet,fills blank
grants,53,address,"6930 Fair Oaks Blvd, Carmichael, CA 95608",collaborator-sheet,fills blank
grants,53,city_cut,29700,collaborator-sheet,fills blank
grants,54,new_build,NO,collaborator-sheet,
grants,54,resolution,24-442,collaborator-sheet,fills blank
grants,55,investor_2,"Open House Group Co., Ltd",collaborator-sheet,
grants,55,new_build,YES,collaborator-sheet,
grants,56,leasing_link,https://bridgehousing.com/properties/viewpoint/,collaborator-sheet,
grants,56,address,"651 Addison St, Berkeley, CA 94710",collaborator-sheet,fills blank
grants,59,new_build,YES,collaborator-sheet,
grants,59,built,2023,collaborator-sheet,
grants,59,city,San Francisco,collaborator-sheet,fills blank
grants,59,resolution,24-471,collaborator-sheet,fills blank
grants,59,address,"99 OCEAN AVE SAN FRANCISCO, CA 94112-2548",collaborator-sheet,fills blank
grants,57,investor_2,Bridge Investment Group,collaborator-sheet,
grants,57,new_build,NO,collaborator-sheet,
grants,57,built,1969,collaborator-sheet,
grants,57,acquisition_price_m,61.1,collaborator-sheet,
grants,57,acquisition_date,2024-12-31,collaborator-sheet,
grants,57,link,https://www.ethos-re.com/news/sofi-at-los-gatos-creek-adam-siegman-comments-on-affordable-housing,collaborator-sheet,
grants,57,leasing_link,https://www.losgatoslandingapts.com/,collaborator-sheet,
grants,57,address,"2130 Southwest Expy, San Jose, CA 95126",collaborator-sheet,fills blank
grants,58,new_build,NO,collaborator-sheet,
grants,58,scc_filed,True,collaborator-sheet,
grants,58,address,"38441 5th St W, Palmdale, CA 93551",collaborator-sheet,fills blank
grants,60,new_build,YES,collaborator-sheet,
grants,60,total_units,196,collaborator-sheet,adjudicated 2026-08 (Drew): manual correct — 172 apartments + 24 townhomes = 196
grants,60,address,"5150 El Camino Real, Los Altos, CA",collaborator-sheet,fills blank
grants,60,city_cut,4350,collaborator-sheet,fills blank
grants,64,manual_status,dead,collaborator-sheet,
grants,64,resolution,25-080,collaborator-sheet,fills blank
grants,64,investor_1,Visionary Development Enterprises LLC,collaborator-sheet,fills blank
grants,64,nonprofit_partner,Housing on Merit,collaborator-sheet,fills blank
grants,64,total_units,33,collaborator-sheet,fills blank
grants,64,restricted_units,32,collaborator-sheet,fills blank
grants,64,address,"333 Douglas St, Los Angeles, CA",collaborator-sheet,fills blank
grants,64,city_cut,4800,collaborator-sheet,fills blank
grants,61,new_build,YES,collaborator-sheet,
grants,61,manual_status,dead,collaborator-sheet,
grants,61,resolution,25-081,collaborator-sheet,fills blank
grants,61,investor_1,"SoLa Impact, LLC",collaborator-sheet,fills blank
grants,61,nonprofit_partner,Housing on Merit,collaborator-sheet,fills blank
grants,61,total_units,166,collaborator-sheet,fills blank
grants,61,restricted_units,165,collaborator-sheet,fills blank
grants,61,address,"11422 S Broadway, Los Angeles, CA 90061",collaborator-sheet,fills blank
grants,61,city_cut,24750,collaborator-sheet,fills blank
grants,63,resolution,25-082,collaborator-sheet,fills blank
grants,63,address,"3081 N Main St, Walnut Creek, CA 94597",collaborator-sheet,fills blank
grants,63,city_cut,4800,collaborator-sheet,fills blank
grants,62,new_build,YES,collaborator-sheet,
grants,62,address,"2533 S Mansfield Ave, Los Angeles, CA 90016",collaborator-sheet,fills blank
grants,65,new_build,NO,collaborator-sheet,
grants,65,built,1978,collaborator-sheet,
grants,66,manual_status,dead,collaborator-sheet,
grants,66,address,"920 S. Gramercy Place, Los Angeles, CA",collaborator-sheet,fills blank
grants,69,manual_status,dead,collaborator-sheet,
grants,69,address,"10535 Lindley Ave, Granada Hills, CA 91326",collaborator-sheet,fills blank
grants,68,new_build,NO,collaborator-sheet,
grants,68,built,1964,collaborator-sheet,
grants,68,address,"9830 Reseda Blvd, Northridge, CA 91324",collaborator-sheet,fills blank
grants,70,address,"26 Terrace View Ct, Daly City, CA 94015",collaborator-sheet,fills blank
grants,71,acquisition_date,2024-12-05,collaborator-sheet,
grants,71,leasing_link,https://www.theheltsley.com/,collaborator-sheet,
grants,71,restricted_units,112,collaborator-sheet,fills blank
grants,71,address,"1212 Whipple Ave, Redwood City, CA 94062",collaborator-sheet,fills blank
grants,72,investor_2,Angeleno Investments LP,collaborator-sheet,
grants,72,new_build,NO,collaborator-sheet,
grants,72,built,2016,collaborator-sheet,
grants,72,city,San Francisco,collaborator-sheet,fills blank
grants,72,restricted_units,136,collaborator-sheet,fills blank
grants,72,address,"5880 3rd St, San Francisco, CA 94124",collaborator-sheet,fills blank
grants,72,city_cut,20400,collaborator-sheet,fills blank
grants,73,new_build,YES,collaborator-sheet,
grants,73,address,"1540 W Court St, Los Angeles, CA 90026",collaborator-sheet,fills blank
grants,75,investor_2,Bridge Investment Group,collaborator-sheet,
grants,75,new_build,NO,collaborator-sheet,
grants,75,address,"5474 Reservoir Dr, San Diego, CA 92120",collaborator-sheet,fills blank
grants,75,city_cut,30450,collaborator-sheet,fills blank
grants,74,new_build,YES,collaborator-sheet,
grants,74,scc_filed,True,collaborator-sheet,
grants,74,restricted_units,145,collaborator-sheet,fills blank
grants,74,address,"5040 Logan Avenue, San Diego, CA 92113",collaborator-sheet,fills blank
grants,74,city_cut,22050,collaborator-sheet,fills blank
grants,76,new_build,YES,collaborator-sheet,
grants,76,address,"1451 W. MLK Blvd, Los Angeles, CA",collaborator-sheet,fills blank
grants,78,new_build,NO,collaborator-sheet,
grants,78,link,https://www.cmfa-ca.com/wp-content/uploads/2025/01/CMFA-Staff-Reports-01-10-25.pdf,collaborator-sheet,
grants,78,restricted_units,1008,collaborator-sheet,fills blank
grants,78,address,"3400 Richmond Pkwy, Richmond, CA 94806",collaborator-sheet,fills blank
grants,80,new_build,YES,collaborator-sheet,
grants,80,address,"4101 Somerset Drive, Los Angeles, CA",collaborator-sheet,fills blank
grants,81,new_build,YES,collaborator-sheet,
grants,81,restricted_units,30,collaborator-sheet,fills blank
grants,81,address,"321 E. Florence Ave, Los Angeles, CA",collaborator-sheet,fills blank
grants,82,new_build,YES,collaborator-sheet,
grants,82,address,"9300 Compton Ave., Los Angeles, CA",collaborator-sheet,fills blank
grants,83,new_build,YES,collaborator-sheet,
grants,83,address,"6401 S. Avalon Blvd., Los Angeles, CA",collaborator-sheet,fills blank
grants,84,new_build,YES,collaborator-sheet,
grants,84,address,"9515 Compton Avenue, Los Angeles, CA",collaborator-sheet,fills blank
grants,79,new_build,YES,collaborator-sheet,
grants,79,address,"10811 S. Compton Avenue, Los Angeles, CA",collaborator-sheet,fills blank
grants,85,new_build,YES,collaborator-sheet,
grants,85,address,"569 W. 6th Street, San Pedro, CA",collaborator-sheet,fills blank
grants,86,new_build,YES,collaborator-sheet,
grants,86,address,"685 W. 4th St., Los Angeles, CA",collaborator-sheet,fills blank
grants,87,new_build,NO,collaborator-sheet,
grants,87,address,"209 Westmoreland Ave, Los Angeles, CA 90004",collaborator-sheet,fills blank
grants,77,new_build,YES,collaborator-sheet,
grants,77,address,"11630 Main St, Los Angeles, CA 90061",collaborator-sheet,fills blank
grants,90,new_build,NO,collaborator-sheet,
grants,90,address,"18615 E Arrow Hwy, Covina, CA 91722",collaborator-sheet,fills blank
grants,89,acquisition_date,2025-09-03,collaborator-sheet,
grants,89,address,"1700 Newbury Park Dr, San Jose, CA 95133",collaborator-sheet,fills blank
grants,158,new_build,YES,collaborator-sheet,
grants,158,manual_status,dead,collaborator-sheet,
grants,88,new_build,YES,collaborator-sheet,
grants,88,address,"17188 Chatsworth St., Los Angeles, CA",collaborator-sheet,fills blank
grants,97,new_build,NO,collaborator-sheet,
grants,97,address,"601 E 8th St, Azusa, CA 91702",collaborator-sheet,fills blank
grants,96,investor_2,Vistria,collaborator-sheet,
grants,96,built,1972,collaborator-sheet,
grants,96,acquisition_price_m,410,collaborator-sheet,
grants,96,acquisition_date,2025-08-27,collaborator-sheet,
grants,96,address,"355 Kiely Blvd, San Jose, CA 95129",collaborator-sheet,fills blank
grants,95,investor_2,Belveron Partners,collaborator-sheet,
grants,95,acquisition_date,2025-08-29,collaborator-sheet,
grants,95,link,https://rebusinessonline.com/sack-properties-belveron-partners-buy-164-unit-multifamily-property-in-san-jose-california/,collaborator-sheet,
grants,95,resolution,25-349,collaborator-sheet,fills blank
grants,95,address,"1026 S De Anza Blvd, San Jose, CA 95129",collaborator-sheet,fills blank
grants,92,new_build,NO,collaborator-sheet,
grants,92,address,"4640 Arden Way, El Monte, CA 91731",collaborator-sheet,fills blank
grants,93,new_build,NO,collaborator-sheet,
grants,93,resolution,25-351,collaborator-sheet,fills blank
grants,93,nonprofit_partner,BRIDGE Housing Corp.,collaborator-sheet,fills blank
grants,93,address,"800 Reliant Wy, American Canyon, CA 94503",collaborator-sheet,fills blank
grants,94,new_build,NO,collaborator-sheet,
grants,94,built,1981,collaborator-sheet,
grants,94,address,"601 Telegraph Canyon Road, Chula Vista, CA 91910",collaborator-sheet,fills blank
grants,91,new_build,YES,collaborator-sheet,
grants,91,address,"10910 Huston St, North Hollywood, CA 91601",collaborator-sheet,fills blank
grants,98,new_build,NO,collaborator-sheet,
grants,98,leasing_link,https://www.camdenvillageapts.com/,collaborator-sheet,
grants,98,manual_status,dead,collaborator-sheet,
grants,98,address,"38000 Camden St, Fremont, CA 94536",collaborator-sheet,fills blank
grants,99,new_build,YES,collaborator-sheet,
grants,99,restricted_units,53,collaborator-sheet,fills blank
grants,99,address,"1734 S. Barrington Ave., Los Angeles, CA, 90025",collaborator-sheet,fills blank
grants,100,new_build,YES,collaborator-sheet,
grants,100,address,"4129 Centinela Avenue, Los Angeles, CA 90066",collaborator-sheet,fills blank
grants,101,new_build,YES,collaborator-sheet,
grants,101,address,"4706 Centinela Avenue, Los Angeles, CA 90066",collaborator-sheet,fills blank
grants,102,new_build,YES,collaborator-sheet,
grants,102,address,"1747 Stoner Avenue, Los Angeles, CA 90025",collaborator-sheet,fills blank
grants,103,new_build,NO,collaborator-sheet,
grants,103,address,"2025 E. 4th Street, Los Angeles, CA",collaborator-sheet,fills blank
grants,104,new_build,NO,collaborator-sheet,
grants,104,address,"247 S. Alexandria Avenue, Los Angeles, CA",collaborator-sheet,fills blank
grants,105,new_build,NO,collaborator-sheet,
grants,105,address,"808 S. Hobart Boulevard, Los Angeles, CA",collaborator-sheet,fills blank
grants,106,new_build,NO,collaborator-sheet,
grants,106,address,"454 S. Catalina Street, Los Angeles, CA",collaborator-sheet,fills blank
grants,107,new_build,NO,collaborator-sheet,
grants,107,address,"103 S. Edgemont Street, Los Angeles, CA 90004",collaborator-sheet,fills blank
grants,108,new_build,NO,collaborator-sheet,
grants,108,address,"974 S. Gramercy Place, Los Angeles, CA",collaborator-sheet,fills blank
grants,109,new_build,NO,collaborator-sheet,
grants,109,address,"832 Irolo Street, Los Angeles, CA",collaborator-sheet,fills blank
grants,110,new_build,NO,collaborator-sheet,
grants,110,address,"941 S. Kenmore Avenue, Los Angeles, CA",collaborator-sheet,fills blank
grants,111,new_build,NO,collaborator-sheet,
grants,111,investor_1,K3 Holdings,collaborator-sheet,fills blank
grants,111,nonprofit_partner,"Kingdom Development, Inc.",collaborator-sheet,fills blank
grants,111,total_units,40,collaborator-sheet,fills blank
grants,111,restricted_units,40,collaborator-sheet,fills blank
grants,111,address,"426 S. Manhattan Place, Los Angeles, CA",collaborator-sheet,fills blank
grants,111,city_cut,6000,collaborator-sheet,fills blank
grants,112,new_build,NO,collaborator-sheet,
grants,112,address,"260 S. Mariposa Avenue, Los Angeles, CA",collaborator-sheet,fills blank
grants,113,new_build,NO,collaborator-sheet,
grants,113,address,"739 S. Normandie Avenue, Los Angeles, CA",collaborator-sheet,fills blank
grants,114,new_build,NO,collaborator-sheet,
grants,114,address,"1111 S. Norton Avenue, Los Angeles, CA 90019",collaborator-sheet,fills blank
grants,115,new_build,NO,collaborator-sheet,
grants,115,address,"975-985 S. Oxford Avenue, Los Angeles, CA",collaborator-sheet,fills blank
grants,116,new_build,NO,collaborator-sheet,
grants,116,address,"960 S. Oxford Avenue, Los Angeles, CA",collaborator-sheet,fills blank
grants,117,new_build,NO,collaborator-sheet,
grants,117,address,"3715 W. 1st Street, Los Angeles, CA",collaborator-sheet,fills blank
grants,118,new_build,NO,collaborator-sheet,
grants,118,address,"515 S. St. Andrews Place, Los Angeles, CA 90020",collaborator-sheet,fills blank
grants,119,new_build,NO,collaborator-sheet,
grants,119,investor_1,K3 Holdings,collaborator-sheet,fills blank
grants,119,nonprofit_partner,"Kingdom Development, Inc.",collaborator-sheet,fills blank
grants,119,total_units,59,collaborator-sheet,fills blank
grants,119,restricted_units,59,collaborator-sheet,fills blank
grants,119,address,"516 S. St. Andrews Place, Los Angeles, CA 90020",collaborator-sheet,fills blank
grants,119,city_cut,8850,collaborator-sheet,fills blank
grants,120,new_build,NO,collaborator-sheet,
grants,120,city,Unincorporated,collaborator-sheet,"reviewed 2026-08-22, manual kept: unincorporated area is the precise answer"
grants,120,address,"2345 Northrop Ave, Sacramento, CA 95825",collaborator-sheet,fills blank
grants,120,city_cut,40800,collaborator-sheet,fills blank
grants,131,new_build,NO,collaborator-sheet,
grants,131,address,"1260 Grove St, Healdsburg, CA 95448",collaborator-sheet,fills blank
grants,160,new_build,NO,collaborator-sheet,
grants,160,address,"3048 W. 12th Street, CA 90006",collaborator-sheet,fills blank
grants,121,new_build,NO,collaborator-sheet,
grants,121,investor_1,K3 Holdings,collaborator-sheet,fills blank
grants,121,nonprofit_partner,"Kingdom Development, Inc.",collaborator-sheet,fills blank
grants,121,total_units,30,collaborator-sheet,fills blank
grants,121,restricted_units,30,collaborator-sheet,fills blank
grants,121,address,"130 S. Alexandria Avenue, Los Angeles, CA",collaborator-sheet,fills blank
grants,121,city_cut,4500,collaborator-sheet,fills blank
grants,122,new_build,NO,collaborator-sheet,
grants,122,address,"861 Fedora Street, Los Angeles, CA",collaborator-sheet,fills blank
grants,123,new_build,NO,collaborator-sheet,
grants,123,address,"200 S. Kenmore Avenue, Los Angeles, CA",collaborator-sheet,fills blank
grants,124,new_build,NO,collaborator-sheet,
grants,124,address,"915 S. Kenmore Avenue, Los Angeles, CA",collaborator-sheet,fills blank
grants,125,new_build,NO,collaborator-sheet,
grants,125,property_name,Kingsley Apartments,collaborator-sheet,"reviewed 2026-08-22, manual kept: agenda typo Kinglsey"
grants,125,address,"530 Kingsley Drive, Los Angeles, CA",collaborator-sheet,fills blank
grants,126,new_build,NO,collaborator-sheet,
grants,126,address,"727 S. Mariposa Avenue, Los Angeles, CA",collaborator-sheet,fills blank
grants,127,new_build,NO,collaborator-sheet,
grants,127,address,"750-752 S. Mariposa Avenue, Los Angeles, CA",collaborator-sheet,fills blank
grants,128,new_build,NO,collaborator-sheet,
grants,128,address,"520 S. Mariposa Avenue, Los Angeles, CA",collaborator-sheet,fills blank
grants,129,new_build,NO,collaborator-sheet,
grants,129,address,"207 N. Oxford Avenue, Los Angeles, CA",collaborator-sheet,fills blank
grants,130,new_build,NO,collaborator-sheet,
grants,130,address,"1057 S. Western Avenue, Los Angeles, CA",collaborator-sheet,fills blank
grants,135,new_build,YES,collaborator-sheet,
grants,135,address,"236 N. Berendo Street., Los Angeles, CA",collaborator-sheet,fills blank
grants,134,new_build,YES,collaborator-sheet,
grants,134,address,"10705 Avalon Blvd, Los Angeles, CA",collaborator-sheet,fills blank
grants,132,address,"7524 S. Hoover St, Los Angeles, CA",collaborator-sheet,fills blank
grants,136,investor_1,Ethos Real Estate,collaborator-sheet,fills blank
grants,136,restricted_units,260,collaborator-sheet,fills blank
grants,141,new_build,NO,collaborator-sheet,
grants,141,built,1984,collaborator-sheet,
grants,141,address,"5669 N Fresno St, Fresno, CA 93710",collaborator-sheet,fills blank
grants,137,new_build,YES,collaborator-sheet,
grants,137,address,"18337 Kittridge St, Reseda, CA 91335",collaborator-sheet,fills blank
grants,142,address,"9033 Ramsgate Avenue, Westchester, CA",collaborator-sheet,fills blank
grants,143,new_build,NO,collaborator-sheet,
grants,143,restricted_units,55,collaborator-sheet,fills blank
grants,143,address,"805 71st Avenue, Oakland, CA",collaborator-sheet,fills blank
grants,140,new_build,NO,collaborator-sheet,
grants,140,manual_status,stale,collaborator-sheet,
grants,140,address,"1180 Lochinvar Ave, Sunnyvale, CA 94087",collaborator-sheet,fills blank
grants,139,new_build,NO,collaborator-sheet,
grants,139,manual_status,dead,collaborator-sheet,
grants,139,nonprofit_partner,Community HousingWorks,collaborator-sheet,fills blank
grants,139,address,"5210 Monterey Rd, San Jose, CA 95111",collaborator-sheet,fills blank
grants,138,new_build,NO,collaborator-sheet,
grants,138,address,"3765 Tamarack Ln, Santa Clara, CA 95051",collaborator-sheet,fills blank
grants,146,new_build,YES,collaborator-sheet,
grants,146,restricted_units,40,collaborator-sheet,fills blank
grants,146,address,"7655 S San Pedro St, Los Angeles, CA 90003",collaborator-sheet,fills blank
grants,147,new_build,NO,collaborator-sheet,
grants,147,manual_status,stale,collaborator-sheet,
grants,147,restricted_units,55,collaborator-sheet,fills blank
grants,147,address,"805 71st Avenue, Oakland, CA",collaborator-sheet,fills blank
grants,148,new_build,NO,collaborator-sheet,
grants,148,built,1929,collaborator-sheet,
grants,148,manual_status,dead,collaborator-sheet,
grants,149,new_build,NO,collaborator-sheet,
grants,149,manual_status,dead,collaborator-sheet,
grants,149,address,"841 S Serrano Ave, Los Angeles, CA 90005",collaborator-sheet,fills blank
grants,150,new_build,NO,collaborator-sheet,
grants,150,manual_status,dead,collaborator-sheet,
grants,150,address,"715 Normandie Ave, Los Angeles, CA 90005",collaborator-sheet,fills blank
grants,151,new_build,NO,collaborator-sheet,
grants,151,manual_status,dead,collaborator-sheet,
grants,151,address,"682 Irolo Street, Los Angeles, CA",collaborator-sheet,fills blank
grants,152,new_build,NO,collaborator-sheet,
grants,152,total_units,153,manual-repo-edit,adjudicated 2026-08 (Drew): 153 incl. manager's unit (generated 52 and prior manual 152 both wrong)
grants,152,address,"5565 Ackerfield Avenue / 5700 Ackerfield Avenue, Long Beach, CA",collaborator-sheet,fills blank
grants,153,new_build,NO,collaborator-sheet,
grants,153,built,1990,collaborator-sheet,
grants,153,address,"12100 226th St, Hawaiian Gardens, CA 90716",collaborator-sheet,fills blank
grants,154,new_build,NO/YES,collaborator-sheet,
grants,154,address,"2000 Crystal Springs Rd, San Bruno, CA 94066",collaborator-sheet,fills blank
grants,155,new_build,NO,collaborator-sheet,
grants,155,built,1974,collaborator-sheet,
grants,155,address,"1070 San Miguel Road, Concord, CA",collaborator-sheet,fills blank
grants,156,new_build,NO,collaborator-sheet,
grants,156,built,1969,collaborator-sheet,
grants,156,address,"36000 Fremont Boulevard, Fremont, CA",collaborator-sheet,fills blank
grants,145,new_build,NO,collaborator-sheet,
grants,145,manual_status,dead,collaborator-sheet,
grants,145,address,"2130 N Marks Ave, Fresno, CA 93722",collaborator-sheet,fills blank
grants,157,investor_1,Eagle Partners,collaborator-sheet,fills blank
grants,157,total_units,551,collaborator-sheet,fills blank
grants,157,restricted_units,440,collaborator-sheet,fills blank
grants,157,address,"439 West El Norte Parkway / 1045 Morning View Drive, Escondido, CA",collaborator-sheet,fills blank
grants,159,address,"1141 N. Vermont Avenue, Los Angeles, CA 90029",collaborator-sheet,fills blank
grants,161,address,"2933 W. 8th Street, Los Angeles, CA",collaborator-sheet,fills blank
grants,162,investor_1,K3 Holdings,collaborator-sheet,fills blank
grants,162,nonprofit_partner,"Kingdom Development, Inc.",collaborator-sheet,fills blank
grants,162,total_units,30,collaborator-sheet,fills blank
grants,162,restricted_units,30,collaborator-sheet,fills blank
grants,162,address,"130 S. Alexandria Avenue, Los Angeles, CA",collaborator-sheet,fills blank
grants,162,city_cut,4500,collaborator-sheet,fills blank
grants,163,address,"437 N. Ardmore Avenue, Los Angeles, CA",collaborator-sheet,fills blank
grants,164,address,"249 S. Ave 55, Los Angeles, CA",collaborator-sheet,fills blank
grants,165,address,"861 Fedora Street, Los Angeles, CA",collaborator-sheet,fills blank
grants,166,address,"516 N. Harvard Boulevard, Los Angeles, CA",collaborator-sheet,fills blank
grants,167,address,"5200 Hollywood Boulevard, Los Angeles, CA",collaborator-sheet,fills blank
grants,168,address,"200 S. Kenmore Avenue, Los Angeles, CA",collaborator-sheet,fills blank
grants,169,address,"915 S. Kenmore Avenue, Los Angeles, CA",collaborator-sheet,fills blank
grants,170,address,"530 Kingsley Drive, Los Angeles, CA",collaborator-sheet,fills blank
grants,171,address,"5406 Lexington Avenue, Los Angeles, CA",collaborator-sheet,fills blank
grants,172,investor_1,K3 Holdings,collaborator-sheet,fills blank
grants,172,nonprofit_partner,"Kingdom Development, Inc.",collaborator-sheet,fills blank
grants,172,total_units,106,collaborator-sheet,fills blank
grants,172,restricted_units,106,collaborator-sheet,fills blank
grants,172,address,"410 S. Manhattan Place / 509 S. Manhattan Place, Los Angeles, CA",collaborator-sheet,fills blank
grants,172,city_cut,15900,collaborator-sheet,fills blank
grants,173,address,"727 S. Mariposa Avenue, Los Angeles, CA",collaborator-sheet,fills blank
grants,174,address,"750-752 S. Mariposa Avenue, Los Angeles, CA",collaborator-sheet,fills blank
grants,175,address,"520 S. Mariposa Avenue, Los Angeles, CA",collaborator-sheet,fills blank
grants,176,address,"5635 Monte Vista Street, Los Angeles, CA",collaborator-sheet,fills blank
grants,177,address,"207 S. Oxford St, Los Angeles, CA",collaborator-sheet,fills blank
grants,178,address,"300 W. Avenue 37, Los Angeles, CA",collaborator-sheet,fills blank
grants,179,address,"1057 S. Western Avenue, Los Angeles, CA",collaborator-sheet,fills blank
grants,180,investor_1,K3 Holdings,collaborator-sheet,fills blank
grants,180,nonprofit_partner,"Kingdom Development, Inc.",collaborator-sheet,fills blank
grants,180,total_units,20,collaborator-sheet,fills blank
grants,180,restricted_units,20,collaborator-sheet,fills blank
grants,180,address,"132 S. Westmoreland Avenue, Los Angeles, CA",collaborator-sheet,fills blank
grants,180,city_cut,3000,collaborator-sheet,fills blank
grants,191,investor_1,Ethos Real Estate,collaborator-sheet,fills blank
grants,191,restricted_units,79,collaborator-sheet,fills blank
grants,189,new_build,NO,collaborator-sheet,
grants,189,built,1987,collaborator-sheet,
grants,189,manual_status,dead,collaborator-sheet,
grants,189,address,"201 S 4th St, San Jose, CA 95112",collaborator-sheet,fills blank
grants,181,manual_status,stale,collaborator-sheet,
grants,181,total_units,153,manual-repo-edit,adjudicated 2026-08 (Drew): 153 incl. manager's unit (generated 52 and prior manual 152 both wrong)
grants,181,address,"5565 & 5575 Ackerfield Avenue, Long Beach, CA",collaborator-sheet,fills blank
grants,183,manual_status,dead,collaborator-sheet,
grants,183,address,"4256 Whittier Blvd Apartments, Los Angeles, CA",collaborator-sheet,fills blank
grants,184,new_build,YES,collaborator-sheet,
grants,184,address,"225 W. 25th St, Los Angeles, CA",collaborator-sheet,fills blank
grants,185,new_build,YES,collaborator-sheet,
grants,185,address,"9422 Firth Avenue, Los Angeles, CA",collaborator-sheet,fills blank
grants,186,new_build,YES,collaborator-sheet,
grants,186,address,"4008 Martin Luther King Boulevard, Los Angeles, CA",collaborator-sheet,fills blank
grants,190,new_build,NO,collaborator-sheet,
grants,190,address,"2311 Ivy Hill Way, San Ramon, CA 94582",collaborator-sheet,fills blank
grants,144,new_build,NO,collaborator-sheet,
grants,144,property_name,La Vista Apartment Homes,collaborator-sheet,"reviewed 2026-08-22, manual kept: official name is Apartment Homes"
grants,144,address,"740 S. Western Avenue, Santa Maria, CA 93458",collaborator-sheet,fills blank
grants,195,new_build,YES,collaborator-sheet,
grants,195,address,"1723 Corinth Ave, Los Angeles, CA 90025",collaborator-sheet,fills blank
grants,194,new_build,YES,collaborator-sheet,
grants,194,address,"3751 Delmas Terrace, Los Angeles, CA 90034",collaborator-sheet,fills blank
grants,187,built,1987,collaborator-sheet,
grants,187,address,"3200 W 5th St, Santa Ana, CA 92703",collaborator-sheet,fills blank
grants,196,manual_status,dead,collaborator-sheet,
grants,196,investor_1,Capital Insight Holdings,collaborator-sheet,fills blank
grants,196,restricted_units,514,collaborator-sheet,fills blank
grants,196,address,"9750 Airport Blvd, Westchester, CA 90045",collaborator-sheet,"reviewed 2026-08-22, manual kept: neighborhood + zip refinement (Westchester)"
grants,200,resolution,Application,collaborator-sheet,fills blank
grants,200,address,"1408 W Jefferson Blvd, Los Angeles, CA 90007",collaborator-sheet,fills blank
grants,197,new_build,YES,collaborator-sheet,
grants,197,manual_status,dead,collaborator-sheet,
grants,197,address,"12342 Osborne Pl, Pacoima, CA 91331",collaborator-sheet,fills blank
grants,198,new_build,YES,collaborator-sheet,
grants,198,address,"220 Humboldt Ct. Sunnyvale, CA",collaborator-sheet,fills blank
grants,201,manual_status,dead,collaborator-sheet,
grants,201,address,"1311 W Battles Rd, Santa Maria, CA 93458",collaborator-sheet,fills blank
grants,207,manual_status,dead,collaborator-sheet,
grants,207,investor_1,Jenson Capital Group,collaborator-sheet,fills blank
grants,207,restricted_units,56,collaborator-sheet,fills blank
grants,208,manual_status,dead,collaborator-sheet,
grants,208,investor_1,Jenson Capital Group,collaborator-sheet,fills blank
grants,208,restricted_units,34,collaborator-sheet,fills blank
grants,208,address,"2481 Sawtelle Blvd, Los Angeles, CA 90064",collaborator-sheet,"reviewed 2026-08-22, manual kept: zip refinement"
grants,49,new_build,NO,collaborator-sheet,
grants,49,address,"21701 Foothill Blvd, Hayward, CA 94541",collaborator-sheet,fills blank
grants,49,city_cut,18450,collaborator-sheet,fills blank
grants,188,manual_status,dead,collaborator-sheet,
grants,188,address,"11720 San Pablo Ave, El Cerrito, CA 94530",collaborator-sheet,fills blank
grants,202,new_build,NO,collaborator-sheet,
grants,202,built,1980,collaborator-sheet,
grants,202,address,"609 Frederick St, Santa Cruz, CA 95062",collaborator-sheet,fills blank
grants,205,manual_status,stale,collaborator-sheet,
grants,205,investor_1,MG Properties,collaborator-sheet,fills blank
grants,205,nonprofit_partner,Pacific Housing Inc,collaborator-sheet,fills blank
grants,205,restricted_units,54,collaborator-sheet,fills blank
grants,203,city,Unincorporated,collaborator-sheet,fills blank
grants,203,address,"4350 Galbrath Dr, Sacramento, CA 95842",collaborator-sheet,fills blank
grants,203,city_cut,31200,collaborator-sheet,fills blank
grants,204,new_build,YES,collaborator-sheet,
grants,206,manual_status,dead,collaborator-sheet,
grants,206,address,"1845 N Broadway, Escondido, CA 92026",collaborator-sheet,fills blank
grants,224,new_build,YES,collaborator-sheet,
grants,224,investor_1,Equitable Connections to Housing Opportunities (ECHO),collaborator-sheet,fills blank
grants,224,restricted_units,31,collaborator-sheet,fills blank
grants,209,address,"6790 Embarcadero Ln, Carlsbad, CA 92011",collaborator-sheet,fills blank
grants,226,manual_status,dead,collaborator-sheet,
grants,226,investor_1,MG Properties,collaborator-sheet,fills blank
grants,226,nonprofit_partner,Pacific Housing,collaborator-sheet,fills blank
grants,226,restricted_units,134,collaborator-sheet,fills blank
grants,228,investor_1,"Positive Investments, Inc.",collaborator-sheet,fills blank
grants,228,restricted_units,19,collaborator-sheet,fills blank
grants,230,new_build,NO,collaborator-sheet,
grants,230,investor_1,"Positive Investments, Inc.",collaborator-sheet,fills blank
grants,230,restricted_units,29,collaborator-sheet,fills blank
grants,230,address,"11821 Foothill Blvd, Lake View Terrace, CA 91342",collaborator-sheet,"reviewed 2026-08-22, manual kept: neighborhood + zip refinement (Lake View Terrace)"
grants,232,investor_2,Vistria,collaborator-sheet,
grants,232,new_build,NO,collaborator-sheet,
grants,232,link,https://vistria.com/vistria-real-estate-acquires-orange-county-apartment-community/,collaborator-sheet,
grants,232,investor_1,Eagle Partners,collaborator-sheet,fills blank
grants,232,nonprofit_partner,Affordable Housing Access,collaborator-sheet,fills blank
grants,232,restricted_units,120,collaborator-sheet,fills blank
grants,222,city,San Lorenzo,collaborator-sheet,fills blank
grants,222,investor_1,Faulkner Capital Partners,collaborator-sheet,fills blank
grants,222,restricted_units,135,collaborator-sheet,fills blank
grants,216,new_build,NO,collaborator-sheet,
grants,216,address,"5035 Guava Ave, La Mesa, CA 91942",collaborator-sheet,fills blank
grants,217,new_build,YES,collaborator-sheet,
grants,215,new_build,YES,collaborator-sheet,
grants,215,link,https://cscda.org/wp-content/uploads/2026/06/CSCDA-Agenda-Packet-7.2.26.pdf,collaborator-sheet,
grants,215,resolution,26H-[_],collaborator-sheet,fills blank
grants,215,investor_1,Category Company,collaborator-sheet,fills blank
grants,215,restricted_units,73,collaborator-sheet,fills blank
grants,211,investor_1,LA Apartments,collaborator-sheet,fills blank
grants,211,nonprofit_partner,Central Valley Coalition for Affordable Housing,collaborator-sheet,fills blank
grants,211,restricted_units,82,collaborator-sheet,fills blank
grants,211,address,"6530 Independence Ave, Canoga Park, CA 91303",collaborator-sheet,"reviewed 2026-08-22, manual kept: neighborhood + zip refinement (Canoga Park)"
grants,212,new_build,YES,collaborator-sheet,
grants,212,investor_1,KBX Investments,collaborator-sheet,fills blank
grants,212,nonprofit_partner,Central Valley Coalition for Affordable Housing,collaborator-sheet,fills blank
grants,212,restricted_units,50,collaborator-sheet,fills blank
grants,213,city,Unincorporated,collaborator-sheet,fills blank
grants,213,investor_1,TriWest Development,collaborator-sheet,fills blank
grants,213,nonprofit_partner,Foundation for Affordable Housing,collaborator-sheet,fills blank
grants,213,restricted_units,74,collaborator-sheet,fills blank
grants,214,new_build,NO,collaborator-sheet,
grants,214,investor_1,The Korda Group,collaborator-sheet,fills blank
grants,214,nonprofit_partner,AOF/Pacific Affordable Housing Corp.,collaborator-sheet,fills blank
grants,214,restricted_units,72,collaborator-sheet,fills blank
grants,218,new_build,YES,collaborator-sheet,
grants,218,investor_1,Orion Capital LLC,collaborator-sheet,fills blank
grants,218,nonprofit_partner,Foundation for Affordable Housing,collaborator-sheet,fills blank
grants,218,total_units,70,collaborator-sheet,fills blank
grants,218,restricted_units,70,collaborator-sheet,fills blank
grants,218,address,"1408 W Jefferson Blvd Los Angeles, California 90007",collaborator-sheet,fills blank
grants,218,city_cut,10500,collaborator-sheet,fills blank
grants,219,new_build,YES,collaborator-sheet,
grants,219,address,"603 S Mariposa AveLos Angeles, CA 90005",collaborator-sheet,fills blank
grants,220,new_build,YES,collaborator-sheet,
grants,220,investor_1,Terra Capital Development Group LLC,collaborator-sheet,fills blank
grants,220,nonprofit_partner,Pacific Housing,collaborator-sheet,fills blank
grants,220,total_units,52,collaborator-sheet,fills blank
grants,220,restricted_units,52,collaborator-sheet,fills blank
grants,220,address,"236 N Berendo St, Los Angeles, CA 90004",collaborator-sheet,fills blank
grants,220,city_cut,7650,collaborator-sheet,fills blank
grants,221,new_build,YES,collaborator-sheet,
grants,221,address,"6219 Banner Avenue, Los Angeles, CA 90038",collaborator-sheet,fills blank
grants,229,investor_1,CGI+,collaborator-sheet,fills blank
grants,229,restricted_units,144,collaborator-sheet,fills blank
grants,231,investor_1,Post Real Estate Group,collaborator-sheet,fills blank
grants,231,nonprofit_partner,Bedford Affordable Housing Foundation,collaborator-sheet,"reviewed 2026-08-22, manual kept: packet parse truncates to Bedford; full name correct"
grants,231,restricted_units,302,collaborator-sheet,fills blank
grants,233,investor_1,Keren Housing,collaborator-sheet,fills blank
grants,233,restricted_units,136,collaborator-sheet,fills blank
grants,234,investor_1,Keren Housing,collaborator-sheet,fills blank
grants,234,restricted_units,136,collaborator-sheet,fills blank
grants,235,investor_1,Keren Housing,collaborator-sheet,fills blank
grants,235,restricted_units,59,collaborator-sheet,fills blank
grants,236,new_build,YES,collaborator-sheet,
grants,236,investor_1,Killefer Development,collaborator-sheet,fills blank
grants,236,restricted_units,108,collaborator-sheet,fills blank
grants,237,investor_1,Angeleno Invesments,collaborator-sheet,fills blank
grants,237,restricted_units,27,collaborator-sheet,fills blank
grants,225,address,"2780 N Texas St, Fairfield, CA 94533",collaborator-sheet,fills blank
grants,227,address,"1 Shoal Ct, Sacramento, CA 95831",collaborator-sheet,fills blank
grants,204,address,"6144 Hazelhurst Place, North Hollywood, CA 91606",manual-repo-edit,"Drew, manual research 2026-08-22 (North Hollywood; no exact 6144 situs at county — block has 6142/6146)"
grants,199,address,"6840 Baird Ave, Los Angeles, CA 91335",manual-repo-edit,"Drew, manual research 2026-08-22"
grants,217,address,"217 N. Park View Street, Los Angeles, CA 90026",manual-repo-edit,"Drew, manual research 2026-08-22"
grants,76,manual_status,stale,collaborator-sheet,"moved from duplicate row 182, 2026-08-22"
grants,76,restricted_units,50,collaborator-sheet,"moved from duplicate row 182, 2026-08-22"
grants,348,county,Los Angeles,manual-repo-edit,"Agenda error 2025-10-24: item listed under City of Healdsburg, County of Sonoma; pulled at that meeting and re-agendized 2025-11-07 under Los Angeles as Res 25-531 (approved)"
grants,348,city,Los Angeles,manual-repo-edit,"Agenda error 2025-10-24: item listed under City of Healdsburg, County of Sonoma; pulled at that meeting and re-agendized 2025-11-07 under Los Angeles as Res 25-531 (approved)"
grants,316,restricted_units,89,manual-repo-edit,staff report tier lines are typo'd ('10% (80 Units)' + '90% (80 Units)'); header states 100% of the 89 units restricted
grants,238,*,,collaborator-sheet,entire row manual (predates meeting archives)
grants,192,*,,collaborator-sheet,entire row manual (predates meeting archives)
grants,193,*,,collaborator-sheet,entire row manual (predates meeting archives)
grants,223,*,,collaborator-sheet,entire row manual (predates meeting archives)
grants,2,manager_units,1,inferred-off-by-one,total exceeds restricted by exactly one; not stated in documents
grants,4,manager_units,1,inferred-off-by-one,total exceeds restricted by exactly one; not stated in documents
grants,18,manager_units,1,inferred-off-by-one,total exceeds restricted by exactly one; not stated in documents
grants,30,manager_units,1,inferred-off-by-one,total exceeds restricted by exactly one; not stated in documents
grants,31,manager_units,1,inferred-off-by-one,total exceeds restricted by exactly one; not stated in documents
grants,44,manager_units,1,inferred-off-by-one,total exceeds restricted by exactly one; not stated in documents
grants,51,manager_units,1,inferred-off-by-one,total exceeds restricted by exactly one; not stated in documents
grants,61,manager_units,1,inferred-off-by-one,total exceeds restricted by exactly one; not stated in documents
grants,64,manager_units,1,inferred-off-by-one,total exceeds restricted by exactly one; not stated in documents
grants,158,manager_units,1,inferred-off-by-one,total exceeds restricted by exactly one; not stated in documents
grants,217,manager_units,1,inferred-off-by-one,total exceeds restricted by exactly one; not stated in documents
grants,340,manager_units,1,inferred-off-by-one,total exceeds restricted by exactly one; not stated in documents
parcels,1,assignment:5136019013,5136019013,collaborator-sheet,manual_verified
parcels,2,assignment:5183001017,5183001017,collaborator-sheet,manual_verified
parcels,3,values:15434025,17059601,collaborator-sheet,no automated source for county
parcels,3,assignment:15434025,15434025,collaborator-sheet,
parcels,4,values:147091180000,4156500,collaborator-sheet,no automated source for county
parcels,4,assignment:147091180000,147091180000,collaborator-sheet,
parcels,5,assignment:5343602100,5343602100,collaborator-sheet,
parcels,6,values:0345012C,7398189,collaborator-sheet,no automated source for county
parcels,6,assignment:0345012C,0345012C,collaborator-sheet,
parcels,7,values:454251243,17313480,collaborator-sheet,no automated source for county
parcels,7,assignment:454251243,454251243,collaborator-sheet,
parcels,8,assignment:5134017037,5134017037,collaborator-sheet,parcel_in_transition
parcels,9,assignment:5134009025,5134009025,collaborator-sheet,parcel_in_transition
parcels,9,assignment:5134009024,5134009024,collaborator-sheet,parcel_in_transition
parcels,11,values:1295996,2013882,collaborator-sheet,no automated source for county
parcels,11,assignment:1295996,1295996,collaborator-sheet,
parcels,12,assignment:5402028023,5402028023,collaborator-sheet,manual_verified
parcels,13,values:344007,17116303,collaborator-sheet,no automated source for county
parcels,13,assignment:344007,344007,collaborator-sheet,
parcels,14,values:867281,24257157,collaborator-sheet,no automated source for county
parcels,14,assignment:867281,867281,collaborator-sheet,
parcels,15,assignment:5547013021,5547013021,collaborator-sheet,manual_verified
parcels,17,assignment:5024017036,5024017036,collaborator-sheet,manual_verified
parcels,18,assignment:1043514700,1043514700,collaborator-sheet,
parcels,19,values:39612209,18340000,collaborator-sheet,no automated source for county
parcels,19,assignment:39612209,39612209,collaborator-sheet,
parcels,19,values:39612130,22410000,collaborator-sheet,no automated source for county
parcels,19,assignment:39612130,39612130,collaborator-sheet,
parcels,20,assignment:2102015045,2102015045,collaborator-sheet,manual_verified
parcels,21,assignment:2119001222,2119001222,collaborator-sheet,manual_verified
parcels,22,assignment:6320011041,6320011041,collaborator-sheet,manual_verified
parcels,23,assignment:7418014021,7418014021,collaborator-sheet,manual_verified
parcels,24,assignment:5021028002,5021028002,collaborator-sheet,manual_verified
parcels,25,assignment:5020017007,5020017007,collaborator-sheet,manual_verified
parcels,26,assignment:7455002027,7455002027,collaborator-sheet,manual_verified
parcels,27,assignment:4291019007,4291019007,collaborator-sheet,manual_verified_multi
parcels,27,assignment:4291019006,4291019006,collaborator-sheet,manual_verified_multi
parcels,28,assignment:4291020005,4291020005,collaborator-sheet,manual_verified_multi
parcels,28,assignment:4291020006,4291020006,collaborator-sheet,manual_verified_multi
parcels,28,assignment:4291020007,4291020007,collaborator-sheet,manual_verified_multi
parcels,29,assignment:4291020018,4291020018,collaborator-sheet,manual_verified_multi
parcels,29,assignment:4291020019,4291020019,collaborator-sheet,manual_verified_multi
parcels,30,assignment:4291024007,4291024007,collaborator-sheet,manual_verified
parcels,31,assignment:4291022015,4291022015,collaborator-sheet,manual_verified
parcels,32,assignment:4275024005,4275024005,collaborator-sheet,manual_verified_multi
parcels,32,assignment:4275024015,4275024015,collaborator-sheet,manual_verified_multi
parcels,33,assignment:6020022027,6020022027,collaborator-sheet,parcel_in_transition
parcels,34,values:4251100188,9977564,collaborator-sheet,no automated source for county
parcels,34,assignment:4251100188,4251100188,collaborator-sheet,
parcels,35,values:22802520400000,25646900,collaborator-sheet,no automated source for county
parcels,35,assignment:22802520400000,22802520400000,collaborator-sheet,
parcels,36,assignment:4025014001,4025014001,collaborator-sheet,manual_verified_multi
parcels,36,assignment:4025014002,4025014002,collaborator-sheet,manual_verified_multi
parcels,36,assignment:4025014003,4025014003,collaborator-sheet,manual_verified_multi
parcels,36,assignment:4025014004,4025014004,collaborator-sheet,manual_verified_multi
parcels,36,assignment:4025014005,4025014005,collaborator-sheet,manual_verified_multi
parcels,36,assignment:4025014006,4025014006,collaborator-sheet,manual_verified_multi
parcels,36,assignment:4025014007,4025014007,collaborator-sheet,manual_verified_multi
parcels,36,assignment:4025014008,4025014008,collaborator-sheet,manual_verified_multi
parcels,36,assignment:4025014009,4025014009,collaborator-sheet,manual_verified_multi
parcels,36,assignment:4025014010,4025014010,collaborator-sheet,manual_verified_multi
parcels,36,assignment:4025014011,4025014011,collaborator-sheet,manual_verified_multi
parcels,36,assignment:4025014012,4025014012,collaborator-sheet,manual_verified_multi
parcels,36,assignment:4025014013,4025014013,collaborator-sheet,manual_verified_multi
parcels,36,assignment:4025014014,4025014014,collaborator-sheet,manual_verified_multi
parcels,36,assignment:4025014015,4025014015,collaborator-sheet,manual_verified_multi
parcels,36,assignment:4025014016,4025014016,collaborator-sheet,manual_verified_multi
parcels,36,assignment:4025014017,4025014017,collaborator-sheet,manual_verified_multi
parcels,36,assignment:4025014018,4025014018,collaborator-sheet,manual_verified_multi
parcels,36,assignment:4025015001,4025015001,collaborator-sheet,manual_verified_multi
parcels,36,assignment:4025015002,4025015002,collaborator-sheet,manual_verified_multi
parcels,37,assignment:5183013023,5183013023,collaborator-sheet,parcel_in_transition
parcels,38,assignment:2321001019,2321001019,collaborator-sheet,manual_verified
parcels,39,assignment:6005021032,6005021032,collaborator-sheet,manual_verified
parcels,40,assignment:5021009036,5021009036,collaborator-sheet,manual_verified
parcels,41,assignment:5020025039,5020025039,collaborator-sheet,manual_verified
parcels,42,assignment:6083001009,6083001009,collaborator-sheet,manual_verified
parcels,43,values:01419405,33879341,collaborator-sheet,no automated source for county
parcels,43,assignment:01419405,01419405,collaborator-sheet,
parcels,44,assignment:5180001024,5180001024,collaborator-sheet,parcel_in_transition
parcels,45,values:39626156,25500000,collaborator-sheet,no automated source for county
parcels,45,assignment:39626156,39626156,collaborator-sheet,
parcels,45,values:39626155,103700000,collaborator-sheet,no automated source for county
parcels,45,assignment:39626155,39626155,collaborator-sheet,
parcels,46,assignment:5109003014,5109003014,collaborator-sheet,manual_verified_multi
parcels,46,assignment:5109003001,5109003001,collaborator-sheet,manual_verified_multi
parcels,47,assignment:4610304300,4610304300,collaborator-sheet,
parcels,48,values:039481250,31083000,collaborator-sheet,no automated source for county
parcels,48,assignment:039481250,039481250,collaborator-sheet,
parcels,48,values:039482130,62932900,collaborator-sheet,no automated source for county
parcels,48,assignment:039482130,039482130,collaborator-sheet,
parcels,48,values:042112240,44821400,collaborator-sheet,no automated source for county
parcels,48,assignment:042112240,042112240,collaborator-sheet,
parcels,48,values:042113250,31161700,collaborator-sheet,no automated source for county
parcels,48,assignment:042113250,042113250,collaborator-sheet,
parcels,48,values:042121090,41355000,collaborator-sheet,no automated source for county
parcels,48,assignment:042121090,042121090,collaborator-sheet,
parcels,48,values:042122050,41008500,collaborator-sheet,no automated source for county
parcels,48,assignment:042122050,042122050,collaborator-sheet,
parcels,49,values:4281649,38656726,collaborator-sheet,no automated source for county
parcels,49,assignment:4281649,4281649,collaborator-sheet,
parcels,50,assignment:5351441500,5351441500,collaborator-sheet,
parcels,51,assignment:5473131800,5473131800,collaborator-sheet,
parcels,52,values:28501900330000,15111810,collaborator-sheet,no automated source for county
parcels,52,assignment:28501900330000,28501900330000,collaborator-sheet,
parcels,53,values:26003700120000,12145525,collaborator-sheet,no automated source for county
parcels,53,assignment:26003700120000,26003700120000,collaborator-sheet,
parcels,54,assignment:7157031001,7157031001,collaborator-sheet,manual_verified_multi
parcels,54,assignment:7157031002,7157031002,collaborator-sheet,manual_verified_multi
parcels,54,assignment:7157031003,7157031003,collaborator-sheet,manual_verified_multi
parcels,54,assignment:7157031004,7157031004,collaborator-sheet,manual_verified_multi
parcels,54,assignment:7157031005,7157031005,collaborator-sheet,manual_verified_multi
parcels,54,assignment:7157031006,7157031006,collaborator-sheet,manual_verified_multi
parcels,54,assignment:7157031007,7157031007,collaborator-sheet,manual_verified_multi
parcels,54,assignment:7157031008,7157031008,collaborator-sheet,manual_verified_multi
parcels,54,assignment:7157031009,7157031009,collaborator-sheet,manual_verified_multi
parcels,54,assignment:7157031010,7157031010,collaborator-sheet,manual_verified_multi
parcels,54,assignment:7157031011,7157031011,collaborator-sheet,manual_verified_multi
parcels,54,assignment:7157031012,7157031012,collaborator-sheet,manual_verified_multi
parcels,54,assignment:7157031013,7157031013,collaborator-sheet,manual_verified_multi
parcels,54,assignment:7157031014,7157031014,collaborator-sheet,manual_verified_multi
parcels,54,assignment:7157031015,7157031015,collaborator-sheet,manual_verified_multi
parcels,54,assignment:7157031016,7157031016,collaborator-sheet,manual_verified_multi
parcels,54,assignment:7157031017,7157031017,collaborator-sheet,manual_verified_multi
parcels,54,assignment:7157031018,7157031018,collaborator-sheet,manual_verified_multi
parcels,54,assignment:7157031019,7157031019,collaborator-sheet,manual_verified_multi
parcels,54,assignment:7157031020,7157031020,collaborator-sheet,manual_verified_multi
parcels,54,assignment:7157031021,7157031021,collaborator-sheet,manual_verified_multi
parcels,54,assignment:7157031022,7157031022,collaborator-sheet,manual_verified_multi
parcels,54,assignment:7157031023,7157031023,collaborator-sheet,manual_verified_multi
parcels,54,assignment:7157031024,7157031024,collaborator-sheet,manual_verified_multi
parcels,54,assignment:7157031025,7157031025,collaborator-sheet,manual_verified_multi
parcels,54,assignment:7157031026,7157031026,collaborator-sheet,manual_verified_multi
parcels,54,assignment:7157031027,7157031027,collaborator-sheet,manual_verified_multi
parcels,54,assignment:7157031028,7157031028,collaborator-sheet,manual_verified_multi
parcels,54,assignment:7157031029,7157031029,collaborator-sheet,manual_verified_multi
parcels,54,assignment:7157031030,7157031030,collaborator-sheet,manual_verified_multi
parcels,54,assignment:7157031031,7157031031,collaborator-sheet,manual_verified_multi
parcels,54,assignment:7157031032,7157031032,collaborator-sheet,manual_verified_multi
parcels,54,assignment:7157031033,7157031033,collaborator-sheet,manual_verified_multi
parcels,55,assignment:5409005030,5409005030,collaborator-sheet,manual_verified
parcels,56,values:5619549,31838150,collaborator-sheet,no automated source for county
parcels,56,assignment:5619549,5619549,collaborator-sheet,
parcels,58,assignment:3004004033,3004004033,collaborator-sheet,manual_verified
parcels,59,values:6954018,82453101,collaborator-sheet,no automated source for county
parcels,59,assignment:6954018,6954018,collaborator-sheet,
parcels,61,assignment:6087002036,6087002036,collaborator-sheet,manual_verified
parcels,62,assignment:5049009082,5049009082,collaborator-sheet,manual_verified
parcels,63,values:1701000273,10616112,collaborator-sheet,no automated source for county
parcels,63,assignment:1701000273,1701000273,collaborator-sheet,
parcels,64,assignment:5160009020,5160009020,collaborator-sheet,manual_verified
parcels,65,values:26324146,53482929,collaborator-sheet,no automated source for county
parcels,65,assignment:26324146,26324146,collaborator-sheet,
parcels,66,assignment:5092023021,5092023021,collaborator-sheet,manual_verified
parcels,67,values:12918108,60690000,collaborator-sheet,no automated source for county
parcels,67,assignment:12918108,12918108,collaborator-sheet,
parcels,68,assignment:2764001013,2764001013,collaborator-sheet,manual_verified
parcels,69,assignment:2731008014,2731008014,collaborator-sheet,manual_verified
parcels,70,values:006312850,3870288,collaborator-sheet,no automated source for county
parcels,70,assignment:006312850,006312850,collaborator-sheet,
parcels,70,values:006312860,4765032,collaborator-sheet,no automated source for county
parcels,70,assignment:006312860,006312860,collaborator-sheet,
parcels,70,values:006312870,4452912,collaborator-sheet,no automated source for county
parcels,70,assignment:006312870,006312870,collaborator-sheet,
parcels,70,values:006312880,4317660,collaborator-sheet,no automated source for county
parcels,70,assignment:006312880,006312880,collaborator-sheet,
parcels,70,values:006312890,4317660,collaborator-sheet,no automated source for county
parcels,70,assignment:006312890,006312890,collaborator-sheet,
parcels,70,values:006312900,4713012,collaborator-sheet,no automated source for county
parcels,70,assignment:006312900,006312900,collaborator-sheet,
parcels,70,values:006312910,5784624,collaborator-sheet,no automated source for county
parcels,70,assignment:006312910,006312910,collaborator-sheet,
parcels,70,values:006312920,2590596,collaborator-sheet,no automated source for county
parcels,70,assignment:006312920,006312920,collaborator-sheet,
parcels,71,values:52082450,25240000,collaborator-sheet,no automated source for county
parcels,71,assignment:52082450,52082450,collaborator-sheet,
parcels,72,values:5431A041,73513835,collaborator-sheet,no automated source for county
parcels,72,assignment:5431A041,5431A041,collaborator-sheet,
parcels,73,assignment:5159020026,5159020026,collaborator-sheet,parcel_in_transition
parcels,73,assignment:5159020010,5159020010,collaborator-sheet,manual_verified_multi
parcels,73,assignment:5159020009,5159020009,collaborator-sheet,manual_verified_multi
parcels,74,assignment:5484004400,5484004400,collaborator-sheet,
parcels,75,assignment:4635902700,4635902700,collaborator-sheet,
parcels,76,values:5036031006,1569525,collaborator-sheet,AIN returned no data from county source
parcels,76,assignment:5036031006,5036031006,collaborator-sheet,manual_verified
parcels,77,assignment:6083010040,6083010040,collaborator-sheet,parcel_in_transition
parcels,78,values:4054900073,222047798,collaborator-sheet,no automated source for county
parcels,78,assignment:4054900073,4054900073,collaborator-sheet,
parcels,79,assignment:6070003041,6070003041,collaborator-sheet,parcel_in_transition
parcels,80,assignment:5032015003,5032015003,collaborator-sheet,manual_verified
parcels,81,assignment:6011008052,6011008052,collaborator-sheet,manual_verified
parcels,82,assignment:6048022067,6048022067,collaborator-sheet,manual_verified
parcels,83,assignment:6006018001,6006018001,collaborator-sheet,manual_verified
parcels,84,assignment:6048004025,6048004025,collaborator-sheet,manual_verified
parcels,85,assignment:7451037031,7451037031,collaborator-sheet,manual_verified
parcels,86,assignment:7451026002,7451026002,collaborator-sheet,manual_verified
parcels,87,assignment:5501013028,5501013028,collaborator-sheet,manual_verified
parcels,88,assignment:2695003030,2695003030,collaborator-sheet,parcel_in_transition
parcels,90,assignment:8630009026,8630009026,collaborator-sheet,manual_verified
parcels,91,assignment:2421011010,2421011010,collaborator-sheet,manual_verified
parcels,92,assignment:8576001024,8576001024,collaborator-sheet,manual_verified
parcels,93,values:59020050000,46693244,collaborator-sheet,no automated source for county
parcels,93,assignment:59020050000,59020050000,collaborator-sheet,
parcels,94,assignment:6390806100,6390806100,collaborator-sheet,
parcels,97,assignment:8608030071,8608030071,collaborator-sheet,manual_verified
parcels,98,values:50115064010,73418537,collaborator-sheet,no automated source for county
parcels,98,assignment:50115064010,50115064010,collaborator-sheet,
parcels,99,values:4262018026,2225000,collaborator-sheet,AIN returned no data from county source
parcels,99,assignment:4262018026,4262018026,collaborator-sheet,manual_verified
parcels,100,assignment:4231018020,4231018020,collaborator-sheet,manual_verified
parcels,101,assignment:4221007056,4221007056,collaborator-sheet,manual_verified
parcels,102,assignment:4262016011,4262016011,collaborator-sheet,manual_verified
parcels,103,assignment:5183012030,5183012030,collaborator-sheet,manual_verified
parcels,104,assignment:5518008009,5518008009,collaborator-sheet,manual_verified
parcels,105,assignment:5093017031,5093017031,collaborator-sheet,manual_verified
parcels,106,assignment:5502011009,5502011009,collaborator-sheet,manual_verified
parcels,107,assignment:5518013007,5518013007,collaborator-sheet,manual_verified
parcels,108,assignment:5081032007,5081032007,collaborator-sheet,manual_verified
parcels,109,assignment:5094021028,5094021028,collaborator-sheet,manual_verified
parcels,110,assignment:5094023030,5094023030,collaborator-sheet,manual_verified
parcels,111,assignment:5503015016,5503015016,collaborator-sheet,manual_verified
parcels,112,assignment:5518008014,5518008014,collaborator-sheet,manual_verified
parcels,113,assignment:5094004004,5094004004,collaborator-sheet,manual_verified
parcels,114,assignment:5081006014,5081006014,collaborator-sheet,manual_verified
parcels,115,assignment:5080008006,5080008006,collaborator-sheet,manual_verified_multi
parcels,115,assignment:5080008007,5080008007,collaborator-sheet,manual_verified_multi
parcels,115,assignment:5080008008,5080008008,collaborator-sheet,manual_verified_multi
parcels,116,assignment:5080015003,5080015003,collaborator-sheet,manual_verified
parcels,117,assignment:5518027010,5518027010,collaborator-sheet,manual_verified
parcels,118,assignment:5504029006,5504029006,collaborator-sheet,manual_verified
parcels,119,assignment:5503017013,5503017013,collaborator-sheet,manual_verified
parcels,120,values:28502100410000,51313873,collaborator-sheet,no automated source for county
parcels,120,assignment:28502100410000,28502100410000,collaborator-sheet,
parcels,121,assignment:5518013024,5518013024,collaborator-sheet,manual_verified
parcels,122,assignment:5094017020,5094017020,collaborator-sheet,manual_verified
parcels,123,assignment:5518020021,5518020021,collaborator-sheet,manual_verified
parcels,124,assignment:5094023025,5094023025,collaborator-sheet,manual_verified
parcels,125,assignment:5503024012,5503024012,collaborator-sheet,manual_verified
parcels,126,assignment:5094005005,5094005005,collaborator-sheet,manual_verified
parcels,127,assignment:5094006003,5094006003,collaborator-sheet,manual_verified
parcels,128,assignment:5502019004,5502019004,collaborator-sheet,manual_verified
parcels,129,assignment:5517005016,5517005016,collaborator-sheet,manual_verified
parcels,130,assignment:5080006008,5080006008,collaborator-sheet,manual_verified
parcels,132,values:6020022027,2856000,collaborator-sheet,AIN returned no data from county source
parcels,132,assignment:6020022027,6020022027,collaborator-sheet,parcel_in_transition
parcels,134,assignment:6063029029,6063029029,collaborator-sheet,manual_verified
parcels,135,assignment:5518026004,5518026004,collaborator-sheet,manual_verified
parcels,137,values:2125017014,943500,collaborator-sheet,AIN returned no data from county source
parcels,137,assignment:2125017014,2125017014,collaborator-sheet,manual_verified
parcels,141,values:41805060,30330305,collaborator-sheet,no automated source for county
parcels,141,assignment:41805060,41805060,collaborator-sheet,
parcels,142,assignment:4125011053,4125011053,collaborator-sheet,parcel_in_transition
parcels,143,assignment:41416654,41416654,collaborator-sheet,
parcels,144,values:123140018,6695000,collaborator-sheet,no automated source for county
parcels,144,assignment:123140018,123140018,collaborator-sheet,
parcels,144,values:123140019,4460000,collaborator-sheet,no automated source for county
parcels,144,assignment:123140019,123140019,collaborator-sheet,
parcels,144,values:123140020,4460000,collaborator-sheet,no automated source for county
parcels,144,assignment:123140020,123140020,collaborator-sheet,
parcels,144,values:123140021,7113000,collaborator-sheet,no automated source for county
parcels,144,assignment:123140021,123140021,collaborator-sheet,
parcels,145,values:,10673404,collaborator-sheet,no automated source for county
parcels,145,assignment:,,collaborator-sheet,
parcels,146,assignment:6022014002,6022014002,collaborator-sheet,manual_verified
parcels,147,values:41416654,0,manual-repo-edit,no automated source for county
parcels,147,assignment:41416654,41416654,collaborator-sheet,
parcels,148,assignment:5141004003,5141004003,manual-repo-edit,manual_verified
parcels,149,assignment:5093010009,5093010009,collaborator-sheet,manual_verified
parcels,150,assignment:5094004007,5094004007,collaborator-sheet,manual_verified
parcels,151,assignment:5094002004,5094002004,collaborator-sheet,manual_verified
parcels,152,assignment:7157012023,7157012023,collaborator-sheet,manual_verified_multi
parcels,153,assignment:7075020011,7075020011,collaborator-sheet,manual_verified_multi
parcels,153,assignment:7075020012,7075020012,collaborator-sheet,manual_verified_multi
parcels,154,values:019170270,180060039,collaborator-sheet,no automated source for county
parcels,154,assignment:019170270,019170270,collaborator-sheet,
parcels,155,values:1303200180,34848175,collaborator-sheet,no automated source for county
parcels,155,assignment:1303200180,1303200180,collaborator-sheet,
parcels,156,values:5011800142,65613972,collaborator-sheet,no automated source for county
parcels,156,assignment:5011800142,5011800142,collaborator-sheet,
parcels,157,assignment:2262031000,2262031000,collaborator-sheet,
parcels,157,assignment:2280732000,2280732000,collaborator-sheet,
parcels,157,assignment:2262030200,2262030200,collaborator-sheet,
parcels,157,assignment:2262110300,2262110300,collaborator-sheet,
parcels,158,assignment:,,collaborator-sheet,
parcels,159,assignment:5540019012,5540019012,collaborator-sheet,
parcels,160,assignment:5080011007,5080011007,collaborator-sheet,manual_verified
parcels,161,assignment:5077018006,5077018006,collaborator-sheet,
parcels,162,assignment:5518013024,5518013024,collaborator-sheet,
parcels,163,assignment:5521023008,5521023008,collaborator-sheet,
parcels,164,assignment:5468028027,5468028027,collaborator-sheet,
parcels,165,assignment:5094017020,5094017020,collaborator-sheet,
parcels,166,assignment:5521010010,5521010010,collaborator-sheet,
parcels,167,assignment:5544016002,5544016002,collaborator-sheet,
parcels,168,assignment:5518020021,5518020021,collaborator-sheet,
parcels,169,assignment:5094023025,5094023025,collaborator-sheet,
parcels,170,assignment:5503024012,5503024012,collaborator-sheet,
parcels,171,assignment:5537006002,5537006002,collaborator-sheet,
parcels,172,assignment:5503015019,5503015019,collaborator-sheet,
parcels,172,assignment:5503017019,5503017019,collaborator-sheet,
parcels,173,assignment:5094005005,5094005005,collaborator-sheet,
parcels,174,assignment:5094006003,5094006003,collaborator-sheet,
parcels,175,assignment:5502019004,5502019004,collaborator-sheet,
parcels,176,assignment:5469032001,5469032001,collaborator-sheet,
parcels,177,assignment:5517005016,5517005016,collaborator-sheet,
parcels,178,assignment:5446002044,5446002044,collaborator-sheet,
parcels,179,assignment:5080006008,5080006008,collaborator-sheet,
parcels,180,assignment:5501016008,5501016008,collaborator-sheet,
parcels,181,assignment:7157012017,7157012017,collaborator-sheet,
parcels,183,assignment:5236016054,5236016054,collaborator-sheet,
parcels,184,assignment:5126020009,5126020009,collaborator-sheet,
parcels,185,assignment:6048004047,6048004047,collaborator-sheet,
parcels,186,assignment:5032007019,5032007019,collaborator-sheet,
parcels,187,values:19826132,26605309,collaborator-sheet,no automated source for county
parcels,187,assignment:19826132,19826132,collaborator-sheet,
parcels,188,values:501261015,42750000,collaborator-sheet,no automated source for county
parcels,188,assignment:501261015,501261015,collaborator-sheet,
parcels,190,values:223010017,69647731,collaborator-sheet,no automated source for county
parcels,190,assignment:223010017,223010017,collaborator-sheet,
parcels,192,values:03615006,67860998,collaborator-sheet,no automated source for county
parcels,192,assignment:03615006,03615006,collaborator-sheet,
parcels,193,real_estate_exemp:2311104600,49157189,collaborator-sheet,value source publishes no exemption field
parcels,193,assignment:2311104600,2311104600,collaborator-sheet,
parcels,194,assignment:4313014022,4313014022,script-situs-match (2026-08-21),
parcels,195,assignment:4261017008,4261017008,script-finder-auto (2026-08-21),
parcels,196,assignment:,,collaborator-sheet,
parcels,197,assignment:,,collaborator-sheet,
parcels,199,assignment:2126022021,2126022021,manual-repo-edit,
parcels,201,assignment:,,collaborator-sheet,
parcels,203,values:21900420330000,15693765,manual-repo-edit,no automated source for county
parcels,203,assignment:21900420330000,21900420330000,manual-repo-edit,
parcels,204,assignment:2338006014,2338006014,manual-repo-edit,
parcels,206,assignment:,,collaborator-sheet,
parcels,207,assignment:,,collaborator-sheet,
parcels,208,assignment:,,collaborator-sheet,
parcels,209,assignment:2146500200,2146500200,script-situs-match (2026-08-22),
parcels,210,values:11700120210000,11438021,collaborator-sheet,no automated source for county
parcels,210,assignment:11700120210000,11700120210000,collaborator-sheet,
parcels,211,assignment:2148026046,2148026046,script-situs-match (2026-08-21),
parcels,212,assignment:5052023039,5052023039,script-situs-match (2026-08-21),
parcels,213,values:22800420320000,8878476,manual-repo-edit,no automated source for county
parcels,213,assignment:22800420320000,22800420320000,manual-repo-edit,
parcels,214,assignment:8386006015,8386006015,script-situs-match (2026-08-21),
parcels,215,assignment:5539028040,5539028040,manual-repo-edit,
parcels,216,assignment:4701122500,4701122500,script-situs-match (2026-08-22),
parcels,217,assignment:5157007028,5157007028,script-situs-match (2026-08-22),
parcels,218,assignment:5040021006,5040021006,script-situs-match (2026-08-21),
parcels,219,assignment:5502031012,5502031012,script-situs-match (2026-08-21),
parcels,220,assignment:5518026004,5518026004,script-situs-match (2026-08-21),
parcels,221,assignment:5534006026,5534006026,manual-repo-edit,
parcels,222,values:80C49562,11141147,manual-repo-edit,no automated source for county
parcels,222,assignment:80C49562,80C49562,manual-repo-edit,
parcels,223,values:1831016,71934357,manual-repo-edit,no automated source for county
parcels,223,assignment:1831016,1831016,manual-repo-edit,
parcels,224,assignment:6018007001,6018007001,script-situs-match (2026-08-21),
parcels,226,assignment:,,collaborator-sheet,
parcels,227,values:3003300180000,41186542,collaborator-sheet,no automated source for county
parcels,227,assignment:3003300180000,3003300180000,collaborator-sheet,
parcels,228,assignment:6053006052,6053006052,script-situs-match (2026-08-21),
parcels,230,assignment:2530007014,2530007014,script-situs-match (2026-08-21),
parcels,231,assignment:5501017044,5501017044,script-situs-match (2026-08-21),
parcels,232,values:23115127,90133662,collaborator-sheet,no automated source for county
parcels,232,assignment:23115127,23115127,collaborator-sheet,
parcels,232,values:23115128,30044551,collaborator-sheet,no automated source for county
parcels,232,assignment:23115128,23115128,collaborator-sheet,
parcels,233,assignment:5093023056,5093023056,manual-repo-edit,
parcels,234,assignment:5093023059,5093023059,script-situs-match (2026-08-21),
parcels,235,assignment:5092029007,5092029007,manual-repo-edit,
parcels,236,assignment:4211011047,4211011047,manual-repo-edit,
parcels,237,assignment:5540025003,5540025003,manual-repo-edit,
parcels,57,values:28424015,36559633,collaborator-sheet,no automated source for county
parcels,57,assignment:28424015,28424015,collaborator-sheet,
parcels,60,values:17004068,32171358,collaborator-sheet,no automated source for county
parcels,60,assignment:17004068,17004068,collaborator-sheet,
parcels,60,values:17004069,18766626,collaborator-sheet,no automated source for county
parcels,60,assignment:17004069,17004069,collaborator-sheet,
parcels,89,values:25404108,113197044,collaborator-sheet,no automated source for county
parcels,89,assignment:25404108,25404108,collaborator-sheet,
parcels,95,values:37226016,4853048,collaborator-sheet,no automated source for county
parcels,95,assignment:37226016,37226016,collaborator-sheet,
parcels,96,values:29640005,129482004,collaborator-sheet,no automated source for county
parcels,96,assignment:29640005,29640005,collaborator-sheet,
parcels,96,values:29640004,95469825,collaborator-sheet,no automated source for county
parcels,96,assignment:29640004,29640004,collaborator-sheet,
parcels,96,values:29640003,72364911,collaborator-sheet,no automated source for county
parcels,96,assignment:29640003,29640003,collaborator-sheet,
parcels,136,values:70607013,269608107,collaborator-sheet,no automated source for county
parcels,136,assignment:70607013,70607013,collaborator-sheet,
parcels,138,values:21332022,27979060,collaborator-sheet,no automated source for county
parcels,138,assignment:21332022,21332022,collaborator-sheet,
parcels,139,values:68429011,51700304,collaborator-sheet,no automated source for county
parcels,139,assignment:68429011,68429011,collaborator-sheet,
parcels,139,values:68428078,8396294,collaborator-sheet,no automated source for county
parcels,139,assignment:68428078,68428078,collaborator-sheet,
parcels,140,values:31342061,70919811,collaborator-sheet,no automated source for county
parcels,140,assignment:31342061,31342061,collaborator-sheet,
parcels,189,values:46745084,31718046,collaborator-sheet,no automated source for county
parcels,189,assignment:46745084,46745084,collaborator-sheet,
parcels,189,assignment:46745075,46745075,collaborator-sheet,
parcels,189,assignment:46745074,46745074,collaborator-sheet,
parcels,189,assignment:46745073,46745073,collaborator-sheet,
parcels,191,values:15401034,104843965,collaborator-sheet,no automated source for county
parcels,191,assignment:15401034,15401034,collaborator-sheet,
parcels,198,assignment:,,collaborator-sheet,
parcels,202,values:01125105,9776112,manual-repo-edit,no automated source for county
parcels,202,assignment:01125105,01125105,manual-repo-edit,
parcels,16,values:128101150,0,manual-repo-edit,AIN returned no data from county source
parcels,16,assignment:128101150,128101150,collaborator-sheet,
parcels,16,assignment:128101140,128101140,collaborator-sheet,
parcels,16,assignment:128101130,128101130,collaborator-sheet,
parcels,16,assignment:128101120,128101120,collaborator-sheet,
parcels,16,assignment:128101110,128101110,collaborator-sheet,
parcels,16,assignment:128101100,128101100,collaborator-sheet,
parcels,16,assignment:128101090,128101090,collaborator-sheet,
parcels,16,assignment:128101080,128101080,collaborator-sheet,
parcels,16,assignment:128101070,128101070,collaborator-sheet,
parcels,16,assignment:128101060,128101060,collaborator-sheet,
parcels,16,values:128101050,0,manual-repo-edit,AIN returned no data from county source
parcels,16,assignment:128101050,128101050,collaborator-sheet,
parcels,16,assignment:128101040,128101040,collaborator-sheet,
parcels,16,assignment:128101030,128101030,collaborator-sheet,
parcels,16,assignment:128101020,128101020,collaborator-sheet,
parcels,16,assignment:128101010,128101010,collaborator-sheet,
parcels,16,assignment:128102110,128102110,collaborator-sheet,
parcels,16,assignment:128102100,128102100,collaborator-sheet,
parcels,16,assignment:128102090,128102090,collaborator-sheet,
parcels,16,assignment:128102080,128102080,collaborator-sheet,
parcels,16,assignment:128102070,128102070,collaborator-sheet,
parcels,16,assignment:128102060,128102060,collaborator-sheet,
parcels,16,assignment:128102050,128102050,collaborator-sheet,
parcels,16,assignment:128102040,128102040,collaborator-sheet,
parcels,16,assignment:128102030,128102030,collaborator-sheet,
parcels,16,assignment:128102020,128102020,collaborator-sheet,
parcels,16,assignment:128102010,128102010,collaborator-sheet,
parcels,16,assignment:128102210,128102210,collaborator-sheet,
parcels,16,assignment:128102200,128102200,collaborator-sheet,
parcels,16,assignment:128102190,128102190,collaborator-sheet,
parcels,16,assignment:128102180,128102180,collaborator-sheet,
parcels,16,assignment:128102170,128102170,collaborator-sheet,
parcels,16,assignment:128102160,128102160,collaborator-sheet,
parcels,16,assignment:128102150,128102150,collaborator-sheet,
parcels,16,assignment:128102140,128102140,collaborator-sheet,
parcels,16,assignment:128102130,128102130,collaborator-sheet,
parcels,16,assignment:128102120,128102120,collaborator-sheet,
parcels,16,assignment:128103090,128103090,collaborator-sheet,
parcels,16,assignment:128103080,128103080,collaborator-sheet,
parcels,16,assignment:128103070,128103070,collaborator-sheet,
parcels,16,assignment:128103060,128103060,collaborator-sheet,
parcels,16,assignment:128103050,128103050,collaborator-sheet,
parcels,16,assignment:128103040,128103040,collaborator-sheet,
parcels,16,assignment:128103030,128103030,collaborator-sheet,
parcels,16,assignment:128103020,128103020,collaborator-sheet,
parcels,16,assignment:128103010,128103010,collaborator-sheet,
parcels,16,assignment:128103180,128103180,collaborator-sheet,
parcels,16,assignment:128103170,128103170,collaborator-sheet,
parcels,16,assignment:128103160,128103160,collaborator-sheet,
parcels,16,assignment:128103150,128103150,collaborator-sheet,
parcels,16,assignment:128103140,128103140,collaborator-sheet,
parcels,16,assignment:128103130,128103130,collaborator-sheet,
parcels,16,assignment:128103120,128103120,collaborator-sheet,
parcels,16,assignment:128103110,128103110,collaborator-sheet,
parcels,16,assignment:128103100,128103100,collaborator-sheet,
parcels,16,values:128105060,0,manual-repo-edit,AIN returned no data from county source
parcels,16,assignment:128105060,128105060,collaborator-sheet,
parcels,16,assignment:128105050,128105050,collaborator-sheet,
parcels,16,assignment:128105040,128105040,collaborator-sheet,
parcels,16,assignment:128105030,128105030,collaborator-sheet,
parcels,16,assignment:128105020,128105020,collaborator-sheet,
parcels,16,assignment:128105010,128105010,collaborator-sheet,
parcels,16,assignment:128104020,128104020,collaborator-sheet,
parcels,16,assignment:128104010,128104010,collaborator-sheet,
parcels,225,assignment:168150010,168150010,manual-repo-edit,
parcels,131,values:89082034000,10140095,collaborator-sheet,no automated source for county
parcels,131,assignment:89082034000,89082034000,collaborator-sheet,
parcels,230,assignment:2530007015,2530007015,script-situs-match (2026-08-21),situs-match
parcels,369,assignment:4441201300,4441201300,script-situs-match (2026-08-22),situs-match
parcels,369,assignment:4441201800,4441201800,script-situs-match (2026-08-22),situs-match
parcels,238,values:9917523,47387387,manual-repo-edit,no automated source for county
parcels,238,assignment:9917523,9917523,manual-repo-edit,
parcels,1,assignment:5136019023,5136019023,manual-repo-edit,
parcels,12,assignment:5402028022,5402028022,manual-repo-edit,
parcels,68,assignment:2764001012,2764001012,manual-repo-edit,
parcels,68,assignment:2764001014,2764001014,manual-repo-edit,
parcels,181,assignment:7157012023,7157012023,manual-repo-edit,
parcels,231,assignment:5501017045,5501017045,manual-repo-edit,
