input_address,normalized_address,geocode_status,geocode_score,geocode_address,lat,lon,parcel_count,primary_ain,primary_apn,error,row_id,orig_cand_parcelnumb_no_formatting,orig_query_Address,orig_cand_address,orig_cand_usecode,orig_cand_usedesc,orig_cand_zoning,orig_cand_zoning_description,orig_cand_numunits,orig_cand_parvaltype,orig_cand_parval,orig_exemption value,orig_cand_owner,orig_cand_mailadd,orig_cand_saddno,orig_cand_saddstr,orig_cand_county,orig_cand_gisacre,orig_cand_ll_gisacre,orig_query_Applicant / Entity,orig_query_Property Name,orig_query_City,orig_query_County,orig_query_Grant Description,orig_query_Resolution,orig_query_Date,orig_query_Investor 1,orig_query_Investor 2,orig_query_Nonprofit Partner,orig_query_Link,orig_query_New build?,orig_query_Acquisition Price (M),orig_query_Acquisition Date,orig_query_TOTAL UNITS,orig_query_Rent Restricted,orig_PERCENT AFFORDABLE,orig_ESTIMATED VALUE OF EXEMPTION IF IT GOES THROUGH,orig_query_Built,orig_query_HAVE RECIEVED WELFARE TAX EXEMPTION,orig_query_Leasing Link,orig_query_APN No. 1,orig_query_APN No. 2,orig_query_Unnamed: 22,orig_query_Property Taxes Link,orig_query_23 Ass. Value,orig_query_25 Ass. Value,orig_query_Unnamed: 26,orig_query_City's Cut,orig_query_ED 1?,orig_query_Last Tax Amt,orig_query_Last Tax Yr,orig_query_Current Amt,orig_query_Current Yr,orig_query_address_number
103 S EDGEMONT ST LOS ANGELES CA 90004-5551,"103 S EDGEMONT ST, LOS ANGELES, CA, 90004-5551",cached,99.3,"103 South Edgemont St, Los Angeles, CA, 90004",34.072686196121325,-118.29755471840579,1,5518013007,5518-013-007,,1,5518013007,103 S EDGEMONT STREET LOS ANGELES CA 90004,103 S EDGEMONT ST LOS ANGELES CA 90004-5551,500,Residential - Five or more apartments,R3-1,Multiple Residential,40.0,GROSS ASSESSED,"$10,674,504.00",,1641 ALEXANDRIA LLC AND,345 N MAPLE DR STE 135,103.0,EDGEMONT,los-angeles,,0.27005,103 S Edgemont LLLP,Edgemont Apartments,Los Angeles,Los Angeles,"Approve application for proposed grant up to $10,000",25-452,9/19/2025,K3 Holdings,,"Kingdom Development, Inc.",,NO,,,43.0,43.0,1.0,"$10,674,504.00",,,,,,,,,,,"$6,450",,,,,,103.0
1057 S WESTERN AVE LOS ANGELES CA 90006-2344,"1057 S WESTERN AVE, LOS ANGELES, CA, 90006-2344",cached,99.3,"1057 South Western Avenue, Los Angeles, CA, 90006",34.0517055264813,-118.30912808899627,1,5080006021,5080-006-021,,2,5080006008,1057 S WESTERN AVENUE LOS ANGELES CA,1057 S WESTERN AVE LOS ANGELES CA 90006-2344,500,Residential - Five or more apartments,C2-1,Commercial,76.0,GROSS ASSESSED,"$14,010,916.00",,WESTERN 19 LLC,345 N MAPLE DR STE 135,1057.0,WESTERN,los-angeles,,0.367,Western 19 LLLP,Western Apartments,Los Angeles,Los Angeles,"Grant up to $10,000",25-496,10/10/2025,K3 Holdings,,"Kingdom Development, Inc.",,NO,,,76.0,76.0,1.0,"$14,010,916.00",,,,,,,,,,,"$11,400",,,,,,1057.0
10705 AVALON BLVD LOS ANGELES CA 90061-2521,"10705 AVALON BLVD, LOS ANGELES, CA, 90061-2521",cached,99.3,"10705 Avalon Boulevard, Los Angeles, CA, 90061",33.93923229311051,-118.26523613261558,1,6063029020,6063-029-020,,3,6063029029,10705 AVALON BLVD LOS ANGELES CA,10705 AVALON BLVD LOS ANGELES CA 90061-2521,1100,Commercial - Stores,[Q]R4-1,Qualified Multiple Residential,0.0,GROSS ASSESSED,"$936,360.00",,BIF NON OZ 10705 AVALON BLVD LP,1000 E 60TH ST,10705.0,AVALON,los-angeles,,0.25721,"PS 10705 Avalon Blvd, LP",10705 Avalon Blvd Apartments,Los Angeles,Los Angeles,,,10/24/2025,California State Teachers’ Retirement System,,Housing on Merit,,YES,,,68.0,68.0,1.0,"$936,360.00",,,,,,,,,,,"$10,200",YES,,,,,10705.0
10811 COMPTON AVE LOS ANGELES CA 90059-1143,"10811 COMPTON AVE, LOS ANGELES, CA, 90059-1143",cached,99.3,"10811 Compton Avenue, Los Angeles, CA, 90059",33.937720075957444,-118.24633563064248,1,6070003008,6070-003-008,,4,6070003041,10811 S COMPTON AVENUE LOS ANGELES CA,10811 COMPTON AVE LOS ANGELES CA 90059-1143,,,C2-1VL-CPIO,Commercial Very Limited Height Community Plan Implementation Overlay,2.0,,,,,,10811.0,COMPTON,los-angeles,,0.16215,10811 S. Compton Ave Apartments,10811 S. Compton Ave Apartments,Los Angeles,Los Angeles,,,6/27/2025,"SoLa Impact, LLC",,Housing on Merit,,YES,,,29.0,28.0,0.9655172414,$0.00,,,,,,,,,,,"$4,200",,,,,,10811.0
10910 HUSTON ST NORTH HOLLYWOOD CA 91601-4618,"10910 HUSTON ST RTH, HOLLYWOOD, CA 91601-4618",cached,88.52,"10910 Huston St, North Hollywood, CA, 91601",34.159866647865464,-118.36835161789499,5,2421011010,2421-011-010,,5,2421011010,10910 HUSTON ST NORTH HOLLYWOOD CA 91601,10910 HUSTON ST NORTH HOLLYWOOD CA 91601-4618,100,Residential - Single,[Q]R3-1,Qualified Multiple Residential,1.0,GROSS ASSESSED,"$1,417,800.00",,10910 HUSTON LLC,7257 BEVERLY BLVD UNIT 212,10910.0,HUSTON,los-angeles,,0.1926,10910 Huston LP,Huston Affordable Housing Apartments,Los Angeles,Los Angeles,"Grant up to $10,000 (Charitable Affordable Housing)",25-353,8/8/2025,"Angeleno Investments, LP",,Las Palmas Housing & Development Corporation,,YES,,,38.0,37.0,0.9736842105,"$1,380,489.47",,,,,,,,,,,"$5,550",,,,,,10910.0
110 E IMPERIAL HWY LOS ANGELES CA 90061-2543,"110 E IMPERIAL HWY, LOS ANGELES, CA, 90061-2543",cached,90.17,"110 West Imperial Hwy, Los Angeles, CA, 90061",33.93096711142855,-118.27416384898552,1,6087001033,6087-001-033,,6,6083001009,110 IMPERIAL HIGHWAY LOS ANGELES CA,110 E IMPERIAL HWY LOS ANGELES CA 90061-2543,3100,Industrial - Lgt Manf.Sm. EQPT. Manuf Sm.Shps Instr.Manuf. Prnt Plnts,C2-2D-CPIO,Commercial 2 Development Limitations Community Plan Implementation Overlay,0.0,GROSS ASSESSED,"$429,364.00",,WASHINGTONLANIS E,110 E IMPERIAL HWY,110.0,IMPERIAL,los-angeles,,0.2368,"BIF NON OZ 2000 Imperial Hwy Blk, LP",2023 Imperial Apartments,Los Angeles,Los Angeles,"Grant up to $10,000",24-382,9/20/2024,"SoLa Impact, LLC",,Housing on Merit,,YES,,,90.0,71.0,0.7888888889,"$338,720.49",,,,,,,,,,,"$10,650",,,,,,110.0
1111 S NORTON AVE LOS ANGELES CA 90019-3363,"1111 S AVE RTON, LOS ANGELES, CA 90019-3363",cached,99.3,"1111 South Norton Avenue, Los Angeles, CA, 90019",34.05125711826504,-118.32209377673608,2,5081006013,5081-006-013,,8,5081006014,1111 S NORTON AVENUE LOS ANGELES CA 90019,1111 S NORTON AVE LOS ANGELES CA 90019-3363,500,Residential - Five or more apartments,R3-1-O-HPOZ,Multiple Residential Oil Drilling Historic Preservation Overlay Zone,20.0,GROSS ASSESSED,"$3,121,200.00",,1111 NORTON LLC,PO BOX 46342,1111.0,NORTON,los-angeles,,0.16144,1111 Norton LLLP,Norton Apartments,Los Angeles,Los Angeles,"Approve application for proposed grant up to $10,000",25-459,9/19/2025,K3 Holdings,,"Kingdom Development, Inc.",,NO,,,20.0,20.0,1.0,"$3,121,200.00",,,,,,,,,,,"$3,000",,,,,,1111.0
1136 S ALVARADO ST LOS ANGELES CA 90006-4138,"1136 S ALVARADO ST, LOS ANGELES, CA, 90006-4138",cached,99.3,"1136 South Alvarado St, Los Angeles, CA, 90006",34.049694700663416,-118.28107596093412,1,5136019025,5136-019-025,,9,5136019023,1136 S ALVARADO STREET LOS ANGELES CA,1136 S ALVARADO ST LOS ANGELES CA 90006-4138,2600,"Commercial - Auto, Recreation EQPT, Construction EQPT, Sales & Service",C2-1-HPOZ,Commercial Historic Preservation Overlay Zone,0.0,GROSS ASSESSED,"$1,019,592.00",,1132 ALVARADO LLC,1401 WESTWOOD BLVD STE 300,1136.0,ALVARADO,los-angeles,,0.21521,"Alvarado Affordable Associates, L.P.",Alvarado Streets Apartments,Los Angeles,Los Angeles,"Grant up to $10,000",23-204,07/14/23,Taylor Equities,,"Kingdom Development, Inc.",,,,,24.0,24.0,1.0,"$1,019,592.00",,YES,,,,,,,,,"$3,600",,,,,,1136.0
12300 SHERMAN WAY NORTH HOLLYWOOD CA 91605-5527,"12300 SHERMAN WAY RTH, HOLLYWOOD, CA 91605-5527",cached,88.52,"12300 Sherman Way, North Hollywood, CA, 91605",34.20114489081931,-118.4010816436351,1,2321001019,2321-001-019,,13,2321001019,12300 SHERMAN WAY NORTH HOLLYWOOD CA 91605,12300 SHERMAN WAY NORTH HOLLYWOOD CA 91605-5527,501,Residential - Five or more apartments,R3-1,Multiple Residential,236.0,GROSS ASSESSED,"$33,410,613.00",,POST MARQUEE NORTH HOLLYWOOD LP,8149 SANTA MONICA BLVD STE 298,12300.0,SHERMAN,los-angeles,,4.49406,"Post Marquee North Hollywood, LP",Marquee Apartments,Los Angeles,Los Angeles,"Grant up to $10,000",24-383,9/20/2024,Ascenda Capital,,Integrity Housing,,NO,,,236.0,236.0,1.0,"$33,410,613.00",1965,,,,,,,,,,"$35,400",,,,,,12300.0
130 S ALEXANDRIA AVE LOS ANGELES CA 90004-2791,"130 S ALEXANDRIA AVE, LOS ANGELES, CA, 90004-2791",cached,99.3,"130 South Alexandria Avenue, Los Angeles, CA, 90004",34.07227624636177,-118.29834567066719,2,5518013015,5518-013-015,,16,5518013024,130 S ALEXANDRIA AVENUE LOS ANGELES CA,130 S ALEXANDRIA AVE LOS ANGELES CA 90004-2791,500,Residential - Five or more apartments,R3-1,Multiple Residential,30.0,GROSS ASSESSED,"$13,742,642.00",,130 ALEXANDRIA LLC,11030 SANTA MONICA BLVD STE 300,130.0,ALEXANDRIA,los-angeles,,0.55033,130 Alexandria LLLP,Alexandria II Apartments,Los Angeles,Los Angeles,"Grant up to $10,000",25-487,10/10/2025,K3 Holdings,,"Kingdom Development, Inc.",,NO,,,30.0,30.0,1.0,"$13,742,642.00",,,,,,,,,,,"$4,500",,,,,,130.0
1422 6TH ST SANTA MONICA CA 90401-2542,"1422 6TH ST, SANTA MONICA, CA, 90401-2542",fetched,100.0,"1422 6th St, Santa Monica, CA, 90401",34.01760513868272,-118.49290487157573,1,4291019004,4291-019-004,,17,4291019006,1422-1428 6TH ST SANTA MONICA CA,1422 6TH ST SANTA MONICA CA 90401-2542,1210,Commercial - Store Combination,TA,Transit Adjacent,28.0,GROSS ASSESSED,"$5,022,833.00",,GC 1422 1428 6TH LP,3019 OCEAN PARK BLVD,1422.0,6TH,los-angeles,,0.17217,"GC 1422-1428 6th, LP",Santa Monica Portfolio A Apartments,Santa Monica,Los Angeles,"Grant up to $10,000",24-280,8/9/2024,Gortikov Capital,,"Kingdom Development, Inc.",https://www.1422on6th.com/,NO,"$17,170,000",09/12/2024,52.0,32.0,0.6153846154,"$3,090,974.15",1997,YES,,4291019006,4291019007,,,,,,"$4,800",,,,,,1422.0
1422 7TH ST SANTA MONICA CA 90401-2653,"1422 7TH ST, SANTA MONICA, CA, 90401-2653",fetched,100.0,"1422 7th St, Santa Monica, CA, 90401",34.018360810929046,-118.49198964144762,1,4291020029,4291-020-029,,18,4291020005,1422-1432 7TH SANTA MONICA CA,1422 7TH ST SANTA MONICA CA 90401-2653,500,Residential - Five or more apartments,NV,Neighborhood Village,28.0,GROSS ASSESSED,"$5,022,833.00",,GC 1422 1432 7TH LP,3019 OCEAN PARK BLVD STE 730,1422.0,7TH,los-angeles,,0.17165,"GC 1422-1432 7th, LP",Santa Monica Portfolio B Apartments,Santa Monica,Los Angeles,"Grant up to $10,000",24-281,8/9/2024,Gortikov Capital,,"Kingdom Development, Inc.",,,,,72.0,49.0,0.6805555556,"$3,418,316.90",,YES,,,,,,,,,"$7,350",,,,,,1422.0
1423 6TH ST SANTA MONICA CA 90401-2593,"1423 6TH ST, SANTA MONICA, CA, 90401-2593",fetched,100.0,"1423 6th St, Santa Monica, CA, 90401",34.01768021517493,-118.49280846431029,3,4291020020,4291-020-020,,19,4291020019,1423-1425 6TH SANTA MONICA CA,1423 6TH ST SANTA MONICA CA 90401-2593,500,Residential - Five or more apartments,NV,Neighborhood Village,24.0,GROSS ASSESSED,"$4,290,695.00",,GC 1423 1425 6TH LP,3019 OCEAN PARK BLVD STE 730,1423.0,6TH,los-angeles,,0.17268,"GC 1423-1425 6th, LP",Santa Monica Portfolio C Apartments,Santa Monica,Los Angeles,"Grant up to $10,000",24-282,8/9/2024,Gortikov Capital,,"Kingdom Development, Inc.",,,,,48.0,29.0,0.6041666667,"$2,592,294.90",,YES,,,,,,,,,"$4,350",,,,,,1423.0
1522 6TH ST SANTA MONICA CA 90401-2548,"1522 6TH ST, SANTA MONICA, CA, 90401-2548",fetched,100.0,"1522 6th St, Santa Monica, CA, 90401",34.016392453886034,-118.49152759260666,2,4291024001,4291-024-001,,20,4291024007,1522 6TH ST SANTA MONICA CA,1522 6TH ST SANTA MONICA CA 90401-2548,550,Residential - Five or more apartments,TA,Transit Adjacent,26.0,GROSS ASSESSED,"$4,530,218.00",,GC 1522 6TH LP,3019 OCEAN PARK BLVD STE 730,1522.0,6TH,los-angeles,,0.17185,"GC 1522 6th, LP",Santa Monica Portfolio D Apartments,Santa Monica,Los Angeles,"Grant up to $10,000",24-283,8/9/2024,Gortikov Capital,,"Kingdom Development, Inc.",,,,,26.0,25.0,0.9615384615,"$4,355,978.85",2004,YES,,4291024007,,,,"4,363,959","871,160",,"$3,750",,,,,,1522.0
1537 7TH ST SANTA MONICA CA 90401-2672,"1537 7TH ST, SANTA MONICA, CA, 90401-2672",fetched,100.0,"1537 7th St, Santa Monica, CA, 90401",34.01692523551779,-118.49011192797633,61,4291022030,4291-022-030,,21,4291022015,1537 7TH SANTA MONICA CA,1537 7TH ST SANTA MONICA CA 90401-2672,540,Residential - Five or more apartments,TA,Transit Adjacent,36.0,GROSS ASSESSED,"$4,620,825.00",,GC 1537 7TH LP,3019 OCEAN PARK BLVD STE 730,1537.0,7TH,los-angeles,,0.17212,"GC 1537 7th, LP",Santa Monica Portfolio E Apartments,Santa Monica,Los Angeles,"Grant up to $10,000",24-284,8/9/2024,Gortikov Capital,,"Kingdom Development, Inc.",,,"$5,390,000",9/12/2024,26.0,25.0,0.9615384615,"$4,443,100.96",,YES,,4291022015,,,,"4,469,095","532,780",,"$3,750",,,,,,1537.0
1734 S BARRINGTON AVE LOS ANGELES CA 90025-4010,"1734 S BARRINGTON AVE, LOS ANGELES, CA, 90025-4010",fetched,99.3,"1734 South Barrington Avenue, Los Angeles, CA, 90025",34.04092997073517,-118.45353582165963,8,4262018022,4262-018-022,,23,4262018026,1734 S BARRINGTON AVE LOS ANGELES CA 90025,1734 S BARRINGTON AVE LOS ANGELES CA 90025-4010,300,Residential - Three Units (Any Combination),[Q]RD1.5-1,Qualified Restricted Density Multiple Dwelling,3.0,GROSS ASSESSED,"$1,883,105.00",,PASSO BARRINGTON LP,121 S PALM DR APT 301,1734.0,BARRINGTON,los-angeles,,0.16967,"Passo Barrington, LP",Passo Barrington Apartments,Los Angeles,Los Angeles,"Grant up to $10,000 (Charitable Affordable Housing)",25-424,8/29/2025,Glimcher Capital Group,,Housing on Merit,,YES,,,53.0,53.0,1.0,"$1,883,105.00",,,,,,,,,,,"$7,800",YES,,,,,1734.0
1747 STONER AVE LOS ANGELES CA 90025-1812,"1747 STONER AVE, LOS ANGELES, CA, 90025-1812",fetched,99.3,"1747 Stoner Avenue, Los Angeles, CA, 90025",34.04013140158404,-118.45445227405436,18,4262016041,4262-016-041,,25,4262016011,1747 STONER AVENUE LOS ANGELES CA 90025,1747 STONER AVE LOS ANGELES CA 90025-1812,300,Residential - Three Units (Any Combination),[Q]R3-1,Qualified Multiple Residential,3.0,GROSS ASSESSED,"$2,175,258.00",,PASSO STONER LP,121 S PALM DR APT 301,1747.0,STONER,los-angeles,,0.16902,"Passo Stoner, LP",Passo Stoner Apartments,Los Angeles,Los Angeles,"Grant up to $10,000 (Charitable Affordable Housing)",25-427,8/29/2025,Glimcher Capital Group,,Housing on Merit,,YES,,,53.0,52.0,0.9811320755,"$2,134,215.40",,,,,,,,,,,"$7,800",,,,,,1747.0
18325 SATICOY ST RESEDA CA 91335-2965,"18325 SATICOY ST, RESEDA, CA, 91335-2965",fetched,100.0,"18325 Saticoy St, Reseda, CA, 91335",34.20844925773657,-118.53229995463215,2,2119001028,2119-001-028,,26,2119001222,18325 SATICOY ST RESEDA CA 91335,18325 SATICOY ST RESEDA CA 91335-2965,501,Residential - Five or more apartments,QR3-1,Qualified Multiple Residential,52.0,GROSS ASSESSED,"$16,626,000.00",,HACIENDA INVESTORS LP,15301 VENTURA BLVD STE 5B70,18325.0,SATICOY,los-angeles,,1.39432,Hacienda Investors LP,Windmere Court Apartments,Los Angeles,Los Angeles,"Grant up to $10,000",24-221,6/7/2024,GHC Housing Partners,,Foundation for Affordable Housing,,,06/13/2024,"$16,300,000",52.0,52.0,1.0,"$16,626,000.00",,,,2119001222,,,,"10,060,677",,,"$7,800",,,,,,18325.0
18337 KITTRIDGE ST RESEDA CA 91335-6108,"18337 KITTRIDGE ST, RESEDA, CA, 91335-6108",fetched,100.0,"18337 Kittridge St, Reseda, CA, 91335",34.19028804977441,-118.53235987265782,1,2125017016,2125-017-016,,27,2125017014,18337 KITTRIDGE ST RESEDA CA 91335,18337 KITTRIDGE ST RESEDA CA 91335-6108,100,Residential - Single,R3-1-RIO,Multiple Residential River Improvement Overlay,1.0,GROSS ASSESSED,"$943,500.00",,18337 KITTRIDGE LLC,8549 WILSHIRE BLVD PMB 3456,18337.0,KITTRIDGE,los-angeles,,0.21164,"18337 Kittridge, LP",Kittridge Affordable Housing Apartments,Los Angeles,Los Angeles,,,11/21/2025,"Angeleno Investments, LP",,Las Palmas Housing & Development Corporation,,YES,,,42.0,41.0,0.9761904762,"$921,035.71",,,,,,,,,,,"$6,150",,,,,,18337.0
18615 E ARROW HWY COVINA CA 91722-1828,"18615 E ARROW HWY, COVINA, CA, 91722-1828",fetched,100.0,"18615 East Arrow Hwy, Covina, CA, 91722",34.10683966650253,-117.88785083454444,1,8630009026,8630-009-026,,28,8630009026,18615 E ARROW HWY COVINA CA 91722,18615 E ARROW HWY COVINA CA 91722-1828,501,Residential - Five or more apartments,CAH,Corridor Arrow Highway,82.0,GROSS ASSESSED,"$21,864,168.00",,PACIFIC TRAILS LP,2566 OVERLAND AVE STE 700,18615.0,ARROW,los-angeles,,3.21037,"Pacific Trails, LP",Pacific Trails Apartments,Azusa,Los Angeles,"Grant up to $10,000 (Charitable Affordable Housing)",25-304,7/18/2025,Langdon Park Capital,,Housing on Merit,,NO,,,84.0,84.0,1.0,"$21,864,168.00",,,,,,,,,,,"$12,600",,,,,,18615.0
200 S KENMORE AVE LOS ANGELES CA 90004-5650,"200 S KENMORE AVE, LOS ANGELES, CA, 90004-5650",fetched,99.3,"200 South Kenmore Avenue, Los Angeles, CA, 90004",34.0711387733033,-118.29656437057868,2,5518020021,5518-020-021,,29,5518020021,200 S KENMORE AVENUE LOS ANGELES CA,200 S KENMORE AVE LOS ANGELES CA 90004-5650,500,Residential - Five or more apartments,R3-1,Multiple Residential,48.0,GROSS ASSESSED,"$9,200,673.00",,KENMORE II 20 LLC,345 N MAPLE DR STE 135,200.0,KENMORE,los-angeles,,0.19015,Kenmore II 20 LLLP,Kenmore II Apartments,Los Angeles,Los Angeles,"Grant up to $10,000",25-489,10/10/2025,K3 Holdings,,"Kingdom Development, Inc.",,NO,,,48.0,48.0,1.0,"$9,200,673.00",,,,,,,,,,,"$7,200",,,,,,200.0
2001 OLYMPIC BLVD SANTA MONICA CA 90404-3942,"2001 OLYMPIC BLVD, SANTA MONICA, CA, 90404-3942",fetched,100.0,"2001 Olympic Boulevard, Santa Monica, CA, 90404",34.02443332374291,-118.47498554195651,0,,,,30,4275024005,2001-2029 OLYMPIC BLVD SANTA MONICA,2001 OLYMPIC BLVD SANTA MONICA CA 90404-3942,500,Residential - Five or more apartments,IC,Industrial Conservation,100.0,GROSS ASSESSED,"$8,990,000.00",,GC 20012029 OLYMPIC LP,3019 OCEAN PARK BLVD STE 730,2001.0,OLYMPIC,los-angeles,,0.16334,"GC 2001-2029 Olympic, LP",Santa Monica Portfolio F Apartments,Santa Monica,Los Angeles,"Grant up to $10,000",24-285,8/9/2024,Gortikov Capital,,"Kingdom Development, Inc.",,,,,165.0,98.0,0.5939393939,"$5,339,515.15",2008,YES,,4275024005,"4275024007, 4275-024-011, 4275-024-016",,,,,,"$14,700",,,,,,2001.0
2025 E 4TH ST LOS ANGELES CA 90033-4364,"2025 E 4TH ST, LOS ANGELES, CA, 90033-4364",fetched,99.3,"2025 East 4th St, Los Angeles, CA, 90033",34.0427275205078,-118.21635748222593,1,5183012039,5183-012-039,,31,5183012030,2025 E 4TH STREET LOS ANGELES CA,2025 E 4TH ST LOS ANGELES CA 90033-4364,500,Residential - Five or more apartments,[Q]C2-1-CUGU,Qualified Commercial Clean Up Green Up Overlay,24.0,GROSS ASSESSED,"$4,166,030.00",,9040 HARRATT LLC AND,345 N MAPLE DR STE 135,2025.0,4TH,los-angeles,,0.15456,2025 E 4th Street LLLP,4th Street Apartments,Los Angeles,Los Angeles,"Approve application for proposed grant up to $10,000",25-448,9/19/2025,K3 Holdings,,"Kingdom Development, Inc.",,NO,,,25.0,25.0,1.0,"$4,166,030.00",,,,,,,,,,,"$3,750",,,,,,2025.0
2025 NEW JERSEY ST LOS ANGELES CA 90033-2883,"2025 NEW JERSEY ST, LOS ANGELES, CA, 90033-2883",fetched,99.3,"2025 New Jersey St, Los Angeles, CA, 90033",34.048021908625216,-118.21293494737101,2,5183001023,5183-001-023,,32,5183001017,2025 NEW JERSEY ST LOS ANGELES CA,2025 NEW JERSEY ST LOS ANGELES CA 90033-2883,050V,Residential - Five or more apartments,[Q]R4-1-CUGU,Qualified Multiple Residential Clean Up Green Up Overlay,0.0,GROSS ASSESSED,"$527,950.00",,2025 NJ LP,269 S BEVERLY DR PMB 182,2025.0,NEW JERSEY,los-angeles,,0.13646,"2025 NJ, LP",2025 New Jersey Apartments,Los Angeles,Los Angeles,"Grant up to $10,000",23-203,08/04/23,"Eleos Ventures, LLC",,Step Forward Communities,,,,,15.0,14.0,0.9333333333,"$492,753.33",2023,,,5183001017,,,,,,,"$2,250",,,,,,2025.0
207 N OXFORD AVE LOS ANGELES CA 90004-4230,"207 N OXFORD AVE, LOS ANGELES, CA, 90004-4230",fetched,99.3,"207 North Oxford Avenue, Los Angeles, CA, 90004",34.07506409787444,-118.30801062920266,2,5517005012,5517-005-012,,33,5517005016,207 S OXFORD AVENUE LOS ANGELES CA,207 N OXFORD AVE LOS ANGELES CA 90004-4230,500,Residential - Five or more apartments,R4-1,Multiple Residential,32.0,GROSS ASSESSED,"$6,452,506.00",,OXFORD 20 LLC,345 N MAPLE DR STE 135,207.0,OXFORD,los-angeles,,0.16373,Oxford 20 LLLP,Oxford II Apartments,Los Angeles,Los Angeles,"Grant up to $10,000",25-495,10/10/2025,K3 Holdings,,"Kingdom Development, Inc.",,NO,,,32.0,32.0,1.0,"$6,452,506.00",,,,,,,,,,,"$4,800",,,,,,207.0
209 S WESTMORELAND AVE LOS ANGELES CA 90004-6109,"209 S WESTMORELAND AVE, LOS ANGELES, CA, 90004-6109",fetched,99.3,"209 South Westmoreland Avenue, Los Angeles, CA, 90004",34.07027893552326,-118.28797755184333,1,5501013028,5501-013-028,,34,5501013028,209 WESTMORELAND AVE LOS ANGELES CA 90004,209 S WESTMORELAND AVE LOS ANGELES CA 90004-6109,501,Residential - Five or more apartments,R4-1,Multiple Residential,687.0,GROSS ASSESSED,"$129,082,596.00",,KW WESTMORELAND TIC LLC AND,151 EL CAMINO DR,209.0,WESTMORELAND,los-angeles,,8.42745,"Chadwick Owner, LP",Chadwick Apartments,Los Angeles,Los Angeles,"Grant up to $10,000 (Charitable Affordable Housing)",25-290,6/27/2025,Vintage Housing Holdings,Kennedy Wilson,"Pacific Housing, Inc",,NO,,,687.0,687.0,1.0,"$129,082,596.00",,,,,,,,,,,"$74,025",,,,,,209.0
228 N SOTO ST LOS ANGELES CA 90033-2915,"228 N SOTO ST, LOS ANGELES, CA, 90033-2915",fetched,99.3,"228 North Soto St, Los Angeles, CA, 90033",34.04569285019092,-118.2084317769402,2,5180001004,5180-001-004,,36,5180001013,228 N SOTO STREET LOS ANGELES CA,228 N SOTO ST LOS ANGELES CA 90033-2915,010V,Residential - Single,R4-1-CUGU,Multiple Residential Clean Up Green Up Overlay,0.0,GROSS ASSESSED,"$2,509,100.00",,EV 228 SOTO LLC,269 S BEVERLY DR PMB 182,228.0,SOTO,los-angeles,,0.19646,"EV 228 Soto, LP, a California limited partnership",Soto Apartments,Los Angeles,Los Angeles,"Grant up to $10,000",24-413,10/11/2024,"Eleos Ventures, LLC",,Step Forward Comminities,,YES,,,41.0,40.0,0.9756097561,"$2,447,902.44",,,,,,,,,,,"$6,000",,,,,,228.0
2330 E 3RD ST LOS ANGELES CA 90033-4012,"2330 E 3RD ST, LOS ANGELES, CA, 90033-4012",fetched,99.3,"2330 East 3rd St, Los Angeles, CA, 90033",34.04184016227193,-118.21208630752189,2,5183013010,5183-013-010,,37,5183013023,2330 E 3RD STREET LOS ANGELES CA,2330 E 3RD ST LOS ANGELES CA 90033-4012,,,RD1.5-1-CUGU,Restricted Density Multiple Dwelling Clean Up Green Up Overlay,,,,,,,2330.0,3RD,los-angeles,,0.19687,2330 3rd Street Apartments L.P.,2330 E. 3rd Street Apartments,Los Angeles,Los Angeles,"Grant up to $10,000",24-363,8/30/2024,Terra Capital Development Group LLC,,Pacific Housing,,YES,,,53.0,53.0,1.0,$0.00,,,,,,,,,,,"$7,950",,,,,,2330.0
236 N BERENDO ST LOS ANGELES CA 90004-4704,"236 N BERENDO ST, LOS ANGELES, CA, 90004-4704",fetched,99.3,"236 North Berendo St, Los Angeles, CA, 90004",34.075177556646366,-118.29412141517709,2,5518026006,5518-026-006,,39,5518026004,236 N BERENDO STREET LOS ANGELES CA,236 N BERENDO ST LOS ANGELES CA 90004-4704,100,Residential - Single,R3-1,Multiple Residential,1.0,GROSS ASSESSED,"$1,387,200.00",,236 BERENDO HOLDINGS OZ LP,430 S GARFIELD AVE STE 316,236.0,BERENDO,los-angeles,,0.17229,236 Berendo Holdings OZ LP,236 Berendo Apartments,Los Angeles,Los Angeles,"Grant up to $10,000",25-510,10/24/2025,Terra Capital Development Group LLC,,"Pacific Housing, Inc.",,YES,,,52.0,52.0,1.0,"$1,387,200.00",,,,,,,,,,,"$7,800",,,,,,236.0
247 S ALEXANDRIA AVE LOS ANGELES CA 90004-5549,"247 S ALEXANDRIA AVE, LOS ANGELES, CA, 90004-5549",fetched,99.3,"247 South Alexandria Avenue, Los Angeles, CA, 90004",34.070178204678705,-118.29796727658947,2,5518008007,5518-008-007,,42,5518008009,247 S ALEXANDRIA AVENUE LOS ANGELES CA,247 S ALEXANDRIA AVE LOS ANGELES CA 90004-5549,500,Residential - Five or more apartments,R4-1,Multiple Residential,27.0,GROSS ASSESSED,"$4,457,073.00",,247 S ALEXANDRIA LLC,PO BOX 46342,247.0,ALEXANDRIA,los-angeles,,0.16661,247 S Alexandria LLLP,Alexandria I Apartments,Los Angeles,Los Angeles,"Approve application for proposed grant up to $10,000",25-449,9/19/2025,K3 Holdings,,"Kingdom Development, Inc.",,NO,,,27.0,27.0,1.0,"$4,457,073.00",,,,,,,,,,,"$4,050",,,,,,247.0
260 S MARIPOSA AVE LOS ANGELES CA 90004-5470,"260 S MARIPOSA AVE, LOS ANGELES, CA, 90004-5470",fetched,99.3,"260 South Mariposa Avenue, Los Angeles, CA, 90004",34.06988595984923,-118.29907208399496,2,5518008015,5518-008-015,,43,5518008014,260 S MARIPOSA AVENUE LOS ANGELES CA,260 S MARIPOSA AVE LOS ANGELES CA 90004-5470,500,Residential - Five or more apartments,R4-1,Multiple Residential,40.0,GROSS ASSESSED,"$8,388,848.00",,260 S MARIPOSA LLC,PO BOX 46342,260.0,MARIPOSA,los-angeles,,0.17151,260 S Mariposa LLLP,Mariposa II Apartments,Los Angeles,Los Angeles,"Approve application for proposed grant up to $10,000",25-457,9/19/2025,K3 Holdings,,"Kingdom Development, Inc.",,NO,,,40.0,40.0,1.0,"$8,388,848.00",,,,,,,,,,,"$6,000",,,,,,260.0
333 DOUGLAS ST LOS ANGELES CA 90026-5632,"333 DOUGLAS ST, LOS ANGELES, CA, 90026-5632",fetched,99.3,"333 Douglas St, Los Angeles, CA, 90026",34.065643289519805,-118.25773958741146,3,5160009019,5160-009-019,,47,5160009020,333 DOUGLAS ST LOS ANGELES CA,333 DOUGLAS ST LOS ANGELES CA 90026-5632,100,Residential - Single,CW,Central City West Specific Plan,1.0,GROSS ASSESSED,"$1,144,440.00",,CAR VORTEX LLC,3300 NORTHSIDE PKWY NW,333.0,DOUGLAS,los-angeles,,0.12855,"333 Douglas Street, LP, a California limited partnership",333 Douglas Apartments,Los Angeles,Los Angeles,"Grant up to $10,000 (Charitable Affordable Housing)",25-080,2/21/2025,Visionary Development Enterprises LLC,,Housing on Merit,,,,,33.0,32.0,0.9696969697,"$1,109,760.00",,,,,,,,,,,"$4,800",,,,,,333.0
3715 W 1ST ST LOS ANGELES CA 90004-5848,"3715 W 1ST ST, LOS ANGELES, CA, 90004-5848",fetched,99.3,"3715 West 1st St, Los Angeles, CA, 90004",34.07278597463621,-118.29332998977983,1,5518027011,5518-027-011,,50,5518027010,3715 W 1ST STREET LOS ANGELES CA,3715 W 1ST ST LOS ANGELES CA 90004-5848,550,Residential - Five or more apartments,R3-1,Multiple Residential,55.0,GROSS ASSESSED,"$11,906,753.00",,3715 W 1ST STREET LLC,PO BOX 46342,3715.0,1ST,los-angeles,,0.25832,3715 W 1st Street LLLP,Seven Lions Apartments,Los Angeles,Los Angeles,"Approve application for proposed grant up to $10,000",25-462,9/19/2025,K3 Holdings,,"Kingdom Development, Inc.",,NO,,,55.0,55.0,1.0,"$11,906,753.00",,,,,,,,,,,"$8,250",,,,,,3715.0
38441 5TH ST W PALMDALE CA 93551-4262,"38441 5TH ST W, PALMDALE, CA, 93551-4262",fetched,100.0,"38441 5th St West, Palmdale, CA, 93551",34.58270790146418,-118.13860438906481,1,3004004037,3004-004-037,,54,3004004033,38441 5TH ST W PALMDALE CA 93551,38441 5TH ST W PALMDALE CA 93551-4262,501,Residential - Five or more apartments,RN-2,Residential Neighborhood 2,296.0,GROSS ASSESSED,"$14,702,565.00",,PALM CHAPARRAL APARTMENTS LLC,8149 SANTA MONICA BLVD PMB 298,38441.0,5TH,los-angeles,,18.7347,"Post Chaparral, LP",Chaparral Apartments,Palmdale,Los Angeles,"Grant up to $10,000",24-473,12/13/2024,Post Investment Group,,Integrity Housing,,NO,,,296.0,296.0,1.0,"$14,702,565.00",,YES,,,,,,,,,"$44,400",,,,,,38441.0
4101 SOMERSET DR LOS ANGELES CA 90008-3465,"4101 SOMERSET DR, LOS ANGELES, CA, 90008-3465",fetched,99.3,"4101 Somerset Drive, Los Angeles, CA, 90008",34.01156046568837,-118.341299779404,1,5032015003,5032-015-003,,56,5032015003,4101 SOMERSET DRIVE LOS ANGELES CA,4101 SOMERSET DR LOS ANGELES CA 90008-3465,500,Residential - Five or more apartments,C2-1-SP,Commercial Specific Plan,4.0,GROSS ASSESSED,"$3,451,872.00",,3 SIOF 4101 SOMERSET DR LLC,8629 S VERMONT AVE,4101.0,SOMERSET,los-angeles,,0.21107,"6 SIOF 4101 Somerset Dr, LP",4101 Somerset Dr. Apartments,Los Angeles,Los Angeles,"Grant up to $10,000 (Charitable Affordable Housing)",25-282,6/27/2025,"SoLa Impact, LLC",,Housing on Merit,,YES,,,36.0,35.0,0.9722222222,"$3,355,986.67",,,,,,,,,,,"$5,250",,,,,,4101.0
4129 S CENTINELA AVE LOS ANGELES CA 90066-4908,"4129 S CENTINELA AVE, LOS ANGELES, CA, 90066-4908",fetched,99.3,"4129 South Centinela Avenue, Los Angeles, CA, 90066",33.99648891965263,-118.42800248296385,3,4231018017,4231-018-017,,57,4231018020,4129 CENTINELA AVENUE LOS ANGELES CA 90066,4129 S CENTINELA AVE LOS ANGELES CA 90066-4908,1100,Commercial - Stores,C2-1,Commercial,0.0,GROSS ASSESSED,"$1,630,000.00",,PASSO CENTINELA LP,121 S PALM DR APT 301,4129.0,CENTINELA,los-angeles,,0.11423,"Passo Centinela, LP",Passo Centinela I Apartments,Los Angeles,Los Angeles,"Grant up to $10,000 (Charitable Affordable Housing)",25-425,8/29/2025,Glimcher Capital Group,,Housing on Merit,,YES,,,72.0,71.0,0.9861111111,"$1,607,361.11",,,,,,,,,,,"$10,650",,,,,,4129.0
4209 S WESTERN AVE LOS ANGELES CA 90062-1643,"4209 S WESTERN AVE, LOS ANGELES, CA, 90062-1643",fetched,99.3,"4209 South Western Avenue, Los Angeles, CA, 90062",34.00701158921621,-118.30899216130119,2,5021028002,5021-028-002,,58,5021028002,4209 S WESTERN AVE LOS ANGELES CA 90062,4209 S WESTERN AVE LOS ANGELES CA 90062-1643,1210,Commercial - Store Combination,C2-1VL-CPIO,Commercial Very Limited Height Community Plan Implementation Overlay,25.0,GROSS ASSESSED,"$10,924,200.00",,BIF NON OZ 4209 WESTERN AVE LP,1000 E 60TH ST,4209.0,WESTERN,los-angeles,,0.14935,"BIF NON OZ 4209 WESTERN AVE, LP",4209 Western Avenue Apartments,Los Angeles,Los Angeles,"Grant up to $10,000",24-253,7/19/2024,"SoLa Impact, LLC",,Housing on Merit,,,,,25.0,24.0,0.96,"$10,487,232.00",,,,,,,,,,,"$3,600",,,,,,4209.0
4228 S WESTERN AVE LOS ANGELES CA 90062-1642,"4228 S WESTERN AVE, LOS ANGELES, CA, 90062-1642",fetched,99.3,"4228 South Western Avenue, Los Angeles, CA, 90062",34.006356305210325,-118.3088601857446,1,5021009036,5021-009-036,,59,5021009036,4228 WESTERN AVENUE LOS ANGELES CA,4228 S WESTERN AVE LOS ANGELES CA 90062-1642,1100,Commercial - Stores,C2-1VL-CPIO,Commercial Very Limited Height Community Plan Implementation Overlay,0.0,GROSS ASSESSED,"$17,790,840.00",,BIF NON 4228 WESTERN AVE LP,1000 E 60TH ST,4228.0,WESTERN,los-angeles,,0.3961,"BIF NON OZ 4228 WESTERN AVE, LP",4228 Western Ave. Apartments,Los Angeles,Los Angeles,"Grant up to $10,000",24-380,9/20/2024,"SoLa Impact, LLC",,Housing on Merit,,YES,,,68.0,14.0,0.2058823529,"$3,662,820.00",,,,,,,,,,,"$2,500",,,,,,4228.0
4228 S WESTERN AVE LOS ANGELES CA 90062-1642,"4228 S WESTERN AVE, LOS ANGELES, CA, 90062-1642",cached,99.3,"4228 South Western Avenue, Los Angeles, CA, 90062",34.006356305210325,-118.3088601857446,1,5021009036,5021-009-036,,60,5021009036,4228 WESTERN AVENUE LOS ANGELES CA,4228 S WESTERN AVE LOS ANGELES CA 90062-1642,1100,Commercial - Stores,C2-1VL-CPIO,Commercial Very Limited Height Community Plan Implementation Overlay,0.0,GROSS ASSESSED,"$17,790,840.00",,BIF NON 4228 WESTERN AVE LP,1000 E 60TH ST,4228.0,WESTERN,los-angeles,,0.3961,"PS 4228 Western Ave, LP, a Delaware limited partnership",4228 Western Apartments,Los Angeles,Los Angeles,"Grant up to $10,000",25-511,10/24/2025,California State Teachers’ Retirement System,,Housing on Merit,,YES,,,68.0,14.0,0.2058823529,"$3,662,820.00",,,,,,,,,,,"$2,500",,,,,,4228.0
4252 S CRENSHAW BLVD LOS ANGELES CA 90008-2553,"4252 S CRENSHAW BLVD, LOS ANGELES, CA, 90008-2553",fetched,90.17,"4252 Crenshaw Boulevard, Los Angeles, CA, 90008",34.00650232776385,-118.33449414527936,1,5024017036,5024-017-036,,61,5024017036,4252 S CRENSHAW BLVD LOS ANGELES CA 90008,4252 S CRENSHAW BLVD LOS ANGELES CA 90008-2553,504,Residential - Five or more apartments,C1.5-1-SP,Limited Commercial Specific Plan,111.0,GROSS ASSESSED,"$26,914,860.00",,4252 CRENSHAW JV LLC,17141 VENTURA BLVD STE 214,4252.0,CRENSHAW,los-angeles,,0.51471,4252 Crenshaw LP,4252 Crenshaw Apartments,Los Angeles,Los Angeles,"Grant up to $10,000",24-199,05/17/2024,Thrive Living,Magnum Real Estate Group,"Kingdom Development, Inc.",,,,,111.0,111.0,1.0,"$26,914,860.00",2020,YES,,5024017036,,,,"25,869,724",0,,"$16,650",,319424,2023.0,"10,883.27",2023.0,4252.0
426 S MANHATTAN PL LOS ANGELES CA 90020-4140,"426 S MANHATTAN PL, LOS ANGELES, CA, 90020-4140",fetched,99.3,"426 South Manhattan Place, Los Angeles, CA, 90020",34.066639402703004,-118.31029791370926,2,5503015017,5503-015-017,,62,5503015016,426 S MANHATTAN PLACE LOS ANGELES CA,426 S MANHATTAN PL LOS ANGELES CA 90020-4140,500,Residential - Five or more apartments,R4-1,Multiple Residential,40.0,GROSS ASSESSED,"$6,897,851.00",,426 MANHATTAN LLC,PO BOX 46342,426.0,MANHATTAN,los-angeles,,0.19843,426 Manhattan LLLP,Manhattan III Apartments,Los Angeles,Los Angeles,"Approve application for proposed grant up to $10,000",25-456,9/19/2025,K3 Holdings,,"Kingdom Development, Inc.",,NO,,,40.0,40.0,1.0,"$6,897,851.00",,,,,,,,,,,"$6,000",,,,,,426.0
441 W 3RD ST SAN PEDRO CA 90731-2650,"441 W 3RD ST, SAN PEDRO, CA, 90731-2650",fetched,100.0,"441 West 3rd St, San Pedro, CA, 90731",33.74142279963685,-118.28660731582497,2,7455002022,7455-002-022,,63,7455002027,441 W 3RD ST SAN PEDRO CA 90731,441 W 3RD ST SAN PEDRO CA 90731-2650,500,Residential - Five or more apartments,C2-2D-CPIO,Commercial 2 Development Limitations Community Plan Implementation Overlay,93.0,GROSS ASSESSED,"$23,202,793.00",,POST HARBOR TERRACE LP,8149 SANTA MONICA BLVD STE 298,441.0,3RD,los-angeles,,1.01174,"Post Harbor Terrace, LP",Harbor Terrace Apartments,Los Angeles,Los Angeles,"Grant up to $10,000",24-286,8/9/2024,Ascenda Capital,,Integrity Housing,,,,,93.0,93.0,1.0,"$23,202,793.00",1987,YES,,,,,,,,,"$13,950",,,,,,441.0
454 S CATALINA ST LOS ANGELES CA 90020-2476,"454 S CATALINA ST, LOS ANGELES, CA, 90020-2476",fetched,99.3,"454 South Catalina St, Los Angeles, CA, 90020",34.06623199605604,-118.29534988153684,1,5502011020,5502-011-020,,65,5502011009,454 S CATALINA STREET LOS ANGELES CA,454 S CATALINA ST LOS ANGELES CA 90020-2476,500,Residential - Five or more apartments,R4-1,Multiple Residential,48.0,GROSS ASSESSED,"$7,490,880.00",,454 CATALINA LLC,PO BOX 46342,454.0,CATALINA,los-angeles,,0.21396,454 Catalina LLLP,Catalina Apartments,Los Angeles,Los Angeles,"Approve application for proposed grant up to $10,000",25-451,9/19/2025,K3 Holdings,,"Kingdom Development, Inc.",,NO,,,48.0,48.0,1.0,"$7,490,880.00",,,,,,,,,,,"$7,200",,,,,,454.0
4706 S CENTINELA AVE LOS ANGELES CA 90066-6818,"4706 S CENTINELA AVE, LOS ANGELES, CA, 90066-6818",fetched,99.3,"4706 South Centinela Avenue, Los Angeles, CA, 90066",33.99026215699727,-118.41987321426842,1,4221007056,4221-007-056,,66,4221007056,4706 CENTINELA AVENUE LOS ANGELES CA 90066,4706 S CENTINELA AVE LOS ANGELES CA 90066-6818,500,Residential - Five or more apartments,R3-1,Multiple Residential,0.0,GROSS ASSESSED,"$2,190,000.00",,PASSO CENTINELA 2 LP,121 S PALM DR UNIT 301,4706.0,CENTINELA,los-angeles,,0.21881,"Passo Centinela 2, LP",Passo Centinela II Apartments,Los Angeles,Los Angeles,"Grant up to $10,000 (Charitable Affordable Housing)",25-426,8/29/2025,Glimcher Capital Group,,Housing on Merit,,YES,,,73.0,72.0,0.9863013699,"$2,160,000.00",,,,,,,,,,,"$10,800",,,,,,4706.0
515 S ST ANDREWS PL LOS ANGELES CA 90020-4470,"515 S ST ANDREWS PL, LOS ANGELES, CA, 90020-4470",fetched,99.3,"515 South Saint Andrews Place, Los Angeles, CA, 90020",34.065032640795756,-118.3116620762509,2,5504029006,5504-029-006,,68,5504029006,515 S ST ANDREWS PLACE LOS ANGELES CA 90020,515 S ST ANDREWS PL LOS ANGELES CA 90020-4470,501,Residential - Five or more apartments,R4-2,Multiple Residential,40.0,GROSS ASSESSED,"$10,012,496.00",,515 S ST ANDREWS LLC,PO BOX 46392,515.0,ST ANDREWS,los-angeles,,0.62033,515 S St. Andrews LLLP,St. Andrews I Apartments,Los Angeles,Los Angeles,"Approve application for proposed grant up to $10,000",25-463,9/19/2025,K3 Holdings,,"Kingdom Development, Inc.",,NO,,,40.0,40.0,1.0,"$10,012,496.00",,,,,,,,,,,"$6,000",,,,,,515.0
516 S ST ANDREWS PL LOS ANGELES CA 90020-4462,"516 S ST ANDREWS PL, LOS ANGELES, CA, 90020-4462",fetched,99.3,"516 South Saint Andrews Place, Los Angeles, CA, 90020",34.064998310873506,-118.31152987086537,1,5503017019,5503-017-019,,70,5503017013,516 S ST ANDREWS PLACE LOS ANGELES CA 90020,516 S ST ANDREWS PL LOS ANGELES CA 90020-4462,556,Residential - Five or more apartments,R4-2,Multiple Residential,59.0,GROSS ASSESSED,"$14,209,574.00",,516 ST ANDREWS LLC,PO BOX 46342,516.0,ST ANDREWS,los-angeles,,0.20688,516 St. Andrews LLLP,St. Andrews II Apartments,Los Angeles,Los Angeles,"Approve application for proposed grant up to $10,000",25-464,9/19/2025,K3 Holdings,,"Kingdom Development, Inc.",,NO,,,59.0,59.0,1.0,"$14,209,574.00",,,,,,,,,,,"$8,850",,,,,,516.0
520 S MARIPOSA AVE LOS ANGELES CA 90020-2859,"520 S MARIPOSA AVE, LOS ANGELES, CA, 90020-2859",fetched,99.3,"520 South Mariposa Avenue, Los Angeles, CA, 90020",34.064991326454184,-118.29914703455186,1,5502019007,5502-019-007,,71,5502019004,520 S MARIPOSA AVENUE LOS ANGELES CA,520 S MARIPOSA AVE LOS ANGELES CA 90020-2859,500,Residential - Five or more apartments,R4-2,Multiple Residential,48.0,GROSS ASSESSED,"$11,471,658.00",,520 MARIPOSA LLC,PO BOX 46342,520.0,MARIPOSA,los-angeles,,0.20657,520 Mariposa LLLP,Mariposa IV Apartments,Los Angeles,Los Angeles,"Grant up to $10,000",25-494,10/10/2025,K3 Holdings,,"Kingdom Development, Inc.",,NO,,,48.0,48.0,1.0,"$11,471,658.00",,,,,,,,,,,"$7,200",,,,,,520.0
530 S KINGSLEY DR LOS ANGELES CA 90020-3541,"530 S KINGSLEY DR, LOS ANGELES, CA, 90020-3541",fetched,99.3,"530 South Kingsley Drive, Los Angeles, CA, 90020",34.06479544073394,-118.3027981356354,26,5503024197,5503-024-197,,72,5503024012,530 KINGSLEY DRIVE LOS ANGELES CA,530 S KINGSLEY DR LOS ANGELES CA 90020-3541,500,Residential - Five or more apartments,R4-2,Multiple Residential,44.0,GROSS ASSESSED,"$10,516,571.00",,530 KINGSLEY LLC,PO BOX 46342,530.0,KINGSLEY,los-angeles,,0.21095,530 Kingsley LLLP,Kingsley Apartments,Los Angeles,Los Angeles,"Grant up to $10,000",25-491,10/10/2025,K3 Holdings,,"Kingdom Development, Inc.",,NO,,,45.0,45.0,1.0,"$10,516,571.00",,,,,,,,,,,"$6,750",,,,,,530.0
601 E 8TH ST AZUSA CA 91702-2546,"601 E 8TH ST, AZUSA, CA, 91702-2546",fetched,100.0,"601 East 8th St, Azusa, CA, 91702",34.13543005330856,-117.90073651832634,1,8608030071,8608-030-071,,75,8608030071,601 E 8TH ST AZUSA CA 91702,601 E 8TH ST AZUSA CA 91702-2546,501,Residential - Five or more apartments,MOD,Moderate Density Residential,112.0,GROSS ASSESSED,"$13,224,803.00",,CHOEKAE SOON TR K S CHOE TR,3785 WILSHIRE BLVD # 1811,601.0,8TH,los-angeles,,4.33207,"Azusa Gardens Owner, LP",Azusa Gardens Apartments,Azusa,Los Angeles,"Grant up to $10,000 (Charitable Affordable Housing)",25-347,8/8/2025,TriWest Multifamily,,"Kingdom Development, Inc.",,NO,,,112.0,112.0,1.0,"$13,224,803.00",,,,,,,,,,,"$16,800",,,,,,601.0
6200 S BROADWAY LOS ANGELES CA 90003-1430,"6200 S BROADWAY, LOS ANGELES, CA, 90003-1430",fetched,99.3,"6200 South Broadway, Los Angeles, CA, 90003",33.98326990002591,-118.27824322132754,0,,,,78,6005021032,6200 S BROADWAY LOS ANGELES CA,6200 S BROADWAY LOS ANGELES CA 90003-1430,100V,Commercial - Commercial,C2-1VL-CPIO,Commercial Very Limited Height Community Plan Implementation Overlay,1.0,GROSS ASSESSED,"$1,326,510.00",,BIF NON OZ 6200 BROADWAY BLK LP,1000 E 60TH ST,6200.0,BROADWAY,los-angeles,,0.25488,"BIF NON OZ 6200 BROADWAY BLK, LP",6200 S. Broadway Apartments,Los Angeles,Los Angeles,"Grant up to $10,000",24-379,9/20/2024,"SoLa Impact, LLC",,Housing on Merit,,YES,,,66.0,51.0,0.7727272727,"$1,025,030.45",,,,,,,,,,,"$7,950",,,,,,6200.0
6401 AVALON BLVD LOS ANGELES CA 90003-1661,"6401 AVALON BLVD, LOS ANGELES, CA, 90003-1661",fetched,99.3,"6401 Avalon Boulevard, Los Angeles, CA, 90003",33.98151953817749,-118.26525212804002,1,6006018001,6006-018-001,,79,6006018001,6401 S AVALON BLVD LOS ANGELES CA,6401 AVALON BLVD LOS ANGELES CA 90003-1661,100V,Commercial - Commercial,C2-1VL-CPIO,Commercial Very Limited Height Community Plan Implementation Overlay,0.0,GROSS ASSESSED,"$426,520.00",,6 SIOF 6401 S AVALON BLVD LLC,8629 S VERMONT AVE,6401.0,AVALON,los-angeles,,0.16385,"6 SIOF 6401 S Avalon Blvd, LP",6401 S. Avalon Blvd. Apartments,Los Angeles,Los Angeles,"Grant up to $10,000 (Charitable Affordable Housing)",25-285,6/27/2025,"SoLa Impact, LLC",,Housing on Merit,,YES,,,28.0,27.0,0.9642857143,"$411,287.14",,,,,,,,,,,"$4,050",,,,,,6401.0
6762 HAWTHORN AVE LOS ANGELES CA 90028-2800,"6762 HAWTHORN AVE, LOS ANGELES, CA, 90028-2800",fetched,99.3,"6762 Hawthorn Avenue, Los Angeles, CA, 90028",34.10060042337355,-118.33805461767928,2,5547012009,5547-012-009,,81,5547013021,6762 HAWTHORN AVE LOS ANGELES CA 90028,6762 HAWTHORN AVE LOS ANGELES CA 90028-2800,500,Residential - Five or more apartments,C4-2D,Commercial 2 Development Limitations,69.0,GROSS ASSESSED,"$8,706,757.00",,OODB2 LLC,9049 20TH AVE SW,6762.0,HAWTHORN,los-angeles,,0.17031,"OODB2, LP",Premiere Hollywood Apartments,Los Angeles,Los Angeles,"Grant up to $10,000",24-178,04/26/2024,Housing Diversity Corporation,,PEP Housing,,,,,69.0,69.0,1.0,"$8,706,757.00",2023,,,5547013021,,,,"8,368,664",,,"$10,350",,,,,,6762.0
685 W 4TH ST LOS ANGELES CA 90731,"685 W 4TH ST, LOS ANGELES, CA, 90731",fetched,100.0,"685 West 4th St, Los Angeles, CA, 90731",33.740546554453864,-118.29196661126579,2,7451026002,7451-026-002,,82,7451026002,685 W 4TH ST LOS ANGELES CA,685 W 4TH ST LOS ANGELES CA 90731,500,Residential - Five or more apartments,C2-1VL-CPIO,Commercial Very Limited Height Community Plan Implementation Overlay,28.0,GROSS ASSESSED,"$3,002,337.00",,2 SIOF 685 FOURTH ST LLC,8629 S VERMONT AVE,685.0,4TH,los-angeles,,0.11467,"2 SIOF 685 W Fourth St, LP, Delaware limited partnership",685 W. 4th St Apartments,Los Angeles,Los Angeles,"Grant up to $10,000 (Charitable Affordable Housing)",25-289,6/27/2025,"SoLa Impact, LLC",,Housing on Merit,,YES,,,28.0,27.0,0.9642857143,"$2,895,110.68",,,,,,,,,,,"$4,050",,,,,,685.0
727 S MARIPOSA AVE LOS ANGELES CA 90005-2069,"727 S MARIPOSA AVE, LOS ANGELES, CA, 90005-2069",fetched,99.3,"727 South Mariposa Avenue, Los Angeles, CA, 90005",34.05884159997728,-118.29879155147341,2,5094005005,5094-005-005,,85,5094005005,727 S MARIPOSA AVENUE LOS ANGELES CA,727 S MARIPOSA AVE LOS ANGELES CA 90005-2069,500,Residential - Five or more apartments,R5-2,Multiple Residential,40.0,GROSS ASSESSED,"$7,089,929.00",,MARIPOSA 20 LLC,345 N MAPLE DR,727.0,MARIPOSA,los-angeles,,0.18585,Mariposa 20 LLLP,Mariposa I Apartments,Los Angeles,Los Angeles,"Grant up to $10,000",25-492,10/10/2025,K3 Holdings,,"Kingdom Development, Inc.",,NO,,,40.0,40.0,1.0,"$7,089,929.00",,,,,,,,,,,"$6,000",,,,,,727.0
739 S NORMANDIE AVE LOS ANGELES CA 90005-2270,"739 S AVE RMANDIE, LOS ANGELES, CA 90005-2270",fetched,99.3,"739 South Normandie Avenue, Los Angeles, CA, 90005",34.05893481441237,-118.29988245003041,1,5094004005,5094-004-005,,86,5094004004,739 S NORMANDIE AVENUE LOS ANGELES CA,739 S NORMANDIE AVE LOS ANGELES CA 90005-2270,500,Residential - Five or more apartments,R5-2,Multiple Residential,32.0,GROSS ASSESSED,"$4,993,920.00",,739 NORMANDIE LLC,PO BOX 46342,739.0,NORMANDIE,los-angeles,,0.1728,739 Normandie LLLP,Normandie Apartments,Los Angeles,Los Angeles,"Approve application for proposed grant up to $10,000",25-458,9/19/2025,K3 Holdings,,"Kingdom Development, Inc.",,NO,,,32.0,32.0,1.0,"$4,993,920.00",,,,,,,,,,,"$4,800",,,,,,739.0
750 S MARIPOSA AVE LOS ANGELES CA 90005-2039,"750 S MARIPOSA AVE, LOS ANGELES, CA, 90005-2039",fetched,99.3,"750 South Mariposa Avenue, Los Angeles, CA, 90005",34.05871168543741,-118.2986590987692,2,5094006005,5094-006-005,,87,5094006003,750-752 S MARIPOSA AVENUE LOS ANGELES CA,750 S MARIPOSA AVE LOS ANGELES CA 90005-2039,500,Residential - Five or more apartments,R5-2,Multiple Residential,23.0,GROSS ASSESSED,"$6,547,652.00",,750 MARIPOSA LLC,PO BOX 46342,750.0,MARIPOSA,los-angeles,,0.18561,750 Mariposa LLLP,Mariposa III Apartments,Los Angeles,Los Angeles,"Grant up to $10,000",25-493,10/10/2025,K3 Holdings,,"Kingdom Development, Inc.",,NO,,,23.0,23.0,1.0,"$6,547,652.00",,,,,,,,,,,"$3,450",,,,,,750.0
7518 AGNEW AVE LOS ANGELES CA 90045-1006,"7518 AGNEW AVE, LOS ANGELES, CA, 90045-1006",fetched,99.3,"7518 Agnew Avenue, Los Angeles, CA, 90045",33.97252880263887,-118.4092536218237,2,4110025038,4110-025-038,,88,4110025040,7518 S HOOVER LOS ANGELES CA 90044,7518 AGNEW AVE LOS ANGELES CA 90045-1006,101,Residential - Single,R1V2,One Family Residential Variable Mass,1.0,GROSS ASSESSED,"$2,545,586.00",,EVANSFAITH R TR FAITH R EVANS FAMILY TR,7518 AGNEW AVE,7518.0,AGNEW,los-angeles,,0.14177,"BIF NON OZ 7518 S Hoover St, LP",7518 Hoover St. Apartments,Los Angeles,Los Angeles,"Grant up to $10,000",24-041,02/02/2024,"SoLa Impact, LLC",Black Impact Group,Housing on Merit,,,,,79.0,48.0,0.6075949367,"$1,546,685.16",,,,,,,,,,,"$11,850",,,,,,7518.0
7524 S HOOVER ST LOS ANGELES CA 90044-6008,"7524 S HOOVER ST, LOS ANGELES, CA, 90044-6008",fetched,99.3,"7524 South Hoover St, Los Angeles, CA, 90044",33.97146085178805,-118.28703377058727,1,6020022001,6020-022-001,,89,6020022025,7524 S HOOVER ST LOS ANGELES CA,7524 S HOOVER ST LOS ANGELES CA 90044-6008,109,Residential - Single,[Q]R3-1,Qualified Multiple Residential,0.0,GROSS ASSESSED,"$1,300,500.00",,2974 PROPERTIES INC AND,PO BOX 5569,7524.0,HOOVER,los-angeles,,0.32828,"PS 7518 Hoover St, LP",7524 S. Hoover St Apartments,Los Angeles,Los Angeles,"Grant up to $10,000",25-513,10/24/2025,California State Teachers’ Retirement System,,Housing on Merit,,,,,79.0,78.0,0.9873417722,"$1,284,037.97",,,,,,,,,,,"$11,850",YES,,,,,7524.0
7940 RESEDA BLVD RESEDA CA 91335-1927,"7940 RESEDA BLVD, RESEDA, CA, 91335-1927",fetched,100.0,"7940 Reseda Boulevard, Reseda, CA, 91335",34.214585081298374,-118.53601532414534,1,2102015002,2102-015-002,,90,2102015045,7940 RESEDA BOULEVARD RESEDA CA,7940 RESEDA BLVD RESEDA CA 91335-1927,501,Residential - Five or more apartments,R3-1,Multiple Residential,58.0,GROSS ASSESSED,"$17,952,000.00",,HACIENDA INVESTORS LP,15301 VENTURA BLVD STE B570,7940.0,RESEDA,los-angeles,,1.52936,Hacienda Investors LP,Pinetree Terrace Apartments,Los Angeles,Los Angeles,"Grant up to $10,000",24-220,6/7/2024,GHC Housing Partners,,Foundation for Affordable Housing,,,06/28/2024,"$17,600,000",58.0,58.0,1.0,"$17,952,000.00",,YES,,2102015045,,,,"5,715,513","2,251,812",,"$8,700",,,,,,7940.0
801 WATERLOO ST LOS ANGELES CA 90026-4039,"801 WATERLOO ST, LOS ANGELES, CA, 90026-4039",fetched,99.3,"801 Waterloo St, Los Angeles, CA, 90026",34.07565011919613,-118.26833478941153,1,5402028023,5402-028-023,,92,5402028023,801-809 WATERLOO STREET LOS ANGELES CA,801 WATERLOO ST LOS ANGELES CA 90026-4039,500,Residential - Five or more apartments,RD1.5-1VL,Restricted Density Multiple Dwelling Very Limited Height District,5.0,GROSS ASSESSED,"$1,387,200.00",,801 WATERLOO PARTNERS LP,4346 REDWOOD AVE UNIT 107,801.0,WATERLOO,los-angeles,,0.14461,"801 Waterloo Partners, LP",The Waterloo Apartments,Los Angeles,Los Angeles,"Grant up to $10,000",24-053,02/23/2024,The Greg Scott Company,,"Kingdom Development, Inc.",,,,,154.0,154.0,1.0,"$1,387,200.00",,,,5402028023,5402028022,5402028021,,,,,"$23,250",,,,,,801.0
808 S HOBART BLVD LOS ANGELES CA 90005-2777,"808 S HOBART BLVD, LOS ANGELES, CA, 90005-2777",fetched,99.3,"808 South Hobart Boulevard, Los Angeles, CA, 90005",34.05749249050996,-118.30527651120339,1,5093017031,5093-017-031,,94,5093017031,808 S HOBART BOULEVARD LOS ANGELES CA,808 S HOBART BLVD LOS ANGELES CA 90005-2777,055G,Residential - Five or more apartments,R4-2,Multiple Residential,49.0,GROSS ASSESSED,"$7,984,000.00",,808 S HOBART LLC,PO BOX 46342,808.0,HOBART,los-angeles,,0.39591,808 S Hobart LLLP,Ashby Apartments,Los Angeles,Los Angeles,"Approve application for proposed grant up to $10,000",25-450,9/19/2025,K3 Holdings,,"Kingdom Development, Inc.",,NO,,,49.0,49.0,1.0,"$7,984,000.00",,,,,,,,,,,"$7,350",,,,,,808.0
861 FEDORA ST LOS ANGELES CA 90005-2162,"861 FEDORA ST, LOS ANGELES, CA, 90005-2162",fetched,99.3,"861 Fedora St, Los Angeles, CA, 90005",34.05662874612688,-118.29769420897479,2,5094017016,5094-017-016,,97,5094017020,861 FEDORA STREET LOS ANGELES CA,861 FEDORA ST LOS ANGELES CA 90005-2162,500,Residential - Five or more apartments,R4-2,Multiple Residential,39.0,GROSS ASSESSED,"$9,710,053.00",,861 FEDORA LLC,PO BOX 46342,861.0,FEDORA,los-angeles,,0.27877,861 Fedora LLLP,Fedora Apartments,Los Angeles,Los Angeles,"Grant up to $10,000",25-488,10/10/2025,K3 Holdings,,"Kingdom Development, Inc.",,NO,,,39.0,39.0,1.0,"$9,710,053.00",,,,,,,,,,,"$5,850",,,,,,861.0
915 S KENMORE AVE LOS ANGELES CA 90006-1557,"915 S KENMORE AVE, LOS ANGELES, CA, 90006-1557",fetched,99.3,"915 South Kenmore Avenue, Los Angeles, CA, 90006",34.05541380214575,-118.29660081486644,2,5094023024,5094-023-024,,98,5094023025,915 S KENMORE AVENUE LOS ANGELES CA,915 S KENMORE AVE LOS ANGELES CA 90006-1557,500,Residential - Five or more apartments,R4-1,Multiple Residential,18.0,GROSS ASSESSED,"$2,950,157.00",,KENMORE LLC,345 N MAPLE DR STE 135,915.0,KENMORE,los-angeles,,0.14729,915 S Kenmore LLLP,Kenmore III Apartments,Los Angeles,Los Angeles,"Grant up to $10,000",25-490,10/10/2025,K3 Holdings,,"Kingdom Development, Inc.",,NO,,,18.0,18.0,1.0,"$2,950,157.00",,,,,,,,,,,"$2,700",,,,,,915.0
920 S GRAMERCY PL LOS ANGELES CA 90019-2141,"920 S GRAMERCY PL, LOS ANGELES, CA, 90019-2141",fetched,99.3,"920 South Gramercy Place, Los Angeles, CA, 90019",34.05511306847161,-118.31315052802996,2,5092023021,5092-023-021,,99,5092023021,920 S GRAMERCY PLACE LOS ANGELES CA,920 S GRAMERCY PL LOS ANGELES CA 90019-2141,550,Residential - Five or more apartments,R3-1,Multiple Residential,13.0,GROSS ASSESSED,"$2,756,721.00",,920 GRAMERCY UPWELL LLC,626 WILSHIRE BLVD STE 410,920.0,GRAMERCY,los-angeles,,0.17216,"920 Gramercy Upwell, LP, a Delaware limited partnership",The Eaves Apartments,Los Angeles,Los Angeles,"Grant up to $10,000 (Charitable Affordable Housing)",25-104,3/14/2025,Treehouse Community,,Butterfly’s Haven,,,,,13.0,13.0,1.0,"$2,756,721.00",,,,,,,,,,,"$2,500",,,,,,920.0
9300 COMPTON AVE XX LOS ANGELES CA 90002-2489,"9300 COMPTON AVE, XX LOS ANGELES, CA, 90002-2489",fetched,94.72,"9300 Compton Avenue, Los Angeles, CA, 90002",33.95237143012039,-118.24597193279068,2,6048022065,6048-022-065,,100,6048022067,9300 COMPTON AVE LOS ANGELES CA,9300 COMPTON AVE XX LOS ANGELES CA 90002-2489,010V,Residential - Single,R3-1,Multiple Residential,0.0,GROSS ASSESSED,"$595,337.00",,6 SIOF 9300 COMPTON AVE LLC,8629 S VERMONT AVE,9300.0,COMPTON,los-angeles,,0.20661,"6 SIOF 9300 Compton Ave, LP",9300 Compton Ave. Apartments,Los Angeles,Los Angeles,"Grant up to $10,000 (Charitable Affordable Housing)",25-284,6/27/2025,"SoLa Impact, LLC",,Housing on Merit,,YES,,,20.0,19.0,0.95,"$565,570.15",,,,,,,,,,,"$2,850",,,,,,9300.0
9301 CRENSHAW BLVD INGLEWOOD CA 90305-2943,"9301 CRENSHAW BLVD, INGLEWOOD, CA, 90305-2943",fetched,100.0,"9301 Crenshaw Boulevard, Inglewood, CA, 90305",33.952310551434365,-118.32656115617326,0,,,,101,4025014001,"9301 – 9609 CRENSHAW
BLVD INGLEWOOD CA",9301 CRENSHAW BLVD INGLEWOOD CA 90305-2943,400,Residential - Four Units (Any Combination),R-3,Residential Multiple Family,4.0,GROSS ASSESSED,"$1,345,000.00",,SV INGLEWOOD HOLDINGS LP,3111 CAMINO DEL RIO N STE 800,9301.0,CRENSHAW,los-angeles,,0.17763,"SV INGLEWOOD HOLDINGS, L.P., a California limited partnership",Stadium Village Apartments,Inglewood,Los Angeles,"Grant up to $10,000",24-361,8/30/2024,Community HousingWorks,,Community HousingWorks,,,,,80.0,80.0,1.0,"$1,345,000.00",,,,,,,,,,,"$12,000",,,,,,9301.0
941 S KENMORE AVE LOS ANGELES CA 90006-1558,"941 S KENMORE AVE, LOS ANGELES, CA, 90006-1558",fetched,99.3,"941 South Kenmore Avenue, Los Angeles, CA, 90006",34.054551079844934,-118.29659836708568,1,5094023030,5094-023-030,,102,5094023030,941 S KENMORE AVENUE LOS ANGELES CA,941 S KENMORE AVE LOS ANGELES CA 90006-1558,500,Residential - Five or more apartments,R4-1,Multiple Residential,24.0,GROSS ASSESSED,"$4,338,468.00",,941 S KENMORE LLC,PO BOX 46342,941.0,KENMORE,los-angeles,,0.15319,Kenmore 20 LLLP,Kenmore I Apartments,Los Angeles,Los Angeles,"Approve application for proposed grant up to $10,000",25-455,9/19/2025,K3 Holdings,,"Kingdom Development, Inc.",,NO,,,42.0,42.0,1.0,"$4,338,468.00",,,,,,,,,,,"$3,600",,,,,,941.0
9515 COMPTON AVE LOS ANGELES CA 90002-2330,"9515 COMPTON AVE, LOS ANGELES, CA, 90002-2330",fetched,99.3,"9515 Compton Avenue, Los Angeles, CA, 90002",33.9498462170557,-118.24620969936305,2,6048004027,6048-004-027,,103,6048004025,9515 COMPTON AVENUE LOS ANGELES CA,9515 COMPTON AVE LOS ANGELES CA 90002-2330,500,Residential - Five or more apartments,R3-1,Multiple Residential,0.0,GROSS ASSESSED,"$1,352,393.00",,6 SIOF 9515 COMPTON AVE LLC,8629 S VERMONT AVE,9515.0,COMPTON,los-angeles,,0.22116,"6 SIOF 9515 Compton Ave, LP",9515 Compton Ave. Apartments,Los Angeles,Los Angeles,"Grant up to $10,000 (Charitable Affordable Housing)",25-286,6/27/2025,"SoLa Impact, LLC",,Housing on Merit,,YES,,,21.0,20.0,0.9523809524,"$1,287,993.33",,,,,,,,,,,"$3,000",,,,,,9515.0
960 S OXFORD AVE LOS ANGELES CA 90006-1164,"960 S OXFORD AVE, LOS ANGELES, CA, 90006-1164",fetched,99.3,"960 South Oxford Avenue, Los Angeles, CA, 90006",34.05382371026373,-118.30736904560885,1,5080015003,5080-015-003,,104,5080015003,960 S OXFORD AVENUE LOS ANGELES CA,960 S OXFORD AVE LOS ANGELES CA 90006-1164,500,Residential - Five or more apartments,R4-1,Multiple Residential,73.0,GROSS ASSESSED,"$14,206,920.00",,960 S OXFORD LLC,11030 SANTA MONICA BLVD STE 300,960.0,OXFORD,los-angeles,,0.56148,960 S Oxford LLLP,Oxford III Apartments,Los Angeles,Los Angeles,"Approve application for proposed grant up to $10,000",25-461,9/19/2025,K3 Holdings,,"Kingdom Development, Inc.",,NO,,,73.0,73.0,1.0,"$14,206,920.00",,,,,,,,,,,"$10,950",,,,,,960.0
974 S GRAMERCY PL LOS ANGELES CA 90019-2169,"974 S GRAMERCY PL, LOS ANGELES, CA, 90019-2169",fetched,99.3,"974 South Gramercy Place, Los Angeles, CA, 90019",34.0531481028111,-118.31316507105772,27,5081032008,5081-032-008,,105,5081032007,974 S GRAMERCY PLACE LOS ANGELES CA,974 S GRAMERCY PL LOS ANGELES CA 90019-2169,500,Residential - Five or more apartments,R3-1,Multiple Residential,38.0,GROSS ASSESSED,"$7,216,214.00",,974 S GRAMERCY LLC AND,345 N MAPLE DR STE 135,974.0,GRAMERCY,los-angeles,,0.15762,Carson Gramercy LLLP // 974 S Gramercy LLLP,Gramercy Apartments,Los Angeles,Los Angeles,"Approve application for proposed grant up to $10,000",25-453,9/19/2025,K3 Holdings,,"Kingdom Development, Inc.",,NO,,,38.0,38.0,1.0,"$7,216,214.00",,,,,,,,,,,"$5,700",,,,,,974.0
975 S OXFORD AVE LOS ANGELES CA 90006-1167,"975 S OXFORD AVE, LOS ANGELES, CA, 90006-1167",fetched,99.3,"975 South Oxford Avenue, Los Angeles, CA, 90006",34.05352743492758,-118.30750008171889,1,5080008006,5080-008-006,,106,5080008006,975-985 S OXFORD AVENUE LOS ANGELES CA,975 S OXFORD AVE LOS ANGELES CA 90006-1167,500,Residential - Five or more apartments,R4-1,Multiple Residential,20.0,GROSS ASSESSED,"$3,420,921.00",,OXFORD 19 LLC,345 N MAPLE DR STE 135,975.0,OXFORD,los-angeles,,0.15572,Oxford 19 LLLP,Oxford I Apartments,Los Angeles,Los Angeles,"Approve application for proposed grant up to $10,000",25-460,9/19/2025,K3 Holdings,,"Kingdom Development, Inc.",,NO,,,60.0,60.0,1.0,"$3,420,921.00",,,,,,,,,,,"$9,000",,,,,,975.0
9830.0 RESEDA BLVD NORTHRIDGE CA 91324-2060,"9830.0 RESEDA BLVD RTHRIDGE, , CA 91324-2060",fetched,,,,,0,,,No geocode match,107,2764001013,9830 RESEDA BLVD NORTHRIDGE CA 91324,9830.0 RESEDA BLVD NORTHRIDGE CA 91324-2060,501,Residential - Five or more apartments,R3-1,Multiple Residential,68.0,GROSS ASSESSED,"$17,292,725.00",,WRPV XII CANDLEWOOD NORTHRIDGE LLC,30 S WACKER DR 36TH FL,9830.0,RESEDA,los-angeles,,1.13433,"Post Candlewood North, LP",Candlewood North Apartments,Los Angeles,Los Angeles,"Grant up to $10,000 (Charitable Affordable Housing)",25-117,4/4/2025,Post Investment Group,,Integrity Housing,,NO,,,189.0,189.0,1.0,"$17,292,725.00",1964,,,,,,,,,,"$28,350",,,,,,9830.0
